created_at,username,tweet
,,
7/22/2021 4:15,min__yoon_gi__,"['pjj', 'lagi', 'deh', 'enggak', 'ptm', 'terbatas', 'juga', 'gpp', 'ptm', 'gua', 'kaget', 'capek', 'dihajar', 'tugas', 'pembagian', 'jadwalxexxa']"
,,
7/22/2021 4:15,ndiahnzar_,jul tidak banyak perbezaan ditemui antara vaksin sinovac dan pfizer dalam penggunaan secara praktikal dg hisham 
,,
7/22/2021 4:15,syafri71,pemerintah bersama tni polri terus berupaya untuk membantu masyarakat di tengah pandemi covid berbagai upaya terus dilakukan untuk menekan penyebaran covid di indonesia salah satu contoh kecil sepei diberikannya vaksinasi gratis untuk seluruh masyarakat indonesia guna m 
,,
7/22/2021 4:15,paramaba,anjay udah vaksin
,,
7/22/2021 4:15,LMASAYOSHI,id pemberitahuan talent kami airani iofifteen diketahui terpapar oleh virus covid kondisi iofi stabil bergejala ringan 
,,
7/22/2021 4:15,alldayreall,kalangan epidemiolog dan pemantau pandemi menengarai pemerintah mengurangi jumlah pengetesan agar angka kasus harian covid 
,,
7/22/2021 4:15,sazpower,penceramah agama sebut covid konspirasi dan hoaks mufti ismail menk how can you 
,,
7/22/2021 4:15,zahid_brambang,tidak semua penyedia alat kesehatan tega ambil untung pada saat covid melonjak bahkan di pasar pramuka matraman jaka 
,,
7/22/2021 4:15,polsek_genuk,kapolri jenderal polisi drs listyo sigit prabowo terjun langsung memberikan bantuan sosial ppkm darurat dari pemerintah untuk masyarakat yang terdampak covid di wilayah jawa tengah penerapan ppkm level
,,
7/22/2021 4:15,Purwanto1101,jokowi klaim kasus covid turun dr eva karena jumlah tes berkurang drastis persen 
,,
7/29/2021 3:13,thegardenwell,tolong repo group telegram ni sebarkan gambar arwah mak sedara saya tanpa kebenaran waris berita palsu mak seda 
,,
7/29/2021 3:13,MaisarraAnuar,yb izzah menghadiri mesyuarat prosiding jawatankuasa kira kira wang negara pac berhubung perolehan vaksin covid 
,,
7/29/2021 3:13,babyitsreen,at least kj lepaslah tahap minimum jadi menteri buat kerja jawab soalan cuba kau bayangkan adham baba urus vaksin nak 
,,
7/29/2021 3:13,EdTaufiq,hulu langat kenapa program vaksin diketuai menteri mosti tapi lepas tengok prestasi menteri kesihatan saya insaf dan so 
,,
7/29/2021 3:13,Swisshhhhhh,tetep semangat buat pejuang covid sehat selalu yaaa 
,,
7/29/2021 3:13,hyonjennn,anjir demi vaksin gue sampe ke banyumanik 
,,
7/29/2021 3:13,_xxhidrolikseu,ceritanya mau vaksin adek umurnya berapa tahun aku tahun seketika bapaknya ngehuleng tarik ngelihat umur sama muka aku gak sinkron 
,,
7/29/2021 3:13,NS_Indah79,diamuk covid varian delta warga as wajib pakai masker lagi aturan wajib masker kembali diterapkan warga amerika serikat yang sudah menerima dua dosis vaksin covid kini perlu memakai maske di tempat umum 
,,
7/29/2021 3:13,brmstiadi,moderna jadi rebutan pejabat pejabat yg sama nyuruh kita percaya vaksin nusantara 
,,
7/29/2021 3:13,Jimbotiram,setelah ribu yang gugur juta dijangkiti akhirnya vaksin di niagakan dan boleh didapati di klinik berhampiran aku keliru samada nak menanagis bersyukur atau ledak baran tendang singki aku keliru 
,,
7/29/2021 3:13,ucuccx,org pandemi sekali lagi menunjukkan bahwa ketimpangan itu nyata rakyat miskin nyaris tak mungkin isoman ketat karena ting 
,,
7/29/2021 3:13,mita34325811,jml yg meninggal krn covid ribu jw rakyat boleh gugat caranya sebelum vaksin ke rs resmi utk rekam medis 
,,
7/29/2021 3:13,pelaritangguh,ibu anak nekat mencopet di antrean vaksin saya tidak punya uang anak saya minta makan 
,,
7/29/2021 3:13,heintje_han,gerombolan covid naik diam menyalahkan pemerintah pusat giliran covid turun muncul bak pahlawan kesiangan 
,,
7/29/2021 3:13,majipancake,dinkes wargi bandung silakan cek jadwal vaksin harian di fasilitas kesehatan di kota bandung pada gambar beriku 
,,
7/29/2021 3:13,Sintya0101,irjen toni hermanto bakal tindak tegas penyebar hoaks vaksin covid satu nusabangsa indonesia 
,,
7/29/2021 3:13,nbaaqi_,astaghfirullah corona tak pites lo ya km
,,
7/29/2021 3:13,imam_nuruzzaman,tuntutan kpk pd terdakwa korupsi bansos covid yg hanya tahun sgt mengecewakan ada jarak yg cukup jauh dari ancam 
,,
7/29/2021 3:13,luvyasyaliana,salut bgt vaksin di gor pakansari jam udah orang 
,,
7/29/2021 3:13,manonotmilea,hudhi sekali lagi ga henti mengingatkan perbaiki birokrasi dapet vaksin di luar jakaa nik kedobel lah st 
,,
7/29/2021 3:13,MudasirRomini,sudah tahun sampai sekarang ada umroh juga dari luar saudi tapi indonesia india srilanka bangladesh malaysia gak boleh masuk selain negara itu boleh masuk umroh asal ada bukti sudah di vaksin
,,
7/29/2021 3:13,Tribrata_RL,pemakaian masker ganda terus dianjurkan untuk mencegah penularan virus corona yang angkanya terus melonjak komitmen atasi pandemi 
,,
7/29/2021 3:13,KiddyUnited,tolong repo group telegram ni sebarkan gambar arwah mak sedara saya tanpa kebenaran waris berita palsu mak seda 
,,
7/29/2021 3:13,BIDHumas_SB,yang punya pengalaman dengan covid yuk berbagi pengalaman untuk memberi motivasi kepada saudara kita yang masih berjuang dan pengetahuan untuk yang belum terserang komitmen atasi pandemi 
,,
7/29/2021 3:13,neyzarariff,at least kj lepaslah tahap minimum jadi menteri buat kerja jawab soalan cuba kau bayangkan adham baba urus vaksin nak 
,,
7/29/2021 3:13,chocopeachjh14,ga jadi is vaksin nya pada abis 
,,
7/29/2021 3:13,kamelia_zahar,aduh keren bangeeet bapak ini gak punya hp tapi mau vaksin sedangkan yg punya hp follow akun teluuur 
,,
7/29/2021 3:13,msaid_didu,prodem aneh jokowi marah karena ada penumpukan vaksin tapi juta dosis malah terbuang sia sia 
,,
7/29/2021 3:13,asyrafnooh,siape belum dapat appointment vaksin lagi leh dm saya kl or selangor area only tempat cucuk dekat klcc 
,,
7/29/2021 3:13,Momomajeng,adityason kesaksian dari orang yg sudah divaksin petugas vaksinnya larang minum air kelapa abis vaksin untung dia tetap minum 
,,
7/29/2021 3:13,BasmiHamaBuzeRp,pemicu covid 
,,
7/29/2021 3:13,sangbima,masih rame aja sih gini lho mas mba ini perkara takdir jangan karena merasa tidak takut corona you orang bilang mati itu 
,,
7/29/2021 3:13,KrupuKKetan,brai vaksin aszen bekerja dengan cara fitnah ya 
,,
7/29/2021 3:13,Kelvin_Lusichi,campaign imeanza sasa mnataka kudanganywa vile nyinyi kama wakikuyu nyinyi kama waluhya nyinyi kama wakalenjin nyinyi 
,,
7/29/2021 3:13,ssupzecha,at least kj lepaslah tahap minimum jadi menteri buat kerja jawab soalan cuba kau bayangkan adham baba urus vaksin nak 
,,
7/29/2021 3:13,inshafiqahz,at least kj lepaslah tahap minimum jadi menteri buat kerja jawab soalan cuba kau bayangkan adham baba urus vaksin nak 
,,
7/29/2021 3:13,namdobal,vaksin apa enggak 
,,
7/29/2021 3:13,iqbalhafizon,alfansi jangan sampe donor kecewa dengan tata kelola vaksin di level domestik mas jadi co chair covax gavi teriak soal vaccines inequity tapi di dalam negeri malah sebaliknya 
,,
7/29/2021 3:13,krisnawan1977,polsek seltim berbagai dimasa pandemi corona
,,
7/29/2021 3:13,lovelychoding,bete ga jadi vaksin ke abisan kuota udah penuh padahal ku pagi dateng nya tetep ga kebagian 
,,
7/29/2021 3:13,opinidion,lagi dan lagi dapet kabar teman kerja di tempat lama meninggal akibat gagal nafas setelah sesak nafas beliau didiagnosis positif covid beliau koki yang asik baik hati dan suka becanda selalu jadi imam anak di mushola tempat kerja orang baik ditempatkan terbaik amin
,,
7/29/2021 3:13,bunk_zae,belum terkendali covid ri tambah kasus hari ini silahkan datang biar ditunjukin ke komuknya 
,,
7/29/2021 3:13,junkcok,pembatalan vaksin berbayar membuat kita belajar bacot di media sosial ada gunanya terutama jika kita hidup di negara yang p 
,,
7/29/2021 3:13,DitbinmasJateng,pemerintah bersama dengan tni polri saling bahu membahu dalam membantu masyarakat yang sedang berjuang dengan covid komitmen atasi pandemi 
,,
7/29/2021 3:13,bangko_polsek,lindungi diri dari penularan covid 
,,
7/29/2021 3:13,ketutsatriawan4,parfum terenak adalah pelukanmu dan vaksin terbaik adalah bibirmu
,,
7/29/2021 3:13,the_disc0_,moderna jadi rebutan pejabat pejabat yg sama nyuruh kita percaya vaksin nusantara 
,,
7/29/2021 3:13,herurief,gagal vaksin mergo e tiket belum keluar sabar sabar 
,,
7/29/2021 3:13,jen_l4u,pemerintah sediakan bagi yang mau jangan dipaksakan pak banyak kasus efek samping amp produsen vaksin menyatakan tidak akan tanggung jawab 
,,
7/29/2021 3:13,ANTARABengkulu,indonesia hasilkan teknologi olah dan daur ulang limbah medis covid antara news bengkulu 
,,
7/29/2021 3:13,hayatunsyahidah,info covid menambah varian baru halah bsns mulu terus aja nambah tuh varian said org yg ga pernah maskeran dia g sa 
,,
7/29/2021 3:13,nabilatiqah_,setiap tahun ada wabak yang ragut ribuan jutaan nyawa the great plague kole 
,,
7/29/2021 3:13,MOCHISUCK,mules besok w vaksin di sekolah tp gjls ada bus ke rumah eyang w apa kgk
,,
7/29/2021 3:13,MashesZ,pastikan anda sihat bebas daripada sebarang simptom dan tidak mempunyai kemungkinan dijangkiti covid sebelum hadir ke ppv 
,,
7/29/2021 3:13,Bon9kar_Politik,politisi pdip itu berpendapat penanganan covid adlh momentum untuk menjalin dan mewujudkannya tidak hanya antara pemeri 
,,
7/29/2021 3:13,PolresKepahiang,kepala badan pemelihara keamanan kepolisian negara republik indonesia komjen pol drs arief sulistyanto meninjau shelter atau tempat isolasi terpusat bagi pasien covid komitmen atasi pandemi 
,,
7/29/2021 3:13,Zlhlm98,covid menurut laporan rasmi lebih satu juta rakyat malaysia sudah dijangkiti covid ini bermakna juta belu 
,,
7/29/2021 3:13,syreiiqa,seharian ga aktif ig kirain ada apa eh ternyata nunggu giliran vaksin jam sksk
,,
7/29/2021 3:13,RozmalMalakan,pulse oximeter adalah alat yang digunakan untuk memantau kadar denyutan jantung dan paras oksigen dalam darah paras oksigen normal adalah di antara dan kadar denyutan jantung normal adalah di antara seminit 
,,
7/29/2021 3:13,OnyHafiedz,vaksin gratis az di citos sampai juni nih gengs boleh ktp non dki minimal tahun buka jam first come fi 
,,
7/29/2021 3:13,DaniCicadasBdg,juta vaksin terbuang harus diaudit jam setelah rmol terbitkan tersebut cnn revisi judul 
,,
7/29/2021 3:13,ArifNugroho_tpm,percuma sia sj biarpun ri yg minta ke salman g bakal didengar beresin dulu covid di ri agar dunia percaya mana ada negara yg mau teular covid pusat papua tni au
,,
7/29/2021 3:13,nyctophilickid,untuk kesekian kalinya ivermectin tidak mengelakkan dan atau rawatan jangkitan covid setakat ini jangan ganggu kami y 
,,
7/29/2021 3:13,foryutachanyeol,iya tadi liat di tl bapaknya udah tua banget tapi semangat vaksin ikutan terharu makanya
,,
7/29/2021 3:13,iantrucker,daftar kegiatan di yang harus tunjukin seifikat vaksin akad nikah semua keluarga amp tamu salon barbershop 
,,
7/29/2021 3:13,Arie71733194,orang orang sepei inilah yg harus dipikirkan negeri ini dia mungkin ngga punya gadget untuk mengakses vaksin online t 
,,
7/29/2021 3:13,MINNALfm,malaysia pergerakan hari taburan kes covid mengikut daerah di malaysia setakat julai 
,,
7/29/2021 3:13,radiumy,pln id electrizen di tengah pandemi covid saat ini pasokan oksigen sangat dibutuhkan rumah sakit karenanya terus menjaga k 
,,
7/29/2021 3:13,KediriRes,kepala badan pemelihara keamanan kepolisian negara republik indonesia komjen pol drs arief sulistyanto meninjau shelter atau tempat isolasi terpusat bagi pasien covid komitmen atasi pandemi 
,,
7/29/2021 3:13,THEOFRVLTN,indonesia diprediksi akan menjadi negara terakhir di dunia yang keluar dari krisis pandemi covid jika tidak ada kebijaka 
,,
7/29/2021 3:12,hidayahchaa,siapa vaksin kita gang dah ada baju ke belom ni cantik 
,,
7/29/2021 3:12,_aunihannani,hi saya daniel saya seorang oku penghidap cerebral palsy kehilangan ibu bapa sejak baby lg saya habis sekolah menen 
,,
7/29/2021 3:12,RasutiR,prodem aneh jokowi marah karena ada penumpukan vaksin tapi juta dosis malah terbuang sia sia 
,,
7/29/2021 3:12,anakodok2009,kemenkes setelah isolasi mandiri tidak perlu tes pcr lagi atau menunggu hasil pcr negatif karena sudah tidak menularkan vi 
,,
7/29/2021 3:12,mcflluwy,sinkonk hah aku udh vaksin kok
,,
7/29/2021 3:12,tinamatinah,mematuhi protokol kesehatan adalah hal yang sangat wajib dilakukan untuk melawan covid yang akan kita taklukkan komitmen atasi pandemi 
,,
7/29/2021 3:12,christiana_dewi,sebarkan kali aja masih ada yg belum paham biar gk gampang nyungsep di jurang hoax vaksin berisi virus bagiannya yg dipret 
,,
7/29/2021 3:12,AKhotim,mila vaksin astrazeneca tidak menggunakan tripsin babi tidak ada hukum darurat yg perlu dipermasalahkan utas karena bany 
,,
7/29/2021 3:12,nfrshn,tolong repo group telegram ni sebarkan gambar arwah mak sedara saya tanpa kebenaran waris berita palsu mak seda 
,,
7/29/2021 3:12,Ilyasdomenick,ini penampakan buku oranye berisi tulisan tangan juliari soal pembagian kuota bansos covid 
,,
7/29/2021 3:12,92sguitarist,guys put your mask on ga usah kemana mana kalo ga penting minum vitamin jaga kesehatan biar corona cepet selesai e 
,,
7/29/2021 3:12,momoktomok,bm ketua pemuda ph dalam keadaan kritikal lepas dijangkiti covid 
,,
7/29/2021 3:12,Nurbilla_,hulu langat kenapa program vaksin diketuai menteri mosti tapi lepas tengok prestasi menteri kesihatan saya insaf dan so 
,,
7/29/2021 3:12,__roxxanne,at least kj lepaslah tahap minimum jadi menteri buat kerja jawab soalan cuba kau bayangkan adham baba urus vaksin nak 
,,
7/29/2021 3:12,sayatyaaa,aku yg mau vaksin tp masih harus medical checkup dulu dll ditambah saat spt ini rs lg ga kondusif harus nunda lagi kalian yg tinggal brgkt aja masih susah 
,,
7/29/2021 3:12,iam_zelt,rahadian nkri deva kafir nusantara berekor ardi arnoldii kafirnw mae priyo jk ras bosnia itu dulunya muslim ga lihat pasukan muslim ss bentukan nazi 
,,
7/29/2021 3:12,Barokahaamiin,bole kakak obatnya kakak kontroversi obat terapi covid 
,,
7/29/2021 3:12,SimonWamukota76,dira wizara ya afya imezidi kutoa onyo kwa wakenya kuepuka mikusanyiko ya kisiasa ikisema kenya isipotahadhari huenda 
,,
7/29/2021 3:12,Bon9kar_Politik,orang orang sepei inilah yg harus dipikirkan negeri ini dia mungkin ngga punya gadget untuk mengakses vaksin online t 
,,
7/29/2021 3:12,bangko_polsek,hindari penularan covid 
,,
7/29/2021 3:12,dio_nga,alhamdulilah sudah di vaksin pak diluar sana masih banyak orang bodoh dengan cara berpikir primitif amp kurangnya pemahaman akal sehat yg menolak di vaksin atau mungkin yg menolak itu sadar diri bahwa vaksin hanya diperuntukan buat manusia 
,,
7/29/2021 3:12,vihiiin,min aku cek persyaratan perjalanan domestik di jkt banjarmasin skrg udah gak pake surat keterangan perjalanan cukup vaksin pcr dan ehac apa betul min tolong dibantu terimakasih
,,
7/29/2021 3:12,Wisnoe19_,sehubungan dgn masa pandemik ketua dpr puan maharani jg meminta asn harus proaktif bisa menjadi solusi atas berbagai p 
,,
7/29/2021 3:12,rutan1medan,laksanakan bakti sosial kumham peduli kumham berbagi rutan kelas medan bagikan paket bantuan bagi masyarakat sekitar yang terdampak covid 
,,
7/29/2021 3:12,humaspolsekkpt,polsek bwi posko ppkm adalah ikhtiar dalam memastikan perekonomian masyarakat terap berjalan ditengah 
,,
7/29/2021 3:12,choiyaaaa,yup boleh jadi lepas vaksin even ko rasa tak ada simptom ko still kena rehat bnyak dia senang trigger
,,
7/29/2021 3:12,MINNALfm,kes baharu mengikut kategori 
,,
7/29/2021 3:12,fauzii_khsan,vaksin ulang ges minimal az yg diterima eropa
,,
7/29/2021 3:12,mnctrijaya,ketua dpd ri aa lanyalla mahmud mattalitti kembali menegaskan dukungan untuk vaksin nusantara 
,,
7/29/2021 3:12,snurulmawaddah_,kemaren dah diatur abis sempro harus vaksin jgn tunda eh ternyata ribet astagaaa
2022-02-02 04:10:29+00:00,MembacaSatu,virus corona tiba hilang amp lenyap di hari raya imlek hadir amp berkerumun tanpa prokes sdh dicontohkan oleh jokowi virus c 
2022-02-02 04:10:22+00:00,SuaraRa60576371,virus corona tiba hilang amp lenyap di hari raya imlek hadir amp berkerumun tanpa prokes sdh dicontohkan oleh jokowi virus c 
2022-02-02 04:10:21+00:00,22Kltn,pelda wiradi babinsa desa bulan koramil wonosari kodim klaten melaksanakan komsos bersama perangkat desa di kantor desa bulan kecamatan wonosari kabupaten klaten jalin sinergitas amp hinbau prokes upaya cegah penyebaran covid diwilayah binaan 
2022-02-02 04:10:16+00:00,dindapu19910437,bpom lampung jamin vaksin booster aman prokes tangkal omicron 
2022-02-02 04:10:15+00:00,sunatlaserbeam,ya allah rb kasus harian aku khawatir sama siswa mahasiswa yang saat ini lagi tatap muka sih apalagi banyak yg belum pada v 
2022-02-02 04:10:13+00:00,HurryKoRn,dimas riverheaven id jamgam cuma ss judul baiknya tampilkan link nya juga bro isinya bukan menghambat amp itu senada dg muhammadiyah kok saama mendukung program vaksin booster 
2022-02-02 04:10:11+00:00,HumasPolsekBgl,jangan malas pakai masker pandemi covid belum berakhir 
2022-02-02 04:10:08+00:00,ucayaaa,intinya jangan sampai virus bs masuk ke badan kita dg menutup pintu masuknya pake masker dan prokes lain bentengi imun spesifik 
2022-02-02 04:10:05+00:00,rst_soedjono,ayoo vaksin booster bagi masyarakat kab kota magelang khususnya lansia silahkan datang di rumkit tk ii dr soedjono dengan syarat sudah melakukan vaksinasi dan vaksin aman amp halal gratis hari rabu kamis dan jumat pukul wib jaya kesehatan angkatan darat 
2022-02-02 04:10:05+00:00,lpkaternate_,bersama puskesmas kota ternate bekerjasama dengan badan intelejen negara daerah maluku utara lpka ternate kemenkumham malut laksanakan kegiatan vaksinasi covid kepada andikpas baca selengkapnya di 
2022-02-02 04:10:04+00:00,apreiskagilang,tidak ada tempat tidur untuk picu pediatric intensive care unit atau ruang perawatan intensif untuk anak anak khusus co 
2022-02-02 04:10:04+00:00,jpnncom,kasus aktif di jakaa hingga selasa malam naik sebanyak kasus sehingga jumlah kasus aktif atau orang yang dirawat kini mencapai 
2022-02-02 04:10:03+00:00,KompasTV,badan pom terbitkan izin penggunaan darurat vaksin sinopharm untuk booster 
2022-02-02 04:10:03+00:00,ucayaaa,ini virus ngeri bener mereka udah ga peduli sama paru manusia tp tujuan penyerangannya mulai bergeser seolah olah nemu cara 
2022-02-02 04:09:59+00:00,tidaksemampaii_,oh booster ka kalo boleh tau itu jangka waktu dari vaksin ke berapa lama ka 
2022-02-02 04:09:54+00:00,chaatriex,corona sdng libur imlek 
2022-02-02 04:09:52+00:00,SakiinaQhiCO_33,guna mewaspadai penyebaran varian omicron presiden menekankan kepada jajaran tni polri untuk terus menggencarkan ge 
2022-02-02 04:09:49+00:00,KualuhHulu,pers polsek kualuh hulu melaksanakan pam monitor pelaksanaan vaksinasi covid yang ada diwilayah hukum polsek kualuh hulu rabu pkl wib 
2022-02-02 04:09:49+00:00,MinC900,vaksin covid untuk anak telah teruji dan terjamin keamanannya waspadai provokasi kelompok kepentingan terkait kasus meninggalnya anak pasca mengikuti vaksinasi covid prokes tangkal omicron 
2022-02-02 04:09:48+00:00,PolsekBabelan,vaksinasi merdeka anak polres metro bekasi kompol sutrisno se kapolsek babelan didampingi wakapolsek akp saiful anwar dan bhabinkamtibmas kelurahan kebalen aiptu mislan melakukan monitoring pengamanan giat vaksin anak dosis rabu 
2022-02-02 04:09:47+00:00,yagapapakok,seifikat vaksin internasional kini telah tersedia di aplikasi pedulilindungi seifikat ini telah sesuai d 
2022-02-02 04:09:45+00:00,karawang_online,tekan angka penyebaran covid di kota bekasi polres metro bekasi kota membubarkan sejumlah tempat hiburan malam thm di wilayah kota bekasi 
2022-02-02 04:09:42+00:00,HeyyFarahhhh,bln lalu temen bilang far gw jg ada ai sama kek elu tp gw vaksin n baik aja tuh sekarang ampun deh sebulan ini gw udah kena flu x meriang trs badan gw makin sering lemes me mpooshh lu kata efeknya itu langsung ada jg yg setelah beberapa bulan n tahun kalik 
2022-02-02 04:09:40+00:00,jeonggukpaiting,deja vu ntar ketemu temen lagi pas vaksin ke kek wkt vaksin amp 
2022-02-02 04:09:39+00:00,ameroseeatp,ini virus ngeri bener mereka udah ga peduli sama paru manusia tp tujuan penyerangannya mulai bergeser seolah olah nemu cara 
2022-02-02 04:09:37+00:00,nurrazif,jakaa nah ini banyak yg salah kaprah udah di vaksin kok masih bisa kena covid yang penting prokes nya jangan kendor dah 
2022-02-02 04:09:34+00:00,tvOneNews,bpom kasih lampu hijau vaksin sinopharm untuk booster 
2022-02-02 04:09:33+00:00,tvOneNews,kota bekasi capai kasus covid pembelajaran tatap muka dihentikan sementara 
2022-02-02 04:09:28+00:00,MinC900,mewaspadai provokasi kelompok kepentingan terkait penolakan vaksin karena vaksin covid yang telah dipilih pemerintah telah teruji dan terjamin keamanannya prokes tangkal omicron 
2022-02-02 04:09:25+00:00,gettinzeno,ini virus ngeri bener mereka udah ga peduli sama paru manusia tp tujuan penyerangannya mulai bergeser seolah olah nemu cara 
2022-02-02 04:09:24+00:00,hidupsquidward,selamat sore sehubungan dgn meningkatnya covid saya amp team menawarkan kpd tmn saudara yg terpapar covid amp ingin peraw 
2022-02-02 04:09:23+00:00,mistenpolsek,ayo sukseskan vaksinasi covid bagi anak tahun bersama jaga nkri 
2022-02-02 04:09:21+00:00,drjeffaloys,sah sinopharm jadi vaksin booster di indonesia nb sementara untuk yg vaksin primer dengan sinopharm juga alias booster homolog ya 
2022-02-02 04:09:20+00:00,bembeast,saya muak sama ceramah hoaks alfian tanjung saya lebih muak lagi sama kinerja aparat yang kerap menyepelekan aduan netize 
2022-02-02 04:09:19+00:00,cannadiawn,ya allah rb kasus harian aku khawatir sama siswa mahasiswa yang saat ini lagi tatap muka sih apalagi banyak yg belum pada v 
2022-02-02 04:09:16+00:00,Vie__DonnaForte,hukum prokes berlaku hanya utk manusia virus covid takut sm pangeran 
2022-02-02 04:09:14+00:00,ptengki,sudah divaksin sdh m masyarakat harus disiplin bagaimana lagi apa yg harus dilakukan masyarakat lagi utk menyudahi pandemi ini atau jangan cuma bisa menyalahkan masyarakat dan tak punya solusi apa selain vaksin dan m 
2022-02-02 04:09:12+00:00,IluveB_,ya allah rb kasus harian aku khawatir sama siswa mahasiswa yang saat ini lagi tatap muka sih apalagi banyak yg belum pada v 
2022-02-02 04:09:05+00:00,enjel02hebeun,jengking ppkm di jawa bali kembali diperpanjang hingga februari kebijakan pemerintah untuk mencegah penyebran covid 
2022-02-02 04:09:05+00:00,warmspotlight,vaksin booster astra zenecca done gak kerasa apa sejak disuntik sampe skrg tapi hubby langsung kerasa pegel selepas disuntik pdhl rencananya blio mao ngurus kebun abis plg vaksin gagal deh krn tangannya pegel bgt gpp lah istirahat ujan juga pasti di kebun jg ujan 
2022-02-02 04:09:03+00:00,curahanhatinim,klo ada negara ke yg serem utk dikunjungi di saat pandemi it will be usa open border gak ada kewajiban karantina setelah masuk negaranya plus di sana orangnya semau gue pada ga mau pake masker ga mau vaksin 
2022-02-02 04:09:02+00:00,pikiran_rakyat,pemkot bogor hentikan seluruh ptm tiga langkah cepat disiapkan satgas covid 
2022-02-02 04:09:01+00:00,jiminsea95,data bts members rankings jimin jungkook taehyung jin yoongi rm jhope jimin s positivity ratio 
2022-02-02 04:08:57+00:00,enjel02hebeun,jengking presiden mengingatkan seluruh masyarakat untuk waspada terhadap ancaman covid varian omicron yang sudah mula 
2022-02-02 04:08:56+00:00,nuraeni_ely,gubernur jawa timur sngt optimis amp siaap menjdi org peama yg menerima booster vaksin merah putih
2022-02-02 04:08:53+00:00,GilangPrimanda7,seifikat vaksin internasional kini telah tersedia di aplikasi pedulilindungi seifikat ini telah sesuai d 
2022-02-02 04:08:53+00:00,kesygnmertua,bangga kita dengan pengatur kebijakan konsep sederhana yg ditentang masyarakat malah membawa perubahan positif bagi rakyat selama pandemi covid 
2022-02-02 04:08:46+00:00,berlinputras,badai covid liga belum reda pss sleman laporkan pemain positif dan jalani karantina 
2022-02-02 04:08:42+00:00,tribunmedan,ternyata begini efek samping vaksin sinopharm yang dijadikan booster via 
2022-02-02 04:08:40+00:00,neyrashazeyra,aku harap orang macam ni kalau sakit kritikal atau dah nazak nanti xpayah la pi hospital ubat pun tolak vaksin pun tolak biar je la mati naturally gituh 
2022-02-02 04:08:39+00:00,toothfairrryyy,kurang tau nder tapi setauku gaboleh ada yg masuk selama puasa saranku mending gausah puasa dulu biasanya kan ada efek samping setelah vaksin
2022-02-02 04:08:38+00:00,NaviSidhu0077,singh ji insan 
2022-02-02 04:08:36+00:00,Pol4rist4r,my husband plak x bg booster dulu tunggu lepas beranak sbb mas st dose dah keguguran btw kami family dah pernah kena covid alhamdulillah cat sahaja walaupun masa tu x vaksin lagi 
2022-02-02 04:08:29+00:00,CanisMajorAlpha,anak belom tinggi cakupan vaksin belom semua kategori umur masuk belom banyak dosis komplit jumlah bed picu memang tidak banyak ngei ga goblok 
2022-02-02 04:08:27+00:00,aiamladahitam,huhuu gumawooo jjur w udah cape vaksin tp gk dapet ap apaa pkm w pelit bgt makanya pengen cepet rs aja tp takut jg udah mulai naik omnicornnn 
2022-02-02 04:08:18+00:00,FatakhurojiP,hanya umat islam yang jadi sasaran seolah penyebaran virus corona sumbernya dari perayaan hari besar islam saja ini disk 
2022-02-02 04:08:17+00:00,PutraRjw,vaksin covid terbukti secara medis aman untuk anak prokes tangkal omicron 
2022-02-02 04:08:16+00:00,sendioramadhan,mendengar percakapan anak sd gue abis vaksin goyang goyang beuh enaak 
2022-02-02 04:08:14+00:00,dyblueskymark,ya allah rb kasus harian aku khawatir sama siswa mahasiswa yang saat ini lagi tatap muka sih apalagi banyak yg belum pada v 
2022-02-02 04:08:13+00:00,satukanalcom,mania bikin filter instagram untuk dukung tim macan putih dari rumah mulai meningkatnya kasus positif covid di baca selengkapnya 
2022-02-02 04:08:10+00:00,mihrabku,saya gak share rekening bank ya karena saya kelola anak anak yatim mengelola sendiri kalau ada rezeki santunan kalau tak ada ya ditunda alhamdulillah sudah jalan tiga tahun selama ada pandemi corona per jumat 
2022-02-02 04:08:04+00:00,BigGuzz,menuju tahun covid kementerian kesehatan mengumumkan indonesia resmi masuk gelombang ketiga jadi gini kata preside 
2022-02-02 04:08:04+00:00,herald_id_,ppkm diperpanjang di seluruh indonesia begini aturan terbarunya 
2022-02-02 04:08:02+00:00,caeriszen,ya allah rb kasus harian aku khawatir sama siswa mahasiswa yang saat ini lagi tatap muka sih apalagi banyak yg belum pada v 
2022-02-02 04:08:01+00:00,777__lovesite,dinas kesehatan pesawaran mempercepat vaksinasi tahap satu kepada masyarakat hal itu sebagai upaya pencegahan penyebaran covid varian omicron 
2022-02-02 04:08:00+00:00,kompascom,tonga akan memasuki situasi lockdown akibat covid pada rabu ini hal ini terjadi setelah virus corona terdeteksi di negara kecil dekat selandia baru itu 
2022-02-02 04:07:59+00:00,BalonkuLim15,blackangel cipeng yg vaksin rerata karena dipaksa gak bisa ini itu kalau gak vaksin jd mereka yg mentalnya lemah memilih vaksin aja 
2022-02-02 04:07:57+00:00,ShibaToTheMoon,semenjak ada bisnis pcr entah kenapa mulai agak ragu kalo corona masih ada beneran ada atau cuma diadakan biar bisnisnya lancar 
2022-02-02 04:07:56+00:00,peceyongs,kita ga butuh vaksin kita pakai imun alami saja anugrah tuhan makan bergizi istirahat cukup bahagia dan tidak panik n 
2022-02-02 04:07:53+00:00,aktualofficial,lulus uji bpom sinopharm jadi vaksin booster covid ke di indonesia 
2022-02-02 04:07:48+00:00,PutraRjw,dokter rsnd vaksin covid sebagai perlindungan awal bagi anak prokes tangkal omicron 
2022-02-02 04:07:48+00:00,RonnyJ83,virus corona tiba hilang amp lenyap di hari raya imlek hadir amp berkerumun tanpa prokes sdh dicontohkan oleh jokowi virus c 
2022-02-02 04:07:48+00:00,pmi_tangerangct,hasil vote warga yang membuat kami untuk terus semangat mengadakan vaksinasi covid ayo vaksin di pmi kota tangerang atau di tempat vaksin terdekat di daerahmu ya 
2022-02-02 04:07:47+00:00,wongkalibanteng,marufamin tahun baru imlek sangat lekat dengan suasana kekeluargaan yang hangat dan penuh kegembiraan dalam menghadapi berbagai 
2022-02-02 04:07:44+00:00,Polresta_Bms,vaksinasi mobile polresta banyumas layanan jemput bola vaksinasi covid kepada lansia guna percepatan herd immunity banyumas poldajateng banyumas 
2022-02-02 04:07:38+00:00,dieseljbl21,virus corona tiba hilang amp lenyap di hari raya imlek hadir amp berkerumun tanpa prokes sdh dicontohkan oleh jokowi virus c 
2022-02-02 04:07:38+00:00,bukuastronomi,tahun lalu moderna dengan teknologi mrna nya berhasil membuat vaksin hiv yg mentrigger respon sistem imun termasuk sel b 
2022-02-02 04:07:35+00:00,PutraRjw,hasil investigasi kipi terkait meninggalnya bocah usia tahun usia vaksin covid prokes tangkal omicron 
2022-02-02 04:07:35+00:00,bakulgerih,belum vaksin ke boleh g pakai booster ya 
2022-02-02 04:07:35+00:00,drjeffaloys,sah sinopharm jadi vaksin booster untuk yg vaksin primer dengan sinopharm juga alias booster homolog ya 
2022-02-02 04:07:33+00:00,wow_keren,kesha ratuliu nyesek kabarkan suami dan anaknya positif covid 
2022-02-02 04:07:32+00:00,agendadaily,jangkitan kes aktif covid melonjak prn semakin dekat 
2022-02-02 04:07:26+00:00,Lutfinn_Na,menteri bumn memberikan apresiasi terhadap tenaga kesehatan asal sukabumi jawa barat yg telah berjuang di masa 
2022-02-02 04:07:23+00:00,AkhmadDimyati13,virus corona tiba hilang amp lenyap di hari raya imlek hadir amp berkerumun tanpa prokes sdh dicontohkan oleh jokowi virus c 
2022-02-02 04:07:21+00:00,djpl_ksopfakfak,saat ini kasus positif covid kembali meningkat jangan sampai kita lengah dan tetap jalankan protokol k 
2022-02-02 04:07:21+00:00,KinaAntani,vaksin covid terbukti secara medis aman untuk anak prokes tangkal omicron 
2022-02-02 04:07:20+00:00,RAISYAELBIX1s,bawah kemana sebelum corona babeku sudah tak kelilingke malaysia lanjut umroh ke saudi 
2022-02-02 04:07:18+00:00,Zal_Toha,anomali awalnya mereka sesumbar vaksin menghentikan transmisi failed vaksin untuk herd immunity failed vaksin mengu 
2022-02-02 04:07:15+00:00,sunsyndrom,ya allah rb kasus harian aku khawatir sama siswa mahasiswa yang saat ini lagi tatap muka sih apalagi banyak yg belum pada v 
2022-02-02 04:07:12+00:00,happystanexo,ya allah rb kasus harian aku khawatir sama siswa mahasiswa yang saat ini lagi tatap muka sih apalagi banyak yg belum pada v 
2022-02-02 04:07:10+00:00,chris_badak93,aku teh niat bikin paspor dr tp gagal dapet antrian mulu br dapet antrian feb eh corona 
2022-02-02 04:07:05+00:00,KinaAntani,dokter rsnd vaksin covid sebagai perlindungan awal bagi anak prokes tangkal omicron 
2022-02-02 04:07:03+00:00,MaulanaYusufpr8,virus corona tiba hilang amp lenyap di hari raya imlek hadir amp berkerumun tanpa prokes sdh dicontohkan oleh jokowi virus c 
2022-02-02 04:06:59+00:00,chcltpowder,efek vaksin kah gw lupa hari jadinya salah baju 
2022-02-02 04:06:57+00:00,iamrafliartaa12,jakaa jangan janlup vaksin itu ga bakal bikin lo kebal penyakit sama halnya dengan helm ga bakal bikin lo ga bisa jatoh da 
2022-02-02 04:06:55+00:00,haloindonesia88,jakaa menteri komunikasi dan informatika johnny g plate memerintahkan pembatasan kerja di kantor sea penerapan work from home wfh secara bergantian sesuai dengan perkembangan kasus covid dan kondisi kesehatan sivitas 
2022-02-02 04:06:53+00:00,KinaAntani,hasil investigasi kipi terkait meninggalnya bocah usia tahun usia vaksin covid prokes tangkal omicron 
2022-02-02 04:06:49+00:00,muhammadinejad,virus corona tiba hilang amp lenyap di hari raya imlek hadir amp berkerumun tanpa prokes sdh dicontohkan oleh jokowi virus c 
2022-02-02 04:06:42+00:00,iswanheri,ini virus ngeri bener mereka udah ga peduli sama paru manusia tp tujuan penyerangannya mulai bergeser seolah olah nemu cara 
2022-02-02 04:06:41+00:00,cintasyan_,ini virus ngeri bener mereka udah ga peduli sama paru manusia tp tujuan penyerangannya mulai bergeser seolah olah nemu cara 
