date,tweet
2022-01-30 23:41:43+00:00,"PJJ lgi aja deh, atau gk ptm terbatas jg  ptm bikin gua kaget capek dihajar tugas pembagian jadwal"
2022-01-30 23:23:30+00:00,sedih mulai mingdep udah mulai ptm terbatas lagi :(('
2022-01-30 23:22:20+00:00,"Sekolah anak saya tidak ada PTM hari ini krn ada vaksin dosis ke 2 kelas 3,4, dan 5 infonya. Bukan karena lonjakan kasus. Kamis bsk kembali PTM seperti jadwal sebelumnya. Saya sebagai orang tua juga keberatan dengan info yg serba dadakan dr pihak sekolah."
2022-01-30 23:18:37+00:00,"Ptm baru minggu ke 3 tapi udah capek bangetTugas kelompok terus menerus, habis itu belajar cepet'"
2022-01-30 22:49:20+00:00,Mulai Minggu depan sekolahku PTM  terbatas lagi aaaa
2022-01-30 22:42:48+00:00,Semangat pagi utk PTM TERBATAS 
2022-01-30 22:42:12+00:00,"horor banget, bangun pagi di kasih info minggu depan mulai ptm terbatas"
2022-01-30 18:01:12+00:00,"Semua tergantung orang tuanya, cabut anak suruh daring, jika sekolah marah krn anaknya daring laporkan pihak sekolah kepolisi bila perlu kadisdikbudnya laporkan juga, ndak usah repot, anak saya wlu sekolah wajib PTM, sdh 2 th ini ttp Daring, itu hak saya sbg orng tua."
2022-01-30 17:28:15+00:00,sekolah rin balik ke 50% ptm gegara ada yg c word. trs hari ini rin milih buat ga masuk sekolah krn takut
2022-01-30 16:05:50+00:00,"Anak saya yg SD belum saya bolehkan untuk masuk sekolah (PTM). Sedihnya, sekolah ""katanya"" sudah meniadakan daring, karena sudah PTM 100%...Diperbolehkan sih nggak ikut PTM, hanya dikasih tugas harian saja.."
2022-01-30 15:21:04+00:00,"Saya usul tetap PTM. Argumentasi saya : - Yg boleh PTM adalah anak yg sudah divaksin. - Yg PTM orangtuanya harus sudah vaksin lengkap. - Protokol kesehatan di sekolah bisa diawasi - 1,5 tahun sekolah online memperlihatkan ketimpangan pendidikan yg parah. Cukup, jangan lagi"
2022-01-30 15:11:44+00:00,"beberapa waktu lalu saya minta kakak saya agar keponakan saya gak usah PTM... minta tugas atau apapun itu sama gurunya.... barusan kasih kabar, lebih dari 40 orang tua melakukan hal yang sama... selamatkan anak anak kita.."
2022-01-30 15:09:32+00:00, Aku kemaren kemaren sebelum ptm begadang terus sampe dini hari tp semenjak ptm badan jadi capek bgt
2022-01-30 15:09:05+00:00,"Sekolah anak sy juga ngga berani hentikan ptm, sampai kmrn ada anak yg positif covid sekeluarga, baru ptm dihentikan, tp cuma sementara. Pejabatnya tenang2 aja, mungkin mikirnya: ah yang kena anak2 ini, bukan saya.."
2022-01-30 14:36:54+00:00,"@subschfess Klo pjj mkn ku teratur soalny plang kmpung ada ibu yg masak,klo ptm jdi anak kos2an mles masak mau beli rugii wkwk"
2022-01-30 14:35:35+00:00,"Di sekolah anak saya,... walau anak tdk bersedia di vaksin, masih diperbolehkan PTM koq...tdk ada perbedaan..."
2022-01-30 14:30:19+00:00,"di sekolah gua udah 5 yang kena covid tp sekolah ttp kekeuh buat ptmt, kalo udah 5% baru libur 2 minggu. nunggu tumbal apa gimana? sekolah mau bayar biaya perawatannya kah kalo misalkan kena? mau ngegantiin nyawa kalo sampe ada yang"
2022-01-30 14:26:02+00:00,"anjrit kmrn kakel gua skrng temen seangkatan gua ada yg kena cororong, untung aja kmrn emak gua ga ijinin masuk ptm"
2022-01-30 14:25:41+00:00,"Top bu. Saya jg begitu saat diminta isi form vaksin. Klo vaksin mjd syarat ptm, anak saya online aja. Dibilang ga ada pembelajarn online. Saya jawab yaa udah anak kami kluar. Ehh....dihub agar masuk sekolah setelah 2 hari ga sekolah"
2022-01-30 14:23:24+00:00,"pjj enak bisa santai, tapi memahami materi suka kesusahan. ptm, males sakit perut, males ketemu banyak orang"
2022-01-30 14:16:24+00:00,"@moonareas Ada guru agama, kemarin pas ptm sangking ngantuk nya gua ketiduran, kayanya itu first time gua tidur di kelas deh wkwkwk"
2022-01-30 14:15:40+00:00,@hypeanutz aku anak baru harusnya ptm hari ini diundur jadi 7 feb ptm nya terus mau belajar bingung aku belum dimasukin group kelas T___T'
2022-01-30 14:03:49+00:00,"Yg mau anaknya PJJ silahkan. Tapi jgn recoki anak2 yg semangat PTM Lagian saran saya kalau anak kena omicron yg gejalanya bapil, ya anaknya disuruh istirahat dan minum obat flu biasa, jgn disuruh swab, tokh obatnya jg sama dgn obat flu biasa."
2022-01-30 14:00:47+00:00,"Jakarta masuk lagi PPKM level 3, sekolah masih diminta PTM nih? Sekolah anak saya gak berani ubah kebijakan karena masih mengacu SKB kementerian katanya"
2022-01-30 13:51:04+00:00,@convomfs udah 3 mingguan ptm 100% diumumin malem tadi disuruh pjj lagi hehehe'
2022-01-30 13:49:26+00:00,gimana mau sekolah tadi nya hari ini ptm di undur jadi 7 feb sekarang pjj tapi gimana mau belajar aku belum dimasukin group kelasnya
2022-01-30 13:47:07+00:00," Pas ptm malah lebih enak tau, tugasnya ga aneh lebih sering bahas materi. Tp krna ini aku kebagian sesi pjj jadi tugasnya aneh'"
2022-01-30 13:45:39+00:00,"Dimana? Satu sekolah anak saya pada sehat semua, dan PTM lancar, anak2 makin cerdas. 7 ribu gak termasuk anak2 sekolah dikecamatan Jagakarsa Jaksel pasti yah prof? Gak semua yang PJJ punya privilege untuk ada smartphone dan kuota, kecuali mau modalin sampe pelosok!"
2022-01-30 13:43:37+00:00,halo gue hari ini ptm lagi alias ANJING MALES BANGET'
2022-01-30 13:42:36+00:00,"Anak saya semangat bgt PTM krn dia blom merasakan pake jas lab n masuk lab smp dia berseloroh, inilah anak IPA yg ga pernah masuk Lab. Tp sehat jaug lbh penting. Klo kakaknya lbh worrt lg takut pas kuliah plonga plingo klo masuk lab. Kami jawab se Indo senasib semua kayak kamu."
2022-01-30 13:36:59+00:00,"@injjuullyy Gagal ptm, trs wisuda 112 online gajadi offline, asik tuh'"
2022-01-30 13:24:27+00:00,"Kasian anak pandemi. Gak punya temen. Mainnya sama sepupu doang. Begitu ngaji PTM, seneng banget dia. Selalu ceria"
2022-01-30 13:23:57+00:00,"Alhamdulillah skrng udah normal semenjak ptm lagii,pas sebelum ptm pasti tidur diatas jam 12 gituan"
2022-01-30 13:18:17+00:00,Lintang blm sekolah tp sudah mengaji. Ngajinya semester ini full PTM semester sebelumnya online
2022-01-30 13:17:54+00:00,SchApp! anak kelasku pada banyak yang gamasuk woyy pada sakit jadi takut ptm
2022-01-30 13:17:04+00:00,"PTM, pjj bikin mls dh asli"
2022-01-30 13:12:22+00:00,Dari Sw temen\n\nBukan masalah PTM atau PJJ nyaa tapi elu nya ajaaa yang kalau PJJ gak fokus jadi jangan salahin PTM
2022-01-30 13:08:13+00:00,tetap ptm walau gk ngerjain tugas'
2022-01-30 13:06:10+00:00,"@bahiyyihkyu hari ini sepertinya waktu nya dihabiskan untuk ptm, terus mungkin tidur sksksk, btw ka sika tudey mau ngapain niii??'"
2022-01-30 13:04:23+00:00,@2021widyadipta Iyaaaakkk selolah drea pjj lagi... tp td sekolahan dibelakang rumah masih ptm'
2022-01-30 13:03:23+00:00,"@schfess pjj santai, ptm lebih cepet paham materi'"
2022-01-30 13:02:33+00:00,"aku mau seneng ga ada ptm ga jadi ulangan, tapi ga ada ptm karna berita duka gmn ya"
2022-01-30 13:02:21+00:00,@bluendsun entah kenape guru guru pas ptm ngeselin semua\nngasik tugas aneh aneh'
2022-01-30 13:02:19+00:00, mending ptm ga she
2022-01-30 12:59:54+00:00,skolah swasta gtw ada yg mreka msi ptm ato g hti2 dah ato g negri'
2022-01-30 12:57:54+00:00," dulu suka pjj, bisa santai bisa males malesan dulu, tapi lama kelamaan bosen dan pengen ptm biar paham"
2022-01-30 12:52:03+00:00," semangat juga buat kamu yg lagi ptm, jangan aneh-aneh di sekolah"
2022-01-30 12:47:37+00:00,"@junkyu_yeochin wii semangatt!! aq sebelumnya juga ptm tiap hari, krna dikelas q ada yg kena covid jadi pjj lagi'"
2022-01-30 12:40:02+00:00,Semoga PTM diberentikan deh kak. Di jakarta udah 90 sekolah ditutup gegara ada kasus positif
2022-01-30 12:25:05+00:00,"Iya sih,sy gak ngijinin anak saya di vaksin mbak, krn anak saya dr kecil sering di rawat di RS,sy gak mau ambil resiko, gak tau ini besok boleh PTM atau gak"
2022-01-30 12:20:38+00:00,Aku kemarin ptm sesi dua pulang jam 3 tp masih di sekolah krn ada rapat pramuka
2022-01-30 12:15:08+00:00,wduch kayanya senin beneran ptm 100% ini meja udh ga satu satu lagi wkwkw'
2022-01-30 11:59:23+00:00,GAJADI WKWK ADA HARAPAN PTM KALO SAMPE BESOK KASUS + NYA 0
2022-01-30 11:57:33+00:00,Buat apa KKL kalo ujung2nya piknik\nmales bgt wahai pak d3k4n\nkita2 blm persiapan luring PTM kost dll
2022-01-30 11:57:15+00:00,ini ptm kenapa kebanyakan tugasnya kelompok sih
2022-01-30 11:48:35+00:00,"Udah hari kamis aja nih. Awali hari ini dengan semangat! walaupun sekolah udah PTM 100%, tapi tetap harus belajar"
2022-01-30 11:48:33+00:00,anj lahh dah siap-siap taunya ga ada ptm
2022-01-30 11:46:32+00:00,ak heran sm skolah yg ad kasus kopit di skolahny tp ttp adain ptm
2022-01-30 11:30:47+00:00,@imurjoyiie Ptm tidak seindah yg diharapkan
2022-01-30 11:19:39+00:00,"Enak banget yang ptm, mau ptm :('"
2022-01-30 11:17:37+00:00,"gua kira udh ptm jam tdrnya bakal berubah, ternyata sama ajaa. malah makin parah'"
2022-01-30 11:01:13+00:00,"@schfess pjj, gatau kenapa semenjak ptm tuh semangat gua jadi hilang trus jadi ngga niat'"
2022-01-30 10:56:59+00:00,"ni kebijakan PTM gak mau ditinjau lagi nih. Sekolah anak saya dah ada kejadian SD dan SMA habis PTM keesokannya positif jd merepotkan semua yg ikut PTM kena tracing hrs sekeluarga PCR dll. Walaupun belum pasti kenanya di sekolah, bisa jd cluster baru"
2022-01-30 10:56:03+00:00,@yulyak20 mangatzzz ptm nya zaaa have a great day jugak yaaa
2022-01-30 10:55:06+00:00,Wow temen sekolah LL uda ada yg positive mericon
2022-01-30 10:53:25+00:00,Jika ada yg positif bisa kena tracing semua.. lbh baik seminggu PTM trus lanjut 2 minggu daring..thn kemaren anak saya sistemnya begini
2022-01-30 10:39:20+00:00,gue gamau pjj ajg udah enak bgt ptm'
2022-01-30 10:30:17+00:00,@chrryyuzz Duhhh cinta bersemi di ptm kah ini'
2022-01-30 10:13:07+00:00,"@schfess: Sch! Kalian ada ngga sih yang sejak ptm rasanya capeek bgttt, padahal bentaran doang sekolahnya"
2022-01-30 10:10:49+00:00,@sugafairyx di ak masi ptm full niii'
2022-01-30 10:03:36+00:00,@convomfs Ptm 100% tapi waktu belajarnya belum normal masih blik jam 12:30'
2022-01-30 09:55:51+00:00," enakk ptm, btw pagi'"
2022-01-30 09:49:22+00:00,@myngklx semangat ptm nyaa'
2022-01-30 09:28:48+00:00,belum full 1 bulan ptm udah di suruh pjj lagi mana tugas kelompok banyak benerr
2022-01-30 09:22:36+00:00,"Hari ini ptm, males bngt'"
2022-01-30 08:54:39+00:00,@schfess huaaa aku malah pjj trs nder huhu :( gak nyobain ptm malah :(('
2022-01-30 08:48:41+00:00,kenapa kalo bangun buat pjj ngantuk bngt tapi pas ptm ngga terlalu
2022-01-30 08:37:59+00:00,@Ritafauzh: Smoga Pak Ahok bisa segera join dgn PTM yaa
2022-01-30 08:29:57+00:00,@Asahiyaap okeyy deh tapi senin aku udh ptm lagi keknya'
2022-01-30 07:55:51+00:00,"selama ptm aku dikasih uang jajan sepuasnya tiap hari jd aku bisa ngambil agak banyak, trs sisanya aku simpen "
2022-01-30 07:49:03+00:00,@jichacngmin Kalo kaka hari ini mo ptm sih hehehe'
2022-01-30 07:47:09+00:00,"@schfess lebih suka ptm, tp capee poll'"
2022-01-30 07:44:29+00:00,"@fullsunxhchn Seminggu daring seminggu ptm, minggu ini waktunya daring gitu'"
2022-01-30 07:28:43+00:00,"cuman mo bilang, skrg giliran kls ak yang daring tinggal absen doangk, soal nya kmren udah di kasi tugas pas ptm'"
2022-01-30 07:15:46+00:00,hari ini ptm HUWAAAAAAA'
2022-01-30 07:06:27+00:00,'Ih bentar lagi PTM aku gk siap bertemu macam2 ras manusia meskipun aku berasal dari ras trkuat di muka bumi (read:wibu)'
2022-01-30 07:03:36+00:00,@ajundejunn semangat ptm nya'
2022-01-30 06:48:03+00:00,enak jink gue malah maunya pjj cape bget ptm'
2022-01-30 06:37:09+00:00,"'PJJ DONG AIH MALAH PTM MULU, JABA TUGAS KELOMPOK WAE'"
2022-01-30 06:05:51+00:00,Gak tau kenapa semenjak ptm aku jadi lebih males'
2022-01-30 06:03:22+00:00,"@korengyerin enak dongk, absen doangk soal nya kmarin udah di kasi tugas pas ptm"
2022-01-30 06:02:04+00:00,"hari ini ga ptm gara"" banyak guru"" yg positif jadi sekola di tutup"
2022-01-30 05:43:06+00:00,@Asahiyaap aku pjj jugaa hiks pengen ptm'
2022-01-30 05:23:00+00:00,@arifinpribadi @jokowi @KemenkesRI @luhutbinsarp @erickthohir @KemenBUMN @BNPTRI PTM 100% tetap diberlakukan... itu namanya nekat !'
2022-01-30 04:35:05+00:00,Padahal pas awal2 PJJ udah agak mending dgn seminggu 3x masuk dgn sistem absensi ganjil genap ketimbang PTM dilakukan 100%
2022-01-30 04:14:55+00:00,semenjak ptm gue ke atm nyetor mulu setiap minggu
2022-01-30 04:06:59+00:00,"@schfess yg balik pjj lg tu sekolah mana aja ya, ko skolahku masi ptm 100%"
2022-01-30 03:51:10+00:00,knp sih hrs begini disaat gue mau ptm
2022-01-30 03:18:54+00:00,@sojungqhwan enak sekalie msie ptm
2022-01-30 02:59:07+00:00,@osw_cityx sedihhh giliran udh nyaman ptm malah kasus makin banyak
2022-01-30 02:41:29+00:00,"ptm seru, tapi tugas yang 80% kelompok bikin tepar"
2022-01-30 02:34:16+00:00,aku males bgt ptm dahh mau tidur
2022-01-30 02:13:58+00:00,@shayangaksa gue lagi ptm yaallah nyesek.. aksa kemana'
2022-01-30 02:07:24+00:00,@convomfs anak kelas sebelah gue yg kena c-19 bisa sembuh biar Senin gue ptm lagi'
2022-01-30 01:18:58+00:00,"@schfess ptm, tp pas ptm w sering sakit gara2 kecapean dsb'"
2022-01-30 01:14:04+00:00,camat pagi dri aku yg pjj LAGi huft semoga anak sebelah sembuh biar bisa ptm lagi AMIN.'
2022-01-29 23:49:53+00:00,"@bukanharist semangatt, aku juga sama ptm"
2022-01-29 19:26:43+00:00,"ALO SELAMAT PAGI, AKU KEMBALI PJJ LAGI PADAHAL ENAKAN PTM."
2022-01-29 16:07:04+00:00,"@convomfs sama, tapi katanya senin masuk ptm lagi'"
2022-01-29 16:03:45+00:00,"Nataru dilonggarin, sekolah dibuka ptm. Terus temen gw bikin story tempat swab udah rame lagi abis itu liat ini."
2022-01-29 15:55:43+00:00,@schfess kalian ptm dapet jajan? :('
2022-01-29 15:17:47+00:00,"temanku pda males2, berusaha bgt biar ga ptm smpe chat di grup"
2022-01-29 14:56:13+00:00,"hari ini aku ptm tapi harus tetep kesekolah krn ada kegiatan lain, high semanga"
2022-01-29 14:05:49+00:00,baca cerita orang tua yg curhat tentang kegiatan ptm di sekolah anaknya makin hari makin pusing. bener2 dah nyawa anak2 dikira apaan sih?'
2022-01-29 14:00:36+00:00,"@schfess Ptm, walaupun bikin sakit badan tapi materi nemplok di kepala'"
2022-01-29 13:50:40+00:00,"@sudahgudluking ngasih info ptm pagi pagi anjg, gua udah rapih'"
2022-01-29 13:44:28+00:00,"bayangin se kesel apa ak, kmrn bilang hri ini libur tpi ngsih tugas aja karna guru pada pergi skrng tbtb disuruh "
2022-01-29 13:42:13+00:00,ptm menyenangkan sampai kamu ulangan pake kertas'
2022-01-29 13:36:32+00:00,"@moonareas Ptm tpi gue males, jdi akhirnya daring'"
2022-01-29 13:33:30+00:00,'ini katanya mau pjj lagi dah padahal seruan ptm
2022-01-29 13:30:08+00:00,"Kalian ada ngga sih yang sejak ptm rasanya capeek bgttt, padahal bentaran doang sekolahnya"
2022-01-29 13:18:00+00:00,ptm itu seru tapi yg gak seru bangun pagi'
2022-01-29 12:46:45+00:00,"ptm anjir, ni sangking emosi sampe typo"
2022-01-29 12:43:07+00:00,"@schfess Pjj, karena setelah ptm ini ak sadar klau sekolah ku bener bener loss prokres nya"
2022-01-29 12:07:36+00:00,@Askrlfess Ngeri banget. Jadi takut karena semester nanti mulai ptm
2022-01-29 12:07:15+00:00,"ngantuk banget, untung ga ptm'"
2022-01-29 12:02:19+00:00,"page 24 of 365: ternyata selama ptm ini temen temen gue ngira gue galak, pantesan pada ngga mau deket sama gue selama ptm"
2022-01-29 11:44:34+00:00,"@xafeenka capek ptm gak sih, IH IYAAAA"
2022-01-29 11:37:52+00:00," Kami minggu lalu udh Tapi gegara kabupaten kami level 2 Omicron, jadinya kami dibuat PTM 50%'"
2022-01-29 10:45:20+00:00,"@schfess PJJ aja lah, PTM tuh ribet, ngga santuy, tugas bikin makalah harus hard file'"
2022-01-29 10:39:49+00:00,hari ini ptm hihi semangatttt
2022-01-29 10:29:30+00:00,jam tidur gue udah normal lagi semenjak ptm https://t.co/SPsP7XyBP9'
2022-01-29 10:18:17+00:00,"Alhamdulillah masih ptm sih, jangan sampe pjj lagi deh"
2022-01-29 10:11:49+00:00,Bangun pagi gosok gigi cuci muka PTM lagi'
2022-01-29 10:00:16+00:00,"Semenjak ptm 100%, makin jatuh hati sama kafein'"
2022-01-29 09:59:38+00:00,semenjak ptm jadi jarang mam mie instan'
2022-01-29 09:50:03+00:00,"bersin mulu, takut covid. bikin parno aja ggra PTM"
2022-01-29 09:49:09+00:00,kalian ptm 100% ada waktu istirahatnya engga? aku gaada coba
2022-01-29 09:17:34+00:00,muridnya covid kok sekolahnya tutup wkwk lucu bgt suka bgt sama PTM ya buu'
2022-01-29 09:09:17+00:00,BARU SEHARI PTM FULL AJSHDNHDDNDJBD
2022-01-29 08:56:48+00:00,"@schfess ptm, aku bisa nambah ilmu 'lebih' dari yang dibuku atau di internet walopun itu agk oot dari materi yg dipelajari"""
2022-01-29 07:43:40+00:00,"@summerjogja nggakk maksudnya feel nya itu loh, kalo ptm biasanya gw siapin mapel dulu sm mandi pagi eh ini kaga'"
2022-01-29 06:54:38+00:00,"malesnya ptm gini, bocil2 bgst pd mencetin bel rumah gua asuuu, pengen w takol'"
2022-01-29 06:35:44+00:00,Kasus harian naik tetep maksain PTM walau terbatas
2022-01-29 06:33:20+00:00,"@Askrlfess Untung dah engga sih, karena dah PTM 100% tidur suka jam 9 / 10'"
2022-01-29 06:30:34+00:00,"yuhuuu, setelah dua hari pjj di rumah dan hari ini balik ptm lg.\nmari kita siap-siap~'"
2022-01-29 06:17:43+00:00,mls ptm
2022-01-29 06:16:25+00:00,ptm jdi 50% jngn bilang gw duduk jdi di depan
2022-01-29 06:09:41+00:00,filing gw ini minggu trakhir ptm
2022-01-29 06:06:43+00:00,"@Millypiepi: Ga enak nya PTM full buat anak SMK kyk aku tu sklh jm 1 smpe jm 6 sore, jdi plng sklh udh capek bgtt tpi hrus bisa maksain"
2022-01-29 05:50:00+00:00,aaa malas bgt ptm
2022-01-29 05:37:08+00:00,kyknya ptm disini bakal distop lg deh...
2022-01-29 05:25:10+00:00,"gue tuh mau diet,kenapa ya semenjak ptm susah bgt'"
2022-01-29 05:24:40+00:00,"@reginskrt: ya lagian sih, ptm langsung jebret 100% anak sekolah mau dijadiin kelinci percobaan omicron apa gimana?"
2022-01-29 05:05:32+00:00,@schfess PTM nder soalnya materi sama tugas2nya bisa lebih ngerti ketimbang PJJ abis itu PTM belajarnya asik soalnya bareng temen2'
2022-01-29 04:52:42+00:00,cape juga habis kisaran 3 minggu ptm full
2022-01-29 03:38:31+00:00,"Asli capek, ptm ulangan math dan b indo,  trs latihan sore sampe jam 7 , lanjut nyicil ngerjain tugas"
2022-01-29 03:26:50+00:00,ribet bgt coi udh kebiasa ptm 100% harus balik lagi ke 50%.
2022-01-29 02:46:12+00:00,"Nunggu kasus positif ngelonjak dulu gitu ? Kemudian baru stop PTM gitu ? Heran , gak waras"
2022-01-29 02:17:10+00:00,"Kalo gue liat liat sekolah gue batu juga anjir, udh tau ada yg kena covid malah masih lanjut ptm... Diliburin 2 hari aja"
2022-01-29 00:41:28+00:00,"@dr_koko28: Semakin banyak CoV terdeteksi di sekolah. -imho- mas menteri @nadiemmakarim, sudah waktunya untuk mengevaluasi PTM.'"
2022-01-29 00:33:44+00:00,@schfess ptm enak bisa ngerti materi tapi terlalu banyak tugas kelompok sama individu nya'
2022-01-29 00:29:11+00:00,'semenjak ptm gue sering bgt tiba tiba kebangun pas lagi tidur abis itu reflek nangis+ngeluh capek'
2022-01-29 00:16:47+00:00, semoga Jogja ga ikut ikutan aduhhh udah enak PTM'
2022-01-29 00:15:43+00:00," Laahhh bukan nya di sekolah diterapkan, diharuskan malahan seperti dipaksa harus di vaksin buat bisa PTM"
2022-01-29 00:14:53+00:00,"Ngga punya temen sebangku, soalnya meskipun udah ptm full, sekelas duduknya tetep di kasih jarak gitu"
2022-01-28 23:15:13+00:00,"Ptm, karna dapat uang jajan dan jadi paham sama materi yg kita lagi pelajari. Plusnya ketemu mas crus'"
2022-01-28 20:59:32+00:00,"Seharusnya di tengah naiknya kasus covid varian omicron, sementara sekolah kembali online saja. Nanti kalau sdh landai kasusnya baru ptm"
2022-01-28 18:36:34+00:00,Please jangan pjj lagi please. Pengen ngehabisin waktu yang tersisa sblm lulus dengan sebaik mungkin. 
2022-01-28 17:46:37+00:00,"jgn smpe ni tmn2 kmps terpapar grgr ptm, awas ja dibatalkan ptm krna nunggu kena dlu."
2022-01-28 17:20:40+00:00,bobo anjingg besok ptm'
2022-01-28 17:18:06+00:00,mulai mencium aroma aroma ptm 50% nih
2022-01-28 16:17:52+00:00,Aku padahal nanti pagi ptm tapi belum bisa tidur
2022-01-28 15:47:19+00:00,"aku 50:50 sih. masing2 ada kurlebnya. pjj alu jenuh, tp enak jd lebih ga cape fisik. ptm asik ktmu tmn2"
2022-01-28 15:29:20+00:00,besok gue ptm anjirr ini gimana gabisa tidur lagi
2022-01-28 15:13:37+00:00,"Ptm jangan berenti pliss, stress gua dirumah tai"
2022-01-28 15:08:56+00:00,"besok w ptm, tapi gabisa tidur anyink"
2022-01-28 15:01:09+00:00, Lebih baik distop dulu #ptm untuk sementara waktu melihat kasus penularannya yg lebih cepat daripada pjj
2022-01-28 14:53:06+00:00,klo ptm enaknya gue bs ketemu guru terus praktek ayEy
2022-01-28 14:52:19+00:00,"gueEEE apaya,, gue suka ptm.... pas kbm nya aja .... gue ga mau ke sekolah"
2022-01-28 14:39:03+00:00,sumpah bisa ga sih gw ga ptm
2022-01-28 14:38:33+00:00,Sumpah kalo dalam waktu dekat gak ptm lagi aku di prank banget sama semesta
2022-01-28 14:33:56+00:00,"huh, capek banget. semenjak ptm 100%, gue udah mulai jarang ngefangirl, kaya.... ih bosen bgt kaya gini"
2022-01-28 14:26:24+00:00,"hari ini aku ptm, terus sorenya les dan skrng belum tidur:)"
2022-01-28 14:23:23+00:00,d siang di tv katanya ada 90an murid kena weh serem ptm 100 persen 
2022-01-28 14:07:06+00:00,ihh besok ptm males banget
2022-01-28 13:54:00+00:00,"kampus gua rencananya semester depan udh ptm, jujur seneng bgt tp degdegan jg karena udah lama ga masuk kelas"
2022-01-28 13:49:17+00:00,ini omicron lagi naik naiknya apa ga ada pencegahan buat ngga maksain ptm dlu ga sih?:( apa nunggu ada yg kena dulu
2022-01-28 13:47:49+00:00,"Kalo ku sih ptm, penjelasan lebih dipahami dan tugas dikit karna menekan ke pemahaman. Klo PJJ gila tugas"
2022-01-28 13:45:56+00:00,"ptm, soalnya pelajaran lebih meresap"
2022-01-28 13:41:54+00:00,semenjak ptm 100% w jdi jrng baca au
2022-01-28 13:35:37+00:00,"di sekolahku lagi pada ngeluh sakit sendi, flu batuk, sama badan anget gitu. udh banyak yg ngalamin, termasuk aku sendiri. PTM 100%"
2022-01-28 13:19:04+00:00,@guanhengera semenjak ptm kerjaan gua kalo gk tidur ya ketiduran'
2022-01-28 13:08:48+00:00," Wkwk biasanya baru bisa tidur jam segitu kaaa Wahaaa enak yah kaa, aku males banget sekarang ptm"
2022-01-28 13:02:25+00:00,@schfess PJJ TP PTM GIMANA INTINE GITU
2022-01-28 12:55:03+00:00,Yang kemarin ngotot PTM 100% dengan banyak kasusnya covid di sekolah Sekarang ngumpet ya?'
2022-01-28 12:49:39+00:00,"Gue sekolah PTM kek buat HEALING bisa ketawa, cekikikan, di rumah belum tentu bisa kek gitu"
2022-01-28 12:30:57+00:00,"udah semester 6, baru awal ptm full pula, tapi tugasnya masih sama kek pas daring, bedanya yg sekrang banyak tugas"
2022-01-28 12:29:34+00:00,cape ptm jujur
2022-01-28 12:24:01+00:00,'gua msh mau main hp tapi besok kan ptm :)))))'
2022-01-28 12:22:42+00:00,Speechless.. sama pemda DKI yang tetap ngotot PTM 100%\nPadahal dulu paling ngotot jakarta harus di lockdown 
2022-01-28 12:19:21+00:00, masih menemukan banyak pelanggaran prokes dalam pelaksanaan PTM 100 persen
2022-01-28 12:11:11+00:00,"Siapa yang bilang semenjak ptm jadi ga stress lagi, yang ada makin stress AJG'"
2022-01-28 12:08:05+00:00,"Sama ky ponakan sy mak dok Sy bersikeras bilang ke ortunya jgn pernah mau di vaksin demi PTM,daring aja"
2022-01-28 12:06:07+00:00,"yyy betul , sbnrnya pjj enak ptm jg enak , tp skrng kasus omicorn lagi naik mending pjj dlu deh :( ngeri cuy"
2022-01-28 12:01:50+00:00,"Gatau deh masing2 punya kelebihan yang gua butuhin.. pjj = for uh/uas dkk, ptm = gampang dimengerti'"
2022-01-28 11:56:48+00:00," kemarin dah kena, skrg ptm lagi'"
2022-01-28 11:54:20+00:00,btw ya.. audeh nangis besok ptm huuuuuuuuuuuu'
2022-01-28 11:45:38+00:00,Shift 2 bikin aku lelah banget nget nget sampai skrg masih ngerjain tugas klo pagi2 ngerjainnya takut ga selesai ka
2022-01-28 11:16:50+00:00,aa gak mau udah lumayan nyaman ptm ntar otak ku bodoh lagi
2022-01-28 11:15:22+00:00,Minggu depan PTM 100% Gak mau pengen per sesi aja masa setiap hari harus hapalan bahasa Inggris sama keagamaan pusing
2022-01-28 11:11:51+00:00,@PartaiSocmed: Hanya berupa teguran. Sudah kami ingatkan berkali2 prokes tidak mungkin diterapkan di sekolah tanpa sanksi tegas
2022-01-28 11:11:41+00:00,Dan wagubnya tetap ngotot ptm full time'
2022-01-28 11:08:42+00:00,"males, ngotorin seragam, buang bensin, soalnya pas hari itu tuh cmn pensi doang gt jd ya ngapain mending di rumah"
2022-01-28 11:04:22+00:00,ni kyknya sekolah lain udh pada balik pjj lagi sekolah gue masih tetep ptm aneh'
2022-01-28 11:00:05+00:00,@v1scasa kalau w punya cewe mending ptm sih tar biar bisa bucin plek plek plek tiap hari
2022-01-28 10:53:45+00:00,romansablue takut ga sih mana udah ptm
2022-01-28 10:52:19+00:00,"sekelas positif covid semua, kantin ama kopsis sekolah ditutup tpi tetep disuruh ptm"
2022-01-28 10:49:30+00:00,"schfess di gue masih ptm, mana banyak yang sakit (pilek, batuk dll)'"
2022-01-28 10:40:00+00:00,schfess Pjj krna PTM tmn ku pada gak asik tpi KLO pjj capek juga gak kuat ngerjain tugas yg gk masuk ke otak tpi klo
2022-01-28 10:39:23+00:00,"lemes bre ptm isinya kerkom, praktek, laporan, presentasi. niatnya mau kejar materi malah isinya gitu'"
2022-01-28 10:31:47+00:00," Kalau PTM di ganti dengan belajar online, trus pelajar yang vaksin kemarin sampai ada yang dipaksa"
2022-01-28 10:19:36+00:00,"Awal 2022 wow... di bercandain PTM dadakan awal tahun, terus nyaman PTM 3 Minggu walau dengan tugas yang numpuk numpuk"
2022-01-28 10:18:37+00:00,"Udh mulai ptm dan ekskul jd agak keteteran :')"""
2022-01-28 10:17:50+00:00,"Setelah ptm, aku jadi males banget"
2022-01-28 10:06:05+00:00,ptm 50% mending kl ada ulhar online semua aja
2022-01-28 10:04:51+00:00,takut nanti pjj lagi. jjur sebenernya gue jg maless ptm tp ni tugas kelompok banyak bgt.. gw males klo ngerjainnya onlen onlenan ribet'
2022-01-28 10:00:01+00:00,ga semangat ptm gaada ayang
2022-01-28 09:58:31+00:00,"mau nangis aja, sekolahku balik ke sistem pjj.. bismillah bisa balik ptm lagi:(("
2022-01-28 09:56:50+00:00,@schfess PTM. Kalo pjj nilai ku kesalip sama anak anak yg bersirkel'
2022-01-28 09:51:41+00:00,schfess Males yakin sama siswa/ guru yang buka masker seenaknya pas PTM
2022-01-28 09:46:49+00:00,hoo kentut ptm kentut kentut
2022-01-28 09:45:43+00:00,aku dengar dari kalian PTM masih 100% ya? masih tatap muka belajarnya dan kerjanya pun masih belum WFH. padahal kasus udah pada naik
2022-01-28 09:45:23+00:00,"@schfess Gak punya temen sebangku, duduk nya sendiri karna blum ptm 1000%"
2022-01-28 09:44:25+00:00,"Kepada @PemprovBanten @banten_prov @PemKotTangSel PTM di sekolah-sekolah utk ditunda dulu, peningkatan kasus harian"
2022-01-28 09:43:24+00:00,@schfess Ptm. Pjj membuatku malas belajar
2022-01-28 09:40:56+00:00,mending turu bsk ptm tai kucing
2022-01-28 09:35:12+00:00,YOLAHH gue seneng si pjj lagi tpi ptm tuh lebih seruu rasanya
2022-01-28 09:32:21+00:00,beberapa hari ini progress ga sempet aku up karena PTM Fullday + kebanyakan kerkom
2022-01-28 09:31:44+00:00,@metoksieter wkwk ptm nya cuma 3 kali doang seminggu
2022-01-28 09:23:53+00:00,@Iandryx Enak bener ga ptm
2022-01-28 08:47:34+00:00,"mau maskeran muka w berasa ad jerawat kecil"" gitu semenjak ptm apa grgr pke masker? jdi pengap yh'"
2022-01-28 08:14:40+00:00,update terkini aku wes mulai bosen PTM'
2022-01-28 08:05:21+00:00,@mindianie SAMA bayangin km ptm terus tetep dikasih tugas'
2022-01-28 07:59:36+00:00,"Udah hari rabu aja nih. Awalai hari ini dengan semangat! walaupun sekolah udah PTM 100%, tapi tetap harus belajar"
2022-01-28 07:40:00+00:00,'ptm membuatku sibuk
2022-01-28 07:25:02+00:00,"es pjj tapi jangan kelamaan, kayaknya aku bakal kangen ptm"
2022-01-28 06:10:42+00:00,"Besok ptm, tapi males banget ga pengen bobo"
2022-01-28 05:45:27+00:00,udah seru-seru ptm padahal'
2022-01-28 05:44:05+00:00,"hadehh, gue udh sibuk lagi nih gegara sekolah udh ptm, mana bentar lagi wisuda KSHAKAHSA SENENG BGT WISUDANYA OFFLINE"
2022-01-28 05:32:48+00:00," Oke"" aja. Sekolah aku baru 2 minggu PTM 100% udah ada yang kena soalnya:)'"
2022-01-28 04:54:36+00:00,"@schfess masi ptm, dan smga ptm terus amin'"
2022-01-28 04:18:14+00:00,blm juga ptm 100% tapi sekolah lain udh ada yg kena omnicorn. Yaudah yukk pjj lagi wkwk
2022-01-28 04:14:27+00:00,"@schfess di sekolah gue malah katanya png ptm 100% awal february ini wkwk. KATANYA aja sih, soalnya denger dari temen juga'"
2022-01-28 03:05:36+00:00,Dahlah Dri awal jg sdh tdk yakin ptm 100% bakalan awet'
2022-01-28 03:00:58+00:00,smoga bsk gue bisa brkg pagi biar bisa pilih tmpt duduk cuz ptm 100% uda pasti bkl ad perebutan tmn duduk'
2022-01-28 02:55:45+00:00,@schfess of course ptm!! seneng bgt ptm aku paham materi bisa ketawa ketawa ngobrol sana sinii!! ini termasuk healing sih menurutkuu'
2022-01-28 02:18:14+00:00,"Dampak positifnya, cepet ngerti materi dan dapat uang jajan. Dampak negatifnya, CAPE."
2022-01-28 01:46:10+00:00,"@Dinojidat biasanya jam 12 lewat, tp semenjak ptm jadi agak cepet'"
2022-01-27 23:51:54+00:00,ambil positifnya : alhamdullah ga ptm full
2022-01-27 23:45:00+00:00,jujur lebih suka ptm yang 50% tapiii temen gue beda sesi dan gue gapunya temen lg di sesi yg sama kaya sebelumya
2022-01-27 23:32:28+00:00,@cake_boop Gaenak lahh apalagi kalau ptm. Selama belajar narik ingus mulu
2022-01-27 22:04:20+00:00,"mungkin gara2 ptm gue sering julid, jadi suka lupa pls"
2022-01-27 20:45:58+00:00,"semenjak ptm gue jadi suka lupa deadline2 tugas, tapi kalo lagi pjj gue inget terus"
2022-01-27 20:38:33+00:00,Ayolah @DKIJakarta hentikan lagi PTM demi kesehatan semua warga Jakarta'
2022-01-27 16:23:36+00:00,"@schfess pjj ptm pahamnya sama aja, tp kurangnya kl ptm tugas byk jadi ga fokus materi'"
2022-01-27 15:48:33+00:00,"Gilaa ngeri banget.. kan sklh w ptm, dn bru di kabarin klo ada siswa/i yg positif covid 19Untung w ga milih ptm krn dilarang ortu..'"
2022-01-27 15:25:28+00:00,"Baik baikk, tapii besokk aku ptm lgi, ihh mls bgt"
2022-01-27 15:03:19+00:00,Ini terjadi pas ptm terbatas. Jd lirik lirikan senyam senyum di balik maskernya nya terlihat jelas
2022-01-27 15:00:53+00:00,anjay besok ptm
2022-01-27 14:49:02+00:00,"@spexcrown iya anjir, kerkom mulu dari awal ptm'"
2022-01-27 14:44:36+00:00,"Sekolah udah mulai bangkit untuk PTM, sampe tiba2 varian Omicron hadir dari LN. Tiba2 menyebar di beberapa sekolah"
2022-01-27 14:43:05+00:00,"@rinneholic Enak aku ptm belajar di lab komputer, mana gak lemot lagi lancar jaya dingin bisa fokus... ;-;'"
2022-01-27 13:48:45+00:00,Ptm.. Cape tau ahaha
2022-01-27 13:44:21+00:00,@ovomalyun terbitnya dipertengahan mau ptm nih bakal ribet di real soalnya udah mulai nyusun skripsi
2022-01-27 13:37:01+00:00,"ah anjirlah besok aku ptmt, padahal udah nyaman ptm"
2022-01-27 13:13:05+00:00,@schfess fifty fifty klo ptm enak tp banyak bgt tugas kelompoknya anying capek bgt'
2022-01-27 12:44:39+00:00,aku harus adaptasi sma ptm karena udah masuk full 100% wlaupun pulangnya lebih cepet dari yang biasanya t___t'
2022-01-27 12:14:47+00:00,besok pengen ijin bleh gak ya tapi ptm udah 50% aku gadapet duit tiap hari lg tapi serius lg period ga enakkk banget
2022-01-27 12:08:23+00:00,"semenjak ptm, diriku gampang pegel, gampang mumet ndyas e, gampang ngantuk, jarang makan pagi "
2022-01-27 12:08:00+00:00,@berjcanda @rjovrney hadeh udh enak ptm juga wkwk'
2022-01-27 12:07:30+00:00,"mau pjj mau ptm kalo aku enjoy si, rasanya juga 11 12"
2022-01-27 11:46:58+00:00,"ya gimana ga pgn balik ke pjj, org kasusnya disini kasusnya naik trs bbrp sekolah (disini) udah ada yg positif"
2022-01-27 11:38:35+00:00,"@schfess Kalo PJJ enak sih bisa sambil makan,dengerin musik,bisa selingin belajar TPS/TKA tapi susah mahami mater"
2022-01-27 11:30:54+00:00,"@schfess PTM,tapi pengennya juga gak di kejar kerja kelompok dan tugas individu yg numpuk"
2022-01-27 11:30:23+00:00,YES BESOK GAK JADI PTM
2022-01-27 11:20:16+00:00,@schfess Lebih suka ptm jujur sihh jadi agak rajin alias gak mageran'
2022-01-27 11:11:37+00:00, PTM LAGI BGST'
2022-01-27 10:52:04+00:00,knp ptm malah capek bgt'
2022-01-27 10:32:40+00:00,@schfess sekolahku ptm nder dari awal tahun lalu... ademm banget keknya gak ada kasus covid sama sekali'
2022-01-27 10:32:20+00:00,"@schfess ptm, ngerasa hidup lagi ekekekekekek'"
2022-01-27 10:32:11+00:00,"Pjj mkan msh teratur, ptm kacau bahkan bisa ga mkan krna hrus cepet brngkt pulangnya jajan kenyang ga mkan dha'"
2022-01-27 10:31:55+00:00,@sukufushie KAYAK GAK KONSISTEN BGT GT LOH PJJ YA PJJ PTM YA PTM'
2022-01-27 10:31:35+00:00,PENGEN PTM MAMA
2022-01-27 10:31:29+00:00,pdhal lagi nyamannya ptm:('
2022-01-27 10:30:53+00:00,gue takut full PTM karena apa? karena disana tugas-tugas udah pada baris mau ngejar gue
2022-01-27 10:30:40+00:00,ptm gak enaknya cuma pas kelompokan
2022-01-27 10:30:35+00:00,"50% pengen pjj, tapi 50% pengen ptm"
2022-01-27 10:30:24+00:00,balik ptm 50% lg krn ada yg positif :')
2022-01-27 10:29:58+00:00,harusnya jadi online siii aaa iya ada seru nya jg sihh ptm'
2022-01-27 10:29:32+00:00,@roguenter iyaa capek ptm
2022-01-27 10:29:26+00:00,@kieeesaaa sama anjir klo pjj emg banyak bet tugasnya ga kek ptm'
2022-01-27 10:28:51+00:00,@menghiIank pdhal baru sebulan ptm tpi udh mau remuk anjir badan ini 
2022-01-27 09:47:01+00:00,"ptm, pelajarannya lebih masuk ke otak. kalo pjj jujur aja guruku jarang banget zoom, jadi cuma ngasih materi"
2022-01-27 09:36:55+00:00,pjj tpi ptm juga seru tpi capek badan saya remuk belum kumpul extra
2022-01-27 09:32:40+00:00,@wnnafvck mungkin krna udah pada ptm jadi bnyak yang sibuk nugas'
2022-01-27 06:51:54+00:00,"sumpah dah ptm bikin gk tenang bgt anjir, ketika lo disuruh presentasi, hafalan, tampil di depan, ini itu hrs lgsg"
2022-01-27 06:25:03+00:00,"Bukan Jadi Syarat PTM, Vaksin Covid-19 pada Anak Tidak Ada Paksaan"
2022-01-27 05:48:53+00:00,"hari pertama ptm, jadinya bisa jemput adek. jujur seneng bgt bisa liat dia sekolah interaksi sama temen seumuran"
2022-01-27 04:04:32+00:00,drpd 50% ptm mending 100% pjj
2022-01-27 04:04:13+00:00,"@kieeesaaa bgst doain skolah gw juga biar pjj, males bangun pagi anj klo ptm"
2022-01-27 03:51:14+00:00,lama2 gw jadi pengen pjj aja gak ptm
2022-01-27 03:44:16+00:00,"Udh ptm 100%, jdi ptmt lagi sialan"
2022-01-27 02:51:53+00:00,ada kasus positif di sekolah?? tetap tenang dan ptm spt biasa rambut gondrong/dicat?? pulang dl mas mbak dibenerin dl rambutnya nggih
2022-01-27 02:43:16+00:00,kembaliin waktu tidurku woiiii anjir ptm makin banyak aja ni tugas
2022-01-27 02:01:17+00:00,@peoplekuad sekolahku tetep ptm masa nai padahal banyak yg positif
2022-01-27 01:28:19+00:00,males besok ptm
2022-01-27 00:50:15+00:00,"@Janeberly_ Gw ga bosen, cmn ngerasa lebih seru PTM aja"
2022-01-27 00:35:27+00:00,kalo ptm tuh pasti jam segini udah ngantuk
2022-01-27 00:04:15+00:00,@jejesszz_a srius? :((( moga ptm gasih dah bosen gt
2022-01-26 22:52:48+00:00,"@wootroopers udah gt sklh dah ptm 100%,trs grgr itu naik lg kasusnya, mana ada omicron segala'"
2022-01-26 22:50:06+00:00,kelasnya yg kena c word iya di ptm in. yg lainnya engga. pdhl bs aja papasan dijalan gt kan. aku sm temen https://t.co/LkiLIE8qkv'
2022-01-26 22:03:21+00:00,"DI AKU BARU PTM 100% TADI, OMG KAYAA?!? RAME BGTT GAK SUKA"
2022-01-26 20:36:15+00:00,sekolah sender mau balik ptm 50% lagi huhu
2022-01-26 18:17:34+00:00,"hadueee mtk menyusahkan, untung besok pjj, kalo bsk ptm ketar ketir aku blm ngerjain pr mtk"
2022-01-26 18:14:20+00:00,@ftjaeyuun PTM DONG BIAR SEMANGAT BELAJAR NYA'
2022-01-26 16:29:06+00:00,"gatau lagi bingung mau ngapain di rumah, mau ptm :('"
2022-01-26 16:11:05+00:00,"Ga enak nya PTM full buat anak SMK kyk aku tu sklh jm 1 smpe jm 6 sore, jdi plng sklh udh capek bgt"
2022-01-26 15:51:15+00:00,bsk ptm 50% lagi tp kok ak galau  LAGIAN KPN JD BANYAK YG POSITIF SIH ELAH
2022-01-26 15:37:57+00:00,sudah lelah ptm
2022-01-26 15:26:25+00:00,"kirain PTM tugasnya ga banyak, eh malah makin kesana makin kesini makin kesitu makin kedepan makin hadeh"
2022-01-26 15:10:20+00:00,"selesai magang, dihantam laporan proposal, belum lagi kuliah udah mulai masuk minggu depan dengan sistem ptm"
2022-01-26 15:08:09+00:00,"Bahkan di lingkungan gue yang awalnya sekolah-sekolah mulai memberlakukan PTM, pada balik PJJ lagi karena banyak yang sakit"
2022-01-26 14:55:29+00:00,Males banget ptm besok
2022-01-26 14:45:03+00:00,"Surat edaran ptm bru keluar, sedangkan ptm di mulai udh febuari ini"
2022-01-26 14:40:00+00:00,@schfess untuk ncerna materi menurutku enakan ptm!! kalo pjj banyak ketinggalan apalagi pemalas kayak aku ini huhu
2022-01-26 14:38:30+00:00,bsk sklh ptm malesnya ampe ke tulang
2022-01-26 14:30:07+00:00,ethypnos GW MIKIRNYA TUH ini tiap ptm kita harus khawatir kek gini
2022-01-26 14:06:39+00:00,@newsplatter: Sekolah gak mau stop PTM aja ya? Banyak anak yg belum usia vaksin. 
2022-01-26 13:40:16+00:00,gak jadi ptm lagi kah
2022-01-26 13:30:43+00:00,"dlu wktu sblm ada korona krna terbiasa ptm, sukanya ptm. skrng pas korona berlangsung dan dah terbiasa pjj"
2022-01-26 13:29:13+00:00,"@schfess pjj, ptm langsung tipes gue"
2022-01-26 13:21:37+00:00,semenjak ptm kerjaan aku kalo gak stress ya nahan laper
2022-01-26 13:19:42+00:00,"kwkwk mulai banyak nih sekolah yg ada kasus positifnya, sekolah gue jg korban baru seminggu ptm 100% eh skrng udh pjj lagi"
2022-01-26 13:16:16+00:00,mana blm nugas bsk ptm tugasnya dibawa
2022-01-26 12:52:42+00:00,"ptm seru, pjj enak."
2022-01-26 12:51:52+00:00,sekolah sender kan PTM 100% eh murid nya ada yg positif dong:))
2022-01-26 12:51:32+00:00,orang yang paling ngebet ptm itu biasanya orang yang paling sering pake masker gak bener
2022-01-26 12:27:27+00:00,"lebih suka ptm sih karena udah kebiasa ptm, lebih paham materi dan tugasnya ngga sebanyak pjj https://t.co/EEGDOeN0cP'"
2022-01-26 12:10:34+00:00,semoga pjj sampe tahun ajaran berakhir ya allah gatau gak suka ptm
2022-01-26 12:10:10+00:00,kmrn gue ptm kak cmn ad yg covid jadi online lagi  semoga di sklh adeknya ga ada yg covid yaa'
2022-01-26 12:09:34+00:00,"@dropshotkohen serba salah si ya, kalo pjj ga masuk ke otak tp kalo ptm terlalu maksain"
2022-01-26 12:07:13+00:00,"sedih sebenernya, tapi kalo emang ini jalan yang baik yaudah deh, yang penting satu sekolah sehat dulu baru ptm lagi"
2022-01-26 12:02:34+00:00,di sekolah gua ada yg positif  tp masih ptm sih
2022-01-26 11:56:30+00:00,Temanku takut PTM karena ada covid tp dia lagi jalan jalan ke Bali'
2022-01-26 11:43:04+00:00," Menurut aku pribadi, aku lbh suka PTM hiks seru. Materi lbh nyantol, bisa nanya ke temen kalau nggak ngerti"
2022-01-26 11:38:53+00:00, kenapa yg kuliah masih ptm terbatas 50/50 sedangkan tingkatan PAUD dan TK yg jelas ngatur diri nya sendiri aja susah sudah 100%
2022-01-26 11:36:51+00:00,"Ada +/- nya sih, klo ptm enak bisa ngobrol bareng temen bisa sharing materi juga gampang tpi ya itu gak bisa santai"
2022-01-26 11:10:20+00:00,"@bubutyraa udaah dong, kamu? CAPEEK udah ptm soalnyaa :('"
2022-01-26 11:09:23+00:00,btw kasian banget pcr ku ga dibolehin masuk ptm karna baru sembuh
2022-01-26 10:59:44+00:00,"@itboykang sklh nugas sii, mana sklhnya kan udh ptm yaa trs plngnya sore"
2022-01-26 10:56:02+00:00,@onyourzkdlin: lagi naik2 nya kasus omicron masih ada sekolah yg maksain ptm
2022-01-26 10:38:54+00:00,Ptm di sekolahku tugasnya emang ga nambah banyak.. tapi tambah repot
2022-01-26 10:11:23+00:00,sebenarnya sih ptm tapi tugas kelompoknya itu loh minta ampun banyak banget
2022-01-26 10:04:34+00:00,Pjj atau ptm sama aja capeknya https://t.co/YPdDSeVZQ6
2022-01-26 09:52:31+00:00,"bajingan ptm, baru awal gini tugas presentasi banyak banget ngentot"
2022-01-26 09:35:33+00:00,ptm walopun buat remuk badan tapi w bisa sosialisasi sama gurunya pada enak ngajarinnya kalo pjj pda males
2022-01-26 09:34:42+00:00,"gua yg dlu bisa stan 4 grup dan hapal semua update an mereka, tapi semenjak PTM cuman bisa fokus 2 grup doang"
2022-01-26 09:34:29+00:00,apan anjir udah ptm aja ttp ga dapet uang jajan w
2022-01-26 09:11:44+00:00,"@drzzley_o Ko bingung ya katanya mau nambah moment di sekul ko harapannya jangan sampe ptm lagi'(("""
2022-01-26 09:11:10+00:00, ptm ttp aja ak akan lebih memilih ptm dari pada pjj
2022-01-26 08:49:07+00:00,enak ptm tpi yg ga 100% alias DISESI LAGI
2022-01-26 08:38:57+00:00,ptm enak dah
2022-01-26 08:20:26+00:00,baru tiga hari ptm udh online lg grgr ada ortu murid positif
2022-01-26 08:15:00+00:00,"wah daya ketertarikan baca au ku sudah mulai menurun drastis.. kayaknya karna ptm, nyatet, sm nuga"
2022-01-26 08:11:06+00:00,"sekolah udah pada ptm, aku jg pgn ngampus"
2022-01-26 08:02:04+00:00,"Kelas lain lanjut terus PTM, padahal yg kena udh masuk sekolah berhari-hari"
2022-01-26 07:44:27+00:00,"@subschfess pjj ga pernah teratur, kalau ptm ga teratur juga tapi ga separah pjj'"
2022-01-26 07:33:21+00:00,"demi apapun hari ini gw udh liat 2 org di igs pd post result pcr nya positive gegara ptm, ak sarjana cvd jd agak parno lagi"
2022-01-26 07:29:32+00:00,Hanya berupa teguran. Sudah kami ingatkan berkali2 prokes tidak mungkin diterapkan di sekolah tanpa sanksi tegas
2022-01-26 07:28:19+00:00,"i'm takut, bismillah si ga ada yg positif soalnya udh nyaman ptm anjirr"
2022-01-26 06:56:29+00:00,"ptm seru si, tapi cape bgt trus guru  kalo bikin tugas mending mandiri aja deh,,, gue sebel bgt kalo dikelompok'"
2022-01-26 06:17:33+00:00,pgn kena kopit lg ah anjg biar pjj lg gue males ptm'
2022-01-26 06:15:16+00:00,"PTM lah njirr, kalau pjj aiu gapunya wifi dan kuota, miskin terus kalau PTM rasanya malasku semakin pergi jauh dari kehidupanku'"
2022-01-26 05:22:40+00:00,SUMPAH ptm seru bgt sieeeee
2022-01-26 05:16:55+00:00,"masih ptm, tp maunya pjj aja cape soalnya crush gapeka"
2022-01-26 04:38:58+00:00,Pjj aku teratur ptm berantakan cmn makan sarapan'
2022-01-26 04:22:40+00:00,Segobloknya aku pas ptm. lebih mending ptm ... semuanya terasa lebih genuine . pjj bener bener kena mental gamau lagi gue
2022-01-26 04:15:18+00:00,SUDAH TIDAK KUAT PTM TOLONGG HALOO KAMERANYA DIMANA YA INI SAYA MAU MELAMBAIKAN TANGAN
2022-01-26 03:32:17+00:00,Males bgt anjing bsok ptm
2022-01-26 03:08:13+00:00,soalnya kek abis sklh gue dinyatain ada yg terpapar covid sklh lain tiba-tiba dibatalin ptm nyaaaa
2022-01-26 03:05:33+00:00,wah bahaya udh hampir sebulan ptm skrg bosen
2022-01-26 02:55:22+00:00,kalo gak ulangan ya ptm kalo ulangan pjj ttp di hati https://t.co/QII8xj3TuE
2022-01-26 02:53:08+00:00,keren dari mananya????? enak kan ptm 
2022-01-26 02:32:16+00:00,"bingung juga mbah, udah pada paksin, yg PTM malah anak SD. \n\nlogikanya, mahasiswa kan lebih mudah diatur ya."
2022-01-26 02:24:19+00:00,covid naik apa nanti tetep ptm??? hadeh kontol'
2022-01-26 02:11:27+00:00,nie ak kalo ptm pasti tepar'
2022-01-26 01:50:47+00:00,"arusnya sekolah online selama 7 hari dulu, baru ptm lagi, dah, gila kalau gak online dulu, kecuali semua orang swasta"
2022-01-26 01:46:33+00:00,"bsk udh ptm lagii, tpi males bgt"
2022-01-26 01:45:05+00:00,"eneran deh dr awal ptm, belajar aku jd ga teratur bgt.. Ga ngerasa ada progress samsek ueeee"
2022-01-26 01:30:50+00:00,"ebenernya suka pjj, tapi kalo ptm bisa cuci mata"
2022-01-26 01:26:49+00:00,CAPEK BANGET BANYAK TUGAS KALO PJJ MAU PTM AE LAH ANJING https://t.co/JHEZcWNNME'
2022-01-26 01:16:46+00:00,Gak usah PTM dah Tertanda seorang kakak yang kesepian kalau nggak ada adeknya di rumah.'
2022-01-26 00:22:40+00:00,BADAN GUE SAKIT SEMUA PDHL INI BARU HARI 1 IKUT PTM
2022-01-25 23:31:37+00:00,PTM seru..kalo kalian punya temen'
2022-01-25 23:26:36+00:00,"Hmm di Ngawi PTM nya diliburkan lagi, kembali ke dariing :))'"
2022-01-25 23:25:05+00:00,bukannya gua doa yang buruk buruk tapi semoga sekolah gua ada yg kena covid dan gagal ptm'
2022-01-25 23:19:33+00:00,"Plis deh.. udah nyaman ptm, ketemu banyak temen..Msih ada kerkom, ujian bentar lagi.. Kenapa mesti pjj lagi sih https://t.co/n9PGv7Ve0t'"
2022-01-25 16:55:52+00:00,"gua kira dikibulin guru pjok taunya beneran daring awikwikwik, baru ptm sekali yhaaa kocak'"
2022-01-25 16:08:24+00:00,"ak klo tugas suka pjj.... soalnya klo ptm waktunya kelamaan, aku suka keburu lupa dan males. ini aneh tpi nyata"
2022-01-25 16:08:10+00:00,@terayen eh bener bgt sumpah gue ptm baru \xc2\xb1 2 minggu tp tiap mapel hampir ada tugas semua gila'
2022-01-25 15:55:06+00:00,Pengen ptm juga.
2022-01-25 15:52:21+00:00,"SEKOLAH KAGA JELAS, BARU JUGA PTM UDAH PJJ ANJENG"
2022-01-25 15:03:02+00:00,Demi allah ga siap ptm
2022-01-25 14:54:37+00:00, pusing bgt sih semenjak ptm knp tugasnya makin ga ngotak. tapi bisa diatasin jg sih ga seburuk itu'
2022-01-25 14:52:27+00:00,semenjak ptm full ga tidur siang malemnya jd gampang ngantuk
2022-01-25 14:51:13+00:00,gajadi ptm lagi.
2022-01-25 14:50:25+00:00,Hari ini ga ptm soalnya guru saya lg ad rapat. Tadi pjj nya mulai siang sesuai jadwal sesi 2. Cuma ngerjain latihan
2022-01-25 14:46:19+00:00,"@heelifthela SAMAAA, BESOK AK PTM LAGI, MALES"
2022-01-25 14:33:58+00:00,"tadi pagi aku ptm yeayy, alhamdulilah bebas tugass, jadi kegiatan hari ini lumayan singkat "
2022-01-25 14:31:50+00:00,ya Allah ngeri bgt skskssk kemaren sekolah ku udh ada yg kena makanya seminggu online lgi tpi minggu ini ptm lagi https://t.co/0hEx9gyEMB'
2022-01-25 13:33:30+00:00,sumpah sbm cacat bet cacat tai udh ad yg kena covid masi aja ptm'
2022-01-25 13:19:14+00:00,"Saya mendukung kebijakan pak @nadiemmakarim untuk terus melanjutkan PTM walaupun terbatas, ancaman learning loss itu sangat berbaya https://t.co/VDorGHIIs4'"
2022-01-25 13:16:34+00:00,"Ptm 100% sekolah gue terancam turun ke 50%. Jangan dulu dong, ini duit jajan gue belum kekumpul sejuta https://t.co/K4iwvCmujz'"
2022-01-25 12:59:18+00:00," Jujur ptm, tapi untuk sekarang yang makin numpuk tugas iniiii lebih baik pjj ajaa. cape banget ga bong"
2022-01-25 12:18:15+00:00,"semenjak ptm, gue jam segini udah ngantuk'"
2022-01-25 11:54:40+00:00,"ptm, gue kalo pjj bisanya planga-plongo doang kaga paham apa2 https://t.co/Wew6Em8IR8'"
2022-01-25 11:48:49+00:00," pas jamannya masuk sekolah harus pakai ijin ortu untuk ptm 50%, ga masuk pakai alasan ga diijinin ortu :')"""
2022-01-25 11:34:40+00:00,jujur buat gue ptm bikin capek bgt
2022-01-25 10:56:23+00:00," Pemerintah, sekolah mutusin buat 100% ptm terbatas tentu udah mikir resikonya apa aja."
2022-01-25 10:46:14+00:00,udah ptm 100% tapi masi aja ngambil jam istirahat buat daring
2022-01-25 10:25:47+00:00,SETUJUU HENTIKAN PTM.. KEMBALI LAGI KE DARING
2022-01-25 09:55:19+00:00,ptm capek banget.'
2022-01-25 09:43:24+00:00,"ptm sih, meski stress tetep banyak ketawa. dan kalo stress jadi ada temen aokwaowk https://t.co/Dk06XnFrqX'"
2022-01-25 09:20:38+00:00,Duh males bngt ptm :('
2022-01-25 08:56:48+00:00,udah nyaman padahal sm ptm'
2022-01-25 08:34:35+00:00,udah fix hybrid. tp yg boleh ikut PTM cuma yg domisili kota smg dan sekitarnya'
2022-01-25 08:27:57+00:00,ptm ngabisin uang gw ahhh bukannya malah nambah)) :'
2022-01-25 08:11:14+00:00,"PTM capek, ga PTM ga ngerti pelajaran"
2022-01-25 06:40:08+00:00,"gue malah ngerasa butuh waktu tambahan, rasa nya kaya padet banget semenjak udah ptm https://t.co/C5SeG50RKz'"
2022-01-25 06:40:02+00:00,"@jujuchzu udh nyaman ptm, seru banget jadi ngerti materi materinya'"
2022-01-25 06:03:03+00:00,"Gua kalo udh ptm jd seneng deh, ketemu temen wkwkwk'"
2022-01-25 06:00:01+00:00,"sekolah anak saya ini bagus menerapkan prokes untuk murid-muridnya, sudah minggu ke-2 anak sekolah lagi, wlopun minggu dpn sdh siap ujian yang penting sdh mulai PTM dan semua elemen sekolah makin siap. Saya jg mengantarkan mereka dgn senang, karena tahu pentingnya PTM"
2022-01-25 05:46:41+00:00,gue seneng deh tmn kelas gue pada seru bgt huhu gamau pjj mau ptm terus aja tp gpp libur seminggu
2022-01-25 05:41:16+00:00,Di convoms ada narasi di picture soal covid naik ptm apa gamau libur?
2022-01-25 05:33:50+00:00,gue tepar tiap hari ptm'
2022-01-25 05:20:18+00:00,"Ptm juga kalo aku masih dibagi 2 per kelas tuh, jadi tetep jauhan duduknya"
2022-01-25 05:18:22+00:00,"sebagai guru aku lebih suka PTM sih, karna anak didik jadi keliatan kemampuan mereka menerima pelajaran kayak gimana"
2022-01-25 05:06:29+00:00,Yeyyy sudah vaksin kedua siap ptm walopun gak siap mentalnya
2022-01-25 04:39:18+00:00,YA ALLAH PR BNYK BGT SEMENJAK PTM
2022-01-25 04:28:28+00:00,w juga kepikiran gitu. jujur seneng bangeeeettt bisa ptm  tapi ttp aj ada rasa takut https://t.co/DIsJByH41H'
2022-01-25 04:08:33+00:00,ptm tai kucing
2022-01-25 03:33:20+00:00,bismillah kampus aku gajadi ptm :) ATAU PTM NYA SEMINGGU SEMINGGU GITU SOALNYA AKU SAYANG KUCINGKU
2022-01-25 03:32:15+00:00,adinya online apa offline si?????? Trs kemaren form ptm buat apa
2022-01-25 03:29:54+00:00,"Sekolah jangan PTM please. Kasihan anak-anak kalau sakit. Kasih opsi aja yang mau PTM boleh, offline boleh kalau memang udah stabil"
2022-01-25 03:28:16+00:00,alias semenjak ptm banyak bener kerja kelompok
2022-01-25 03:26:21+00:00,BIAR LEBIH TEGAS DAN JELAS Jadi yg masih ada kasus pelarangan PTM bagi anak yg tidak divaksin
2022-01-25 03:25:02+00:00,aku dengar dari kalian PTM masih 100% ya? masih tatap muka belajarnya dan kerjanya pun masih belum WFH. Padahal kondisi belum stabil bngt
2022-01-25 02:47:00+00:00,"emg taiiii udah swab juga satu sekolah hasilnya negatif semua, biasanya juga prokes ketat eh malah sekolah ga ptm"
2022-01-25 02:37:25+00:00,ptm supaya lebih masuk materinya https://t.co/wiOoDYZsz8'
2022-01-25 02:24:09+00:00,"g paling dirindukan emak saat PTM : anak mandiri. Dari bawa tempat minum segede gentong, worksheet seberat beban hidup"
2022-01-25 02:12:34+00:00,"jujur ptm bikin pikiran burukku tentang sekolah berkurang, lebih capek sih tapi pikiranku lebih kerasa ringan"
2022-01-25 02:05:58+00:00," PLS IYA BGT, sekolah ku lagi pjj lagi karena ada yg positif. mulai ptm lagi senin, kasus cvd makin hari makin tinggi. TBL TBL TBL'"
2022-01-25 01:54:55+00:00,"Menurut gue pribadi, PTMT 100% adalah kebijakan yang sangat tepat setelah 2 tahun lamanya kita ga datang ke sekolah https://t.co/ntBhdh6Kvb'"
2022-01-25 01:40:15+00:00,"Capek bgt plis, energinya kebuang banyak buat interaksi sama banyak orang, udh mah kelasnya panas, pulang sekolah terus nugas https://t.co/qe8dwR5VCJ'"
2022-01-25 01:32:07+00:00,asus omicron tinggi yaa.. aduh ini mah bakalan pjj lagi sedih aku udah nyaman sama ptm:('
2022-01-25 00:43:08+00:00,PJJ SEKARANG MAH SOALNYA TUH PTM TREMOR BANGET https://t.co/qhK0skcxQk'
2022-01-25 00:41:39+00:00,"Kalo semua ptm , ini maybe covid bakal makin makin naik'"
2022-01-25 00:38:46+00:00,walaupun ptm ngabisin energi tp masi lebi cape sm pjj :(
2022-01-24 23:54:12+00:00,pls jgn smpe sekola gue tutup 14 hari.. gw lebih suka ptm.. lebih ngerti pelajaran'
2022-01-24 23:41:16+00:00,Sekolahku aneh bgt tbtb ptm padahal kan kasus lagi pada naik
2022-01-24 23:38:12+00:00,Mkin lmaaa skolah ptm Mkin Capek rasa ny'
2022-01-24 23:14:27+00:00,ua mulai ngeri PTM tu pas tau kalo SMA deket rumah ditutup karena ada 5 orang yg positif
2022-01-24 21:36:28+00:00,Mau brp lama anak2 Indonesia mengalami Learning loss kalau gak nearip ptm?
2022-01-24 19:36:26+00:00,"Sudah ada yang kena, anak temanku di jaktim pulang sekolah suhu tubuh naik, tenggorokan radang, sempat periksa, akhirnya gak ptm"
2022-01-24 16:26:22+00:00,untuk anak-anak sekolah di Jakarta yg rada khawatir karena masih PTM full 100% (atau 50%) padahal kasus covid lagi naik
2022-01-24 15:56:27+00:00," iyaaa kakk neya, aku kamis-jumat pjj gitu soalnya ada anak kelas 12 yang positif huuff sedih gaakk bisa ke sekolah"
2022-01-24 15:49:58+00:00,"nderr jujurr aku selama PTM malah jadi produktif, yang biasanya aku bisa tidur seharian sekarang malah rajin"
2022-01-24 15:49:40+00:00,Saya bingung sama ortu2 yg mudah parnoan karena sekolah banyak ditutup. Kan anak2 elo dah pada vaksin? Kenapa masih takut ptm?
2022-01-24 15:48:44+00:00,serem dh tmn online w dia kn ptm trs abis cek trs positif anying
2022-01-24 15:47:10+00:00,"dentjii hari ini kebetulan ptm nya libur dulu, jdi daring dulu sehari di rumah, tpi tugas nya byk bgtt asksk"
2022-01-24 15:45:24+00:00,eneran dah sejak ptm energi gua terkuras habis bgtt. Jadi masih perlu waktu membiasakan diri dengan sisa stamina setelah sekolah
2022-01-24 15:11:21+00:00,"@schfess lebih capekk, tapi buat gua orang yang bosenan engga, soalnya pasti selalu ada cerita baru setiap ptm"
2022-01-24 14:56:13+00:00,HAHAHA ptm bikin capek sih
2022-01-24 14:26:45+00:00,@mooncrus nah ini asli aku ga berani orang katanya aja ptm mau di undur lagi kasus di ina malah naik lagi
2022-01-24 14:19:41+00:00,"Saya dr mulai di buka PTM dan dihimbau ditutup kembali seminggu, hanya anak saya yg (SD) smpai skrng tetap Daring, wlu temannya semua PTM, walau wajib PTM, sy tetap tidak mengizinkan selama anak saya yg SD belum divaksin. Kecuali yg MAN dan PT sdh divaksin 2x maka sy izinkan PTM."
2022-01-24 13:42:57+00:00,"Ini kapan ptm lagi, gue udah muak banget belajar pjj shit. Gue udah bego makin bego"
2022-01-24 13:36:23+00:00,"Aku dari awal online sih nder, ptm tapi ga jadi di hari tertentu aja ke sekolah nya"
2022-01-24 13:31:54+00:00,jujur jadi engene pas PTM tuh ketar ketir broo'
2022-01-24 13:15:11+00:00,AKHIRNYA GAK PTM LAGI
2022-01-24 13:05:35+00:00,gweh dh nyaman ptm woe aisjaishksjs'
2022-01-24 12:42:45+00:00,"plis aku ptm merasa terbuka banget sama orang"" ngelatih mental juga biar ga takut or khawatir sama ini itu"
2022-01-24 12:39:18+00:00,@schfess sama capeknya jadi milih ptm krn cepat paham'
2022-01-24 12:23:15+00:00,gue pengen ngomong ttg kebijakan pjj/ptm tpi keknya bukan kapasibilitas gue
2022-01-24 12:00:00+00:00,"ptm. pjj malah susah ngerti pelajaran, trus screentime terlalu lama bikin gampang cape padahal ngga ngapa2in. Mending ptm"
2022-01-24 11:58:22+00:00,"Tapi kalau disuruh daring lagi BIG NOO! GK MAUUUU, walau ptm capek bgt tapi aku suka produktif,"
2022-01-24 11:49:05+00:00,KETERLAMBATAN BOOSTER TENTU SANGAT BERESIKO UNTUK  PTMT 100 % HARAP DIPERHATIKAN 
2022-01-24 11:34:14+00:00,adek gw ptm offline 2 jam doang APA APAAN'
2022-01-24 11:26:53+00:00,"kalau ada ptm tuh jadi susah mau belajar utbk, soalnya udah capeeeeee duluan, cape bgt. kalau mau dipaksain belajar malah sakit"
2022-01-24 11:11:04+00:00,"tadi ptm, ternyata temen kelas seru seru banget hehe"
2022-01-24 11:09:24+00:00,dari taun lalu cuma ptm seminggu sekali soalnya yg ptm full dibatalin gara2 ada ortu murid ga setuju :('
2022-01-24 10:11:08+00:00,AAAAA GA SIAP PTM BLN FEBRUARI
2022-01-24 08:56:26+00:00,Kasus kopid nanjak lg tp ptm ttp dilakuin. Knp y
2022-01-24 08:44:15+00:00,cepet cepet ptm deh. gua bisa gila anj kalo pjj begini tapi isiannya kelompok semua
2022-01-24 08:38:51+00:00,"Daring, skola w ptm nya di tutup lagi huhhh capek https://t.co/PHMpONMOdJ'"
2022-01-24 08:04:04+00:00,ptm bikin emosi ga stabil'
2022-01-24 08:04:03+00:00,"lalu datang 2 minggu kemudian, ga ada gejala / ada gejala, swab antigen swab pcr TAU TAU POSITIF.sadar ga ini efek ptm"
2022-01-24 08:03:33+00:00,"Dilematis PTM tetap dilaksanakan lagi, sementara pemrintah Waspadalah atas kasus omicron yg terus bertambah. Kontradiksi yah"
2022-01-24 07:56:11+00:00,aku tebak hbs ptm full minggu ini pasti mingdep daring'
2022-01-24 07:43:52+00:00,sekolahku masih tetep ptm nder walaupun banyak guru and siswa yang positif
2022-01-24 07:37:37+00:00,"ni pas SMA gue pgn ptm, eh setelah kuliah mending pjj anjir https://t.co/RDYJd1b7kx'"
2022-01-24 06:28:13+00:00,Ni covid udah 7000 masih kekeh ptm?'
2022-01-24 05:57:42+00:00,"@MHLCITY istirahat yang banyak, minum obat juga sama jangan ikut ptm dulu deh bahaya, get well soon!!!'"
2022-01-24 05:04:03+00:00,"@Ritafauzh Hahahaha gak kuat ntr Bunda, PTM di demo bersilid silid....'"
2022-01-24 04:31:23+00:00,Mulai pesimis PTM jadi berjalan kalo gini
2022-01-24 03:41:42+00:00,"pjj, ptm kurang asik untuk skrg ini https://t.co/x95bMzkNdn'"
2022-01-24 03:22:31+00:00,"Ptm, serius seru banget, punya banyak temen, paham materi juga, tadinya aku bgo bngt kimia, skrng malah kayak master"
2022-01-24 03:22:07+00:00,"Semakin banyak CoV terdeteksi di sekolah. -imho- mas menteri @nadiemmakarim, sudah waktunya untuk mengevaluasi PTM.'"
2022-01-24 03:06:16+00:00,"gue udah nyaman bgt sama ptm, pjj bikin goblok doang'"
2022-01-24 02:52:58+00:00,"Jadi mau gak mau, selama masih ada celah buat sekolah untuk diadakan ptm, ya dimasukkin lah murid-murid untuk hadir.'"
2022-01-24 01:06:42+00:00,"Ngajar 50% gini sumpah capek banget. Wes mending 100%. Entah semua PJJ atau semua PTM, asal jangan separoh2"
2022-01-24 00:38:53+00:00,fairuz_salwa @dr_koko28 @nadiemmakarim Bener banget...sampe bocil mau divaksin demi bisa sekolah PTM.'
2022-01-24 00:32:05+00:00,pls ak mau daring aja ketimbang ptm
2022-01-24 00:21:28+00:00,"@DKIJakarta Trus bagaimana dengan PTM..? kasus udh tambah begini ko PTM masih di lanjutkan..kasian lah anak"""
2022-01-24 00:12:40+00:00,"schfess Pjj,tau kondisi lah jangan ngotot mau PTM'"
2022-01-24 00:07:21+00:00,"@schfess Both are good. Pjj bisa fleksibel belajarnya, lebih ambis. Tapi ptm materi lebih masuk, terlebih materi matematika.'"
2022-01-23 23:59:59+00:00,"@schfess ptm, bisa stres bareng bareng'"
2022-01-23 23:48:44+00:00,"Di penerapan PTM kn dah di jelas kan di zona hijau dn juga yg sudah siap untuk PTM, dengan segala kesiapan dn prokes ketat"
2022-01-23 23:06:48+00:00,@newsplatter Kl ga distop..minimal jadi ptm 50% lah....'
2022-01-23 23:05:11+00:00,'Sebenernya kenapa negara berani banget buat PTM
2022-01-23 23:02:37+00:00,@newsplatter: Sekolah gak mau stop PTM aja ya? Banyak anak yg belum usia vaksin.
2022-01-23 22:54:56+00:00,ada yg kena covid tp masih ptm aja udah aneh'
2022-01-23 22:26:06+00:00,convomfs masalahnya sekarang sekolah ptm nya banyakan dan di sekolah banyak siswa dan guru yang abai 
2022-01-23 22:11:44+00:00,"Kendati demikian, jika nantinya ditemukan satu kasus saja di sekolah baik itu dari guru, siswa atau tenaga kependidikan, ptm harus distop"
2022-01-23 17:36:20+00:00,Pelaksanaan PTM Bebani Psikologis Guru dan Orang Tua
2022-01-23 15:44:29+00:00,jichakyu samaaa kak ak jg biasa aja t____t tp ak semenjak sekolah udh ptm tiaap hari CAPEK BGT trs jdi ga mood
2022-01-23 15:22:28+00:00,terpantau sudah tdak kuat ptm
2022-01-23 15:08:50+00:00,Ya Allah gue gamau ptm tapi kalo pjj tambah gamau'
2022-01-23 15:01:31+00:00,"Males PTM,\nSoalnya pada main sirkel semua anjrit mana pilih pilih temen banget lagi. Ngerti sih"
2022-01-23 14:48:28+00:00,"Enak-enak udah PTM, eh balik PJJ lagi. Sabar ya. Mungkin belum saatnya'"
2022-01-23 14:29:46+00:00,'lelah jg ya ptm'
2022-01-23 14:20:09+00:00,"BISA GAK BALIK PJJ AJ ANJING, W KESEL PTM MULU ASUUUUUUUUUUUUUUU https://t.co/VhPuRvaz58'"
2022-01-23 14:10:18+00:00,"Dilema banget ngisi survei kampus. Okein ga ya setuju PTM. Maksud gue tuh, males gitu kalo harus nyari kosan'"
2022-01-23 14:01:46+00:00,ya allah mau ptm lagi'
2022-01-23 13:47:34+00:00,"Pls ya bpk ibu jngn daring lagi sya udh nyaman sma ptm, walau hati gonjang ganjing ktmu guru killer'"
2022-01-23 13:45:35+00:00,"@gaonmelotot jabodetabek ya? ini aku bandung pun ketar ketir, lagi dikaji ptm nyaT-T, iyasih dirumah enak tapi aing jadi bego'"
2022-01-23 13:32:25+00:00,"enaknya klo pjj bisa konsen belajar kalo ptm bisa ketemu temen-temen, diskusi bareng gitu.'"
2022-01-23 13:31:51+00:00,PTM!!!!!!! yg dijelasin lebih masuk dibanding pas pjj https://t.co/xi0DwTSlKz'
2022-01-23 13:31:43+00:00,"schfess ptm. kalo pjj kadang jaringan error, device-nya juga segala macem, + materi kurang masuk ke otak, di rumah"
2022-01-23 13:29:37+00:00,"Ya Allah berharap banget skul gue pjj lagi, tidak kuat ptm lelah"
2022-01-23 13:27:20+00:00,ptm enak
2022-01-23 13:25:20+00:00,BENERR SEMENJAK PTM MUKA SAMA LEHER SEDIKIT AGAK BELANG
2022-01-23 13:23:25+00:00,"demi dah mending ptm klo kaya gini mah ngadi"" emng sekolahan gue'"
2022-01-23 13:15:18+00:00,"sekolah jangan PTM please. Kasihan anak-anak kalau sakit. Kasih opsi aja yang mau PTM boleh, offline boleh"
2022-01-23 12:44:24+00:00,njir knp besok kga jadi ptm asu
2022-01-23 12:29:28+00:00,Kasus naik lagi. PTM tetep dilanjutin? Ya berarti jadi: Pembelajaran Terlalu Maksain
2022-01-23 12:23:05+00:00,so far ptm sih ketemu temen ketawa tawa dan lebih produktif jg kl pjj tu jenuh trs jd kek males malesan'
2022-01-23 11:56:35+00:00,@thvlof gue malah pengen ptm terus 
2022-01-23 11:48:50+00:00,padahal udah enak ptm malah daring lagi
2022-01-23 11:47:33+00:00,"Ga kelar2 -_- kasian asli ga bisa PTM  kek di sini, tapi ya gimana??? Pusat kehidupan rakyat ya di ibukota"
2022-01-23 11:42:43+00:00,"emang ngga semua sekolah si, tpi di jakarta udh bnyk gt yg pjj lg. tpi ya paling 1minggu doang nnti lanjut ptm lagii'"
2022-01-23 11:33:33+00:00,"ya kalo (nama sklh gua) ada yg positif juga kan kasusnya disembunyiin, jd kita tetep ptm"
2022-01-23 11:04:16+00:00,tp gue lebih suka ptm
2022-01-23 10:27:56+00:00,Paling minggu depan banyak sekolah gak PTM
2022-01-23 10:14:14+00:00,nah kan. udah enak ptm malah daring lagi
2022-01-23 09:39:36+00:00,PTM Ditiadakan Usai Salah Seorang Siswa Terpapar Virus Covid-19
2022-01-23 09:34:25+00:00,"Pls tolonglah ptm nya ngeri anjir ga ada yg namanya jaga jarak, pada gerombol mulu tuh di mana2"
2022-01-23 09:20:12+00:00,"iya, ptm ada aja yg ga patuh protokol'"
2022-01-23 09:04:18+00:00,"GUYSS doain daerah ku tetap safe yaa, biar sekolahku tetep jalann walau cuma 50% 50%, yg penting tetep PTM"
2022-01-23 08:57:37+00:00,@__Sridiana_3va @Rey_Chan99 Sama Bu Dok. PTM beberapa kali Annakku mulai PJJ lagi dapat info dari sekolah kmrn sore
2022-01-23 08:57:06+00:00,naik drastis yh.. harusnya skola jgan ptm dlu atau di ppkm lagi
2022-01-23 08:45:51+00:00,"PTM belum sebulan, ngerasa banget anak2 ada kemajuan tau ngerjain Matematika khususnya.Pas Awal ptm shock anak2"
2022-01-23 08:23:28+00:00,"Benar, setuju sekali! Pemerintah msh blm belajar dr melonjaknya kasus delta juni 2021. Sudah diperingatkan dr bulan maret 21, masih juga tdk mengindahkan pakar pandemi. Dan skr berulang lagi. Semoga kali ini tidak separah tahun kemarin. Saya blm siap melepas anak anak utk ptm."
2022-01-23 08:18:34+00:00,"INI TELAT BGT TP SEMANGAT YAH, ptm tuh berat bgt asli deh"
2022-01-23 07:51:37+00:00,suka bgt sm ptm https://t.co/soqjVVDoYs'
2022-01-23 07:49:42+00:00,"udah nyaman bgt ngajar ptm, tbtb pjj tuh kek... ah udahlah wkwk"
2022-01-23 07:22:56+00:00,"ptm,karna kalo pjj aku jarang belajar"
2022-01-23 07:08:02+00:00,tpi aku suka ptm \xf0\x9f\x98\xb5'
2022-01-23 07:03:21+00:00,"Ngerasa gak si, semenjak ptm 100% tugas jdi banyak, jujur pas maih pjj tugas ku santai bngt'"
2022-01-23 06:15:09+00:00,@loftpjminn sama pls mls bgtt mau ptm'
2022-01-23 04:58:44+00:00,Kapan smandu pjj lagi sih aku gak suka ptm'
2022-01-23 04:56:40+00:00,"laj harusnya lgsg pjj, itu klo ketauan satgas lgsg gboleh ptm lg akwoakwokaowla'"
2022-01-23 04:40:35+00:00,sejak ptm tingkat kemalasan gue bertambah
2022-01-23 03:46:22+00:00,"DKI Jakarta naik terus, PTM sekolah2 jalan terus...kemana akal pikiran anda sebagai pemimpin @nadiemmakarim @aniesbaswedan @jokowi'"
2022-01-23 03:45:47+00:00,APA APAAN GAJADI PTM LAGI??? huft covid knp km sgt mengesalkan'
2022-01-23 03:40:01+00:00,Ini murid-murid yang PTM pada positif covid dahh. Adiknya temenku juga begitu. Ga mau diganti online lagi aja apaa?
2022-01-23 02:54:18+00:00,"Gue takut ptm bukan gara gara gaada temen, tapi selama ini gue belajar dapet hikmahnya doang'"
2022-01-23 01:56:09+00:00,ah giliran udh pw ptm malah pjj lagi dhlah :')
2022-01-23 01:47:08+00:00,"@taeforina ada 1 siswa kena c0vid.. jadi pjj 3 hari dulu, rabu depan baru bisa ptm lagi :('"
2022-01-23 01:45:56+00:00,gua udh nyaman ptm anjing'
2022-01-22 19:18:19+00:00,kaga usah ptm pls amin
2022-01-22 16:08:44+00:00,"sumpah seseru itu ptm tadi gue telat terus masuk langsung ulangan kimia, abis tu lanjut praktek fisika SERU BANGET"
2022-01-22 16:00:57+00:00,semenjak ptm jadi berasa capek banget :)
2022-01-22 15:45:04+00:00,sumpah kapan si ptm gue pjj sepi bgt anjg ga seru'
2022-01-22 15:15:37+00:00,'ptm lah lebih enak klo nangkep materi terus nanya
2022-01-22 15:13:49+00:00,bsk ptm mls
2022-01-22 14:40:41+00:00,"Bekasi ketularan sih kayanya nanti.. br 2 minggu ptm, msh 50% pula, udh disuruh bdr lg aja krn ada guru yg positip https://t.co/nPgRm9LBHe"
,sekolah ptm lagi capeknya double double tapi seru
,Sekolah tidak akan efektif karena terus buka tutup saat penemuan kasus Covid-19
,"@schfess dua dua nya sih, kalo paham materinya aku bisa paham semua sih mau pjj atau ptm tergantung cara gurunya jelasin aja'"
,"sekulaku ptm, ada yg positif parno bgt klo di sekolah ga berani pegang2 tangga lagi, pdhl tangganya curam bgt butuh pegangan"
,sumpah kl sekolah online gue jd ga produktif gt jd kek mending ptm'
,pjj lagi padahal ptm bahagia banget
,sekolah sender pjj 100% lg sampe waktu yg tdk ditentukan alias gabakal ada ptm lg :)  mau nangis pdhl baru seminggu ptm
,@schfess Lonjakan kasus omicron tp masih banyak ptm'
,lrt gue msh agak ga paham kenapa ya ptm tuh msh dilaanjuttt gitu ya Allah gue
,tai lahhh padahal udh nyaman sama ptm
,GUA PTM BLM AD SEBULAN UDAH DI TUTUP LG ANJG
,gue ngeri kalo nnt pengumuman smt baru ptm wkwk
,"Ini sekolahnya apa tdk mikir, capek tau sehari ptm, sehari pjj, tugasnya banyak yg terlantar'"
,menurut aku sih PTM terbatas gini kurang worth it soalnya mapel dibatasin cmn 1 jam/mapel dan aku kurang puas nerima materi nya
,"PTM terbatas menurut saya sih kurang efektif, jdi guru klo nerangin materi fokusnya terbagi menjadi 2 yaitu dimana yg satu ada di kelas dan satunya lagi yang ada di rumah, ya gimana lagi namanya juga keadaan how about u??"
,"Terlebih untuk satuan pendidikan tingkat PAUD dan SD rasanya butuh bgt PTM Terbatas. Menurut penelitian, PJJ kurang optimal karena ada resiko learning loss yang dampaknya nggak baik, diluar kondisi psikologis. Yuk, bismillah prokes jalan terus"
,"enapa sih akhirnya PTM secara terbatas diselenggarakan? Karena cukup banyak orang tua mengeluh kalau program PJJ atau sekolah online kurang efektif. Jadi ingat pernah nonton di Youtube, anak sekolah online, guru menerangkan, anaknya malah ketiduran. hahaha"
,"Semoga PTM Terbatas berjalan lancar disetiap daerah. Buatku lebih efektif belajar disekolah, anak2 lebih konsentrasi belajar. Belajar dirumah mereka kurang disiplin, ujung2nya main gadget. Yang penting prokes jalan terus "
,"gua udh nyaman bgt ptm disiplin.. knp harus pjj lagi, sumpah ya sumpah gua kesel bgt'"
,".keseeeelll..anak gw tadi malem dah siapin buat PTM , tiba2 di w.a dari sekolah..PTM ditiadakan dulu'"
,"TPI BNERAN PGN PTM gila ya pjj tuh lebih capek, capek mental. pjj kerjaannya sambaaatt mulu, kemaren pas ptm bahagia"
,"Waduh, harus buat planning untuk PJJ karena dapat gue pastikan gak akan se-efektif PTM.'"
," kalo pjj enak santai, ngumpul tugas jg bisa nanti"" tapi materi ga masuk sangking santai nya,kalo ptm capek"
,"berat ya ini pemerintah, yg lain sudah bagus soal persiapan menghadapi omicron, cuma soal poin PTM 100% ini kok bisa jadi alot,  disuratin sama asosiasi profesi udah, dikasih saran sama ahli via back channel jg udah, disindir WHO juga udah... gak tau lagi mesti gimana kalau gini"
,'ngantuk bener capek ptm tiap hari gini kayak gaada istirahatnya tugas bejibun'
,kebanyakan isi form endingnya kaga jadi ptm'
,gue jg mau:( sampe skrg masih ptm aje buset'
,ptm pls udh kls 12 gamau pjj lagii mau ngerasain masa2 sma'
,wqwq temennya adek gue udh 2 org positive covid tp masih ptm. yauda la ya
,kita doakan saja semoga mereka cepet sembuh  jujur aku dah nyaman ptm gusyysys walau harus bangun pagi'
,"pjj, as murid kelas 12 mending pjj asli dah kalau ptm cuma bikin capek +tugasnya banyak'"
,enakan ptm pdhl'
,antesan katanya virusnya melonjak tapi kok diadakan PTM Ternyata akal bulus licik'
,"pengen PJJ, stress gue Ama tugas PTM yang tiada habisnya Minggu ini tugas sampe 8 mapel, mana waktunya mepet"" soalnya banyak banget'"
,ptm ga aasik bat enakan daring
,"Dari awal PTM saya udah curiga,PTM cuma buat gampang koordinasikan vaksin aja.habis itu online lagi."
,mls ptm demi apapun
,ak ga mau ptm pLIS HELP'
,isi positif anak2 sekolah PTM jd keliatan mana yg cuma pintar di Dumay sama di Duta
,Ptm membuat ku malas balik kos
,Ini seperti bukan wakil rakyat yg ngomong.\nKenapa kalian tak pernah mencermati lebih dalam bagaimana kenaikan kasusnya? Bolak balik ptm online ptm online gak seenteng di mulut pak
,"sekolah adik saya udah ditutup gara2 ada yg terkena covid, kapan sekolah saya ditutup juga. #sekolah #tired #TiredEarth #PTM #Covid_19'"
,padahal baru seneng2nya bisa PTM eh full PJJ lagi #redzone'
,ptm ribet bawa ini bawa itu mana tiap hari ada aja tugas baru'
,"ptm, bagi gue yg lebih gampang paham lewat suara sedangkan kalo pjj sekolahan gue ga yg tiap hari meet"
,"ketika sekolah2 mulai ditutup, sekolah gw malah informasiin kalo mingdep bakal  PTM ,what"
,sekolah sy terpantau masih lanjut ptm padahal jakarta
,Secapek capeknya PTM masih mending dibanding dibuat stres sama pjj'
,MAU PTM TIAP HARI AJA LAH
,"Semenjak ptm aku jd gampang bgt sakit, emg bener  imunitas lemah tuh susah"
,"yang nentuin ptm / pjj di suatu sekolah siapa si? kepsek? kalo iya lo mah enak anj diruangan sendiri, aman, kita anak2 murid sekelas 40 anak dempet2an, ajg, udh mana olahraga di lapangan + lepas masker"
,Dua duanya di mix aja kelamaan pjj g enak kelamaan ptm juga ga enak sekarang wkwk
,GUE LAGI SENENG SENENGNYA PTM
,"ptm banyak plusnya tpi badan ga mendukung bgttttt terus juga temen"" kelasku pada sakit semua gegara 1 orang jdi aku sampe sekarang masih sering izin krn jujur badanku gakuat banget, pdhl sblm pandemi aku orangnya yg gabisa diem gitu dan jarang sakit. semangat utk kita nder"
,mbl males banget loh mulai senin ptm
,"gue agak menolak pjj sih. karna ya anjrit gue mending ptm, walau banyak tugas TAPI KALO LU PJJ BANYAK TUGAS, STRES YG ADA"
,"Si abud emang selalu punya rencana jahat, dia senang kalo Jakarta kasusnya naik lagi. Mewajibkan PTM 100% setiap hari bagi sekolah² di DKI dg dalih SKB 4 Menteri. Urusan adu domba & rusuh emang jagonya doi. Kebijakan yg gak pakai otak sekali pun siap dia tempuh demi misinya."
,gak siap ptm ajgg gw ngomong sama org aja gemeter
,pak aku gak siap ptm pak plis semoga ini cuma prenggggg
,"beberapa orang menangis bukan karena mereka lemah, tapi karena gak siap besok PTM"
,"Asli, gak siap banget bakal ptm 100%, walaupun blm dapet kabar, tapi ngeriii. Bukan cuma takut ketauan gobloknya, tapi takut sama lingkungan baru, takut gak bisa adaptasi :"""
,Gak siap ptm tolong
,"iap gak siap sih, jujur pas ptm malah rasanya tugas tmbah banyak makin ngerasa gak ada waktu"
,jujur gak siap ptm'
,gimana yaa.. gue belom siap ptm tpi kalo gak ptm gue makin bodoh
,Gak siap pliss. Besok PTM
,Besok ptm.. hhh gak siap.. tpi yasudalah
,Seriusan gak siap PTM gak mau blm sangup menghadapinya Elah bahas gw intinya GAKKK MAU
,plis gak siap ptm mana senin bsk mendadak bngt hiks
,ALIAS GUE GAK SIAP PTM ANJEEEENG
,SUMPAH AKU GAK SIAP PTM ANJIR. udah lama ga sekolah jg kek takut bgt left out
,gak siap ptm asli gue takut plonga plongo kl dtanyain
,gak siap ptm ih no bgt
,Demi apapun gak siap ptm langsung sekelas
,"Udah pergantian tahun daaannn SENIN DEPAN SEKUL YA ALLAH, CEPET BANGET UDAH MO SEKUL LAGI, GAK SIAP PTM"
,sya gak siap ptm
,Untuk anak usia PAUD&SD pembelajaran secara online kurang optimal karena ada resiko gagal memahami pelajaran dan akan berdampak jangka panjang seperti kurang motivasi belajar untuk itu penting mengadakan PTM Terbatas
,"Di lain pihak, masih banyak orang tua yang menolak kebijakan PTM Terbatas ini karena masih takut anak-anak akan terkena virus Corona saat berada di sekolah. "
,"Menurut kalian PTM tapi terbatas banget bakalan eman gak sih? soalnya itu kayak 1½ jam doang masuk terus pulang, habis itu kalau misal mau ngobrol sama temen, waktunya juga terbatas banget pula. Aku mikirnya kenapa gak sekalian gitu pas emang udah mulai kondusif situasinya."
,gue juga mikir gitu nderr tp sudut pandang orang beda² ada yg mikir kalo tatap muka mapel yg di ajarin lebih gmpng masuk drpd online trus orang tua kdng mikir kalo online tu pada main hp trus kaga belajar
,"Anak saya termasuk yang gak cukup dengan PJJ. Kalau ikutin mau saya sih, saya kekep terus di rumah. Tapi kan ternyata gak cukup, kebetulan tipe belajarnya kinestetik, dia butuh interaksi beneran, bergerak beneran. Ya saya perlu siapkan dia juga untuk PTM terbatas donk."
,Please lah kebijakan sekolah pertemuan tatap muka ditinjau ulang...anak anaknya mungkin kalaupun ketularan gejalanya ringan ringan aja. Tapi anggota keluarga yg lain gimana
,"beneran nanya, bukannya ke sekolah itu harus ada persetujuan ortu (dan kalo ortu gamau ga akan dipaksa tatap muka)?"
,"Gara-gara si OmPunggung tangan dengan jari telunjuk mengarah ke kanan Omicron (B.1.1.529) Sekolah Tatap Muka di Banten maks 25% Hmm ... Online in aja semua deh, biar aman juga "
,Siapa yg maksa anak vaksin dg ancaman tidak bisa sekolah PTM ??? Dinas Pendidikan menyatakan anak yg tidak vaksin boleh sekolah Pertemuan Tatap Muka
,"Silakan aja dilanjutkan tatap mukanya kalau kasus covidnya rendah. Saat ini kan lagi tinggi. Saya juga mendukung sekolah tatap muka krn menurut saya itu yg terbaik, tapi kalau kasus lagi tinggi ya sebaiknya berhenti dulu supaya gak tambah cepat penularannya"
,"Masih mau hidup? Ikuti aturan, jika belum ada instruksi tutup, maka tetap sekolah tatap muka.. Jangan rewel, ayoo sekolah.."
,"Omicron Semakin Mengkhawatirkan, Sekolah Tatap Muka Harus Dievaluasi"
,"Kasus baru bertambah 4800-an sehari, hari ini. Satu-persatu anak-anak teman-temanku yang mulai bersekolah tatap muka tertular, kemudian menularkan seluruh keluarganya di rumah. Kenapa masih maksa sekolah tatap muka? Sekolah online satu semester lagi nggak terlalu jelek, kan?"
,sekolah lain pada pjj sekolah ku sendiri yang tatap muka
,Berharap banget sekolah Tatap Muka di tinjau ulang. Mau protokol kayak apa namanya anak ini lebih bahayain
,TOLOL !!!!!!! Sekolah TATAP MUKA kok dianggap sebuah IRONI IRONI itu jika anda mempercayai HALUSINASI dari WHO 
,takut bgt sekolah ak muridnya udah ada yg positif c word tapi belajar nya masih ptm trus juga guru”nya kaya nutup”in yg positif itu
,"Kasus c naik, d tempat ku ngajar msh ptm. Jdi takut"
,"Minggu ini giliran kelas Fadly yang PTM. Saya dan bapaknya memberikan ijin utk Fadly ikut PTM. Alhamdulillah Fadly juga sudah menerima vaksin baik dosis ke 1 maupun ke 2. Tenang deh ya, kan udah vaksin...."
,jujur gue takut bgt ptm besok
,"Kami sudah siap PTM, Bahkan Jatim itu adalah provinsi pertama kali di Indonesia yang akan melakukan uji coba PTM"
,"anjay ptm, kalo saya meninggal saya siap"
,"Ijin ptm sekolahku dicabut, apakah ak akan pjj lagi"
,"Gue gamau pjj, gamau ptm 100%, maunya ptm 50% aja"
,KESEL PTM 50% MULAI BESOK'
,"mending pjj gasih kalo kaya gini, soalnya kalo ptm 50% masi sedikit was was"
,Dom serang. Masih ptm 50% untungnya blm ada omongan bakal pjj. Kl bisa jangan'
,Pjj ptm perasaan sama aja dah wkwkwkwk kaga ngurangin kasus covidWajah netral yang ada makin stres
,aku milih pjj :( masalah disekitar sekolah itu ada 1 rt yg bener2 kena terus jg anak2nya gada tu yg namanya jaga jarak trs kmrn bru aja di sklh ada yg kena jdi takut
,Itulah makanya sekolah tidak membuat kita otomatis jadi pintar. Yg dikhawatirkan itu anak2 yg tertular krn PTM lalu menularkan pada keluarganya yg tidak bisa vaksin krn komorbid. Lalu kamu bilang tidak perlu takut krn keluargamu sudah vaksin semua. Hidup kok egois banget?
,"TAKUT BGT ANJING HRI INI PTM, PADAHAL UDH BANYAK SKLH YG PJJ"
,Takuttt untuk ptm tiba tiba satu kelas sekarang sakittttt Wajah murungWajah murungWajah murungBesok takut sekolah
,"Murid di sekolah gue ada yang kena omikron, tapi sekolah gue tetep berjalan ptm nya.... jujur takut banget"
,Mau bgt ptm tp takut
,"Anak saya jadi korban macam ini ... hari ini gurunya bicara ""klo km g mau vaksin brti ortu tdk ijin PTM itu km g boleh sekolah lagi ??? Wajah terkejut Sy jawab sy g ijin PTM Vaksin ... Sy ijin PTM WAJIB BELAJAR sesuai UUD Negara ... Lets See ja "
,"Akhirnya banyak sekolah terpaksa membatalkan pembelajaran tatap muka (PTM) karena Covid kembali merebak. Biarkan urusan PTM/PJJ jadi urusan Pemda/Pemprov, bkn urusan Pemerintah Pusat lagi"
,"kalian tatap muka atau pjj? kalo gue pjj, karena di daerah sekolah gue itu covid lagi naik semua, kakak sama adek adek gue juga pjj karena ada temennya yang kena, sekolah kalian ptm atau ga? btw stay safe ya"
,Anak sekolah tetap kan lah sekolah' tatap muka biar masih ada covid.. Sebab d rumah hanya asyik main game aja... Nga cerdas itu tunas bangsa
,"aku seneng bangettt karna sekolah udah tatap muka walau cuma 50%, tapi sangat sangat berguna untuk akuu apalagi gurunya ngejelasin materi langsung, gak kayak belajar online yang cuma nyomot vidio materi di YouTube"
,"dgn melihat angka ini, sekolah tetap belajar tatap muka, sungguh tidak bijak bila pengambilan keputasan tidak mempertimbangkan situasi terkini. kenapa hrs tunggu kasus meningkat parah baru ambil kptusan yg tpat. "
,"Ptm 50% menurutku gak efisien, sekelas sma aja pasti masih ngelanggar prokes kaya gak jaga jarak apalagi untuk anak smp dan sd. so, pjj here we go (again?)"
,"Moots, ini bukan mau nakut-nakutin ya. Tapi Omicron ini emang cuepet nyebarnya. Salah satu teman di FB, anaknya SD/SMP sudah full PTM. Baru sekolah 2 hari, anaknya sakit. Setelah 5 hari sekolah, kelas yang harusnya 50 anak cuma keisi kurang dari 20, semuanya sakit tenggorokan."
,"Buat bocah yg SD kita ga kasih ijin ikut PTM, wlo bbrp tmn menyayangkan kan sekolah cm bentar kasian dr msk SD ga pernah PTM Alasan kita soalnya bocah blm vaksin & msh suka lengah prokesnya"
,"siap Prof, emang yang paling aman pembukaan ptm itu menunggu indonesia vaksinasi 70% penduduk, atau kalau mau dikecilkan lagi pulau jawa 70% penduduknya sudah vaksinasi ya ? karena sekolah banyak sekali disini, masih terlalu bahaya ptm, sebaiknya ditunda"
,"Padahal saya sudah siap dan semangat untuk ptm,nmun ptm tidak jadi sepertinya karna kebijakan ppkm"
,"Mengadakan PTM tanpa ijin kepada pihak² terkait adalah suatu bentuk perlawanan terhadap pandemi hoax, maka dari itu kepada seluruh pengelola sekolahan² swasta jangan mau didikte oleh orang² brengsek terkait dengan pandemi hoax, tolak segala bentuk tes pcr & swab terhadap murid"
,"Hasil dr sekolah yg PTM 100% dgn alasan ‘menjalankan instruksi walikota’. Bukti nya peningkatan kasus nya di cluster sekolah yg sudah PTM.. Trus klo uda gini, mau lanjut PTM? Mosok kudu di tag twiter sekolah e sih? "
,"Sebenernya takut ptm 100% gini, tapi jujur ngga mau PJJ anjir bisa² gila kalo PJJ lagi, mending 50% aja lah ya"
,"Please jangan pjj lagi please. Pengen ngehabisin waktu yang tersisa sblm lulus dengan sebaik mungkin. Karena nanti pasti bakalan kangen banget sama masa ini. Tolong ya jangan pjj lagi, tolong bgt. Udah bagus ptm cepet paham sm materi yg di sampaikan. Semoga ngga pjj lg aamiin"
,"dari awal juga masih belum aman, ptmt saja masih buanyak yang ngga maskeran, ventilasi buruk dll, lha ini malah maksa 100%"
,Menunda PTM Terbatas malah pny efek buruk bagi siswa loh. Lha tetanggaku yg pny anak malah maeeeen mulu kerjaannya. Ya ortunya jg sibuk krj sih. Ngga bs nyalahin mereka ya. Tp PTM Terbatas ini hrs dilakukan dgn prokes jalan terus pokoknya.
,"Lebih baik tatap muka daripada menanamkan sifat PARNO ke anak, justru kita bakalan semakin ""negthink"" bahwa sekolah masih rentan terkena penyakit. Ya silahkan aja sih siapa yg ga betah anak sekolah daring, yg ada semakin tidak efisien."
,"Hari ini aku sekolah ptmt lagii jujur lebih seru sekolah dari pada online, merasa semuanya jelass... Catatan lebih enak di liat sama guru, lebih mudah dinilai gak sih? tapi gak siap ulangan abama huhu"
,"Ptmt pasti sangat berat, aku gak siap Kenapa sihh"
,"Anak-anak excited PTMT bahkan anak saya yg selama ini males mengerjakan tugas semalam mengerjakan tugas sampai malam agar bisa ditunjukkan ke gurunya. Jangan lagi kalian menyebar Isyu cluster, insya Allah prokes ketat akan melindungi mereka."
,"Saya tidak mengijinkan anak saya untuk mengikuti PTMT, sampai saat ini masih daring mengingat belum dilaksanakan vaksinasi dosis pertama bagi sebagian besar siswa dan seluruh tenaga pengajar Seharusnya sebelum dilaksanakan PTMT, dipastikan Vaksinasi untuk seluruh siswa dan Guru"
,menurunkan/melepas masker saat pelajaran. Baik siswa dan guru juga harus jujur terbuka kalau dirinya dan keluarganya ada yg sakit. Kalau demikian mending di rumah saja. Oh ya sekolah anak saya tetap melaksanakan blended learning sih. Utk anak² yg belum bisa PTMT boleh pilih PJJ
,bagi anak saya yg masih TK tentu PTMT menjadi momen yg berkesan krn bisa berinteraksi langsung dg teman dan guru.
,"Bulan kemaren PTMT seminggu sekali, bulan ini seminggu 2x. Anak saya ttp milih online dulu. 1) ga ada yg antar jemput, 2) meski kasus relatif landai, anak <12 th blm vaksin. Lebih baik lebay daripada abai."
,"Pd suatu rapat ortu-pihak sekolah terkait PTMT dan website sekolah Ibu 1: ""Sptinya kl via daring, anak saya lbih susah brkonsentrasi, pak, bu. Bgmn carany agar dpt belajar dgn baik ya?"" Aku trmenung, bukankah itu hanya dpt djawab oleh ortu? Kan yg lebih kenal anak tuh..yasudahla"
,"anak saya senin kemarin udah masuk.... setelah itu, izin gak ikut PTMT... ngeri.... gurunya udah vaksin, muridnya pada blm vaksin"
,"kalau saya mendukung PTMT sih, tapi ini sepertinya sekolah anak masih lanjut PJJ. Kita tukaran saja bagaimana? Haha"
,Jujur aku blm siap ptmt 100%
,"hari senin udah mulai sekolah lagi, tapi hati mungielku belum siap untuk bertemu matematika, IPA, dan PTMT 100%"
