date,original,tweet
2022-01-30 23:41:43+00:00,semangat sekolah meskipun ptm,semangat sekolah meskipun ptm
2022-01-30 23:23:30+00:00,oiyaa aku lupa ada ptm,oiyaa aku lupa ada ptm
2022-01-30 23:22:20+00:00,rt sch thoughts ada pilihan sebenernya kata aku balik pjj ptm lanjut ptm,rt sch thoughts ada pilihan sebenernya kata aku balik pjj ptm lanjut ptm
2022-01-30 23:18:37+00:00,schapp pagi sender ptm jadi,schapp pagi sender ptm jadi
2022-01-30 22:49:20+00:00,sudah sama ptm,sudah sama ptm
2022-01-30 22:42:48+00:00,rt kasus covid meningkat kaji ulang ptm penghentian ptm merupakan opsi dilakukan berbasis kajian,rt kasus covid meningkat kaji ulang ptm penghentian ptm merupakan opsi dilakukan berbasis kajian
2022-01-30 22:42:12+00:00,apapun aku mager sekolah bukan mslh kejepit ato liburnya cmn aku dr yang lalu udh ptm,apapun aku mager sekolah bukan mslh kejepit ato liburnya cmn aku dr lalu udh ptm
2022-01-30 18:01:12+00:00,rt sch thoughts ada pilihan sebenernya kata aku balik pjj ptmlanjut ptm,rt sch thoughts ada pilihan sebenernya kata aku balik pjj ptmlanjut ptm
2022-01-30 17:28:15+00:00,first ptm setelah hampir lebih cuman sampe jam set lamanya berasa banget udah kayak setengah la,first ptm setelah hampir lebih cuman sampe jam set lamanya berasa banget udah kayak setengah la
2022-01-30 16:05:50+00:00,rt sch thoughts ada pilihan sebenernya kata aku balik pjj ptm lanjut ptm,rt sch thoughts ada pilihan sebenernya kata aku balik pjj ptm lanjut ptm
2022-01-30 15:21:04+00:00,sekalian pjj aja soalnya kel ptm aku ga asik mood cekulah aja xixi,sekalian pjj aja soalnya kel ptm aku asik mood cekulah aja xixi
2022-01-30 15:11:44+00:00,mingdep ptm lagi jing,ptm lagi jing
2022-01-30 15:09:32+00:00,setengah ptm setengah pjj,setengah ptm setengah pjj
2022-01-30 15:09:05+00:00,rt silent jogja kembali berlakukan ptm persen setelah bbrp siswa positifsmg segera landai lagi,rt silent jogja kembali berlakukan ptm persen setelah bbrp siswa positifsmg segera landai lagi
2022-01-30 14:36:54+00:00,eh ada ingfo kalo besok di sesi lagi alias ptm,eh ada ingfo kalo besok di sesi lagi alias ptm
2022-01-30 14:35:35+00:00,yang positif aja trus jdi ptm sm guru guru jdi lebih sering sidak prokes dadakan,positif aja trus jdi ptm sm guru guru jdi lebih sering sidak prokes dadakan
2022-01-30 14:30:19+00:00,pengennya ptm,pengennya ptm
2022-01-30 14:26:02+00:00,ptm bakal lagi,ptm bakal lagi
2022-01-30 14:25:41+00:00,akuuu sekolah bilangnya dari prov jateng bukan pjj tadinya ptm dikurangi jadi atau pjj,akuuu sekolah bilangnya dari prov jateng bukan pjj tadinya ptm dikurangi jadi atau pjj
2022-01-30 14:23:24+00:00,sblm daring lagi gua ge ptm belum pernah,sblm daring lagi gua ge ptm belum pernah
2022-01-30 14:16:24+00:00,aku jakarta ptm jadi pjj sisahnya ptm sekolah lain,aku jakarta ptm jadi pjj sisahnya ptm sekolah lain
2022-01-30 14:15:40+00:00,punya gue ptm,punya gue ptm
2022-01-30 14:03:49+00:00,deng wkakajwj mulai besok ptm lagi gue suka ptm really really fun tho,deng wkakajwj mulai besok ptm lagi gue suka ptm really really fun tho
2022-01-30 14:00:47+00:00,sekolah kalbar ptm mungkin kedepannya ptm,sekolah kalbar ptm mungkin kedepannya ptm
2022-01-30 13:51:04+00:00,rt kasus covid meningkat kaji ulang ptm penghentian ptm merupakan opsi dilakukan berbasis kajian,rt kasus covid meningkat kaji ulang ptm penghentian ptm merupakan opsi dilakukan berbasis kajian
2022-01-30 13:49:26+00:00,bekasi dari pusat nder sebenernya ptm balik lagi,bekasi dari pusat nder sebenernya ptm balik lagi
2022-01-30 13:47:07+00:00,gatau katanya mau balik ptm,gatau katanya mau balik ptm
2022-01-30 13:45:39+00:00,ptm menurutku efisien sekelas sma aja pasti ngelanggar prokes kaya jaga jarak,ptm menurutku efisien sekelas sma aja pasti ngelanggar prokes kaya jaga jarak
2022-01-30 13:43:37+00:00,woii skolahku tbt jdi ptm persen lgi njrr gue sesi anjg,woii skolahku tbt jdi ptm persen lgi njrr gue sesi anjg
2022-01-30 13:42:36+00:00,udh seneng ptm tau dibikin smoga aja daring lagi,udh seneng ptm tau dibikin smoga aja daring lagi
2022-01-30 13:36:59+00:00,gue gamau pjj gamau ptm maunya ptm ajaaaa,gue gamau pjj gamau ptm maunya ptm ajaaaa
2022-01-30 13:24:27+00:00,nder ptm,nder ptm
2022-01-30 13:23:57+00:00,ptm dari nder,ptm dari nder
2022-01-30 13:18:17+00:00,rt kasus covid meningkat kaji ulang ptm penghentian ptm merupakan opsi dilakukan berbasis kajian,rt kasus covid meningkat kaji ulang ptm penghentian ptm merupakan opsi dilakukan berbasis kajian
2022-01-30 13:17:54+00:00,jd besok harusnya mulai ptm sekolah emang mulai ptm besok karena kemaren,jd besok harusnya mulai ptm sekolah emang mulai ptm besok karena kemaren
2022-01-30 13:17:04+00:00,dpr minta evaluasi ptm persen turun jadi persen,dpr minta evaluasi ptm persen turun jadi persen
2022-01-30 13:12:22+00:00,dari rencana ptm diturunin jadi sekarang jadi,dari rencana ptm diturunin jadi sekarang jadi
2022-01-30 13:08:13+00:00,rt kasus covid meningkat kaji ulang ptm xexxcpenghentian ptm merupakan opsi dilakukan berbasis kajian,rt kasus covid meningkat kaji ulang ptm xexxcpenghentian ptm merupakan opsi dilakukan berbasis kajian
2022-01-30 13:06:10+00:00,eh samaa gua kalo ptm suka mata pelajaran mtk kimia sm pjok soalnya olahraga sisanya kabur kantin,eh samaa gua kalo ptm suka mata pelajaran mtk kimia sm pjok soalnya olahraga sisanya kabur kantin
2022-01-30 13:04:23+00:00,kesel ptm mulai besok,kesel ptm mulai besok
2022-01-30 13:03:23+00:00,mulai ptm lagi,mulai ptm lagi
2022-01-30 13:02:33+00:00,sekolah daring lagipadahal udah nyaman sama ptm ginisetidaknya masuk sekolah,sekolah daring lagipadahal udah nyaman sama ptm ginisetidaknya masuk sekolah
2022-01-30 13:02:21+00:00,mending pjj gasih kalo kaya soalnya kalo ptm sedikit,mending pjj gasih kalo kaya soalnya kalo ptm sedikit
2022-01-30 13:02:19+00:00,klo di bolehin pjj yaudah aja maksa banget mau ptm,klo di bolehin pjj yaudah aja maksa banget mau ptm
2022-01-30 12:59:54+00:00,balik full pjj atau pjj sama ptm tp yang ptm udah vaksin dua aja,balik full pjj atau pjj sama ptm tp ptm udah vaksin dua aja
2022-01-30 12:57:54+00:00,sch thoughts ada pilihan sebenernya kata aku balik pjj ptmlanjut ptm,sch thoughts ada pilihan sebenernya kata aku balik pjj ptmlanjut ptm
2022-01-30 12:52:03+00:00,dom serang ptm untungnya belum ada omongan bakal pjj kalau jangannn,dom serang ptm untungnya belum ada omongan bakal pjj kalau jangannn
2022-01-30 12:47:37+00:00,gatau soalnya dari dibukanya ptm sampe kasus pertama di sklh gua semoga,gatau soalnya dari dibukanya ptm sampe kasus pertama di sklh gua semoga
2022-01-30 12:40:02+00:00,aaaaaa bsk ptm lagiiii huhu seru bgttt padahal kemarin udh ptm,aaaaaa bsk ptm lagiiii huhu seru bgttt kemarin udh ptm
2022-01-30 12:25:05+00:00,wih ptm full punya udah balik lagi,wih ptm full punya udah balik lagi
2022-01-30 12:20:38+00:00,kayanya cuma sekolahku aja deh di malang entah bene ato soalnya sekolahku sekarang yang,kayanya cuma sekolahku aja deh di malang entah bene ato soalnya sekolahku sekarang
2022-01-30 12:15:08+00:00,ptm udah full kelas kelas sama,ptm udah full kelas kelas sama
2022-01-30 11:59:23+00:00,aku balik ptm jadi masuknya gantian lagi,aku balik ptm jadi masuknya gantian lagi
2022-01-30 11:57:33+00:00,covid meningkat dpr minta ptm turun jadi persen,covid meningkat dpr minta ptm turun jadi persen
2022-01-30 11:57:15+00:00,tp jg krn ptm kantin buka kantin tutup alhamdulillah aman aja,tp jg krn ptm kantin buka kantin tutup alhamdulillah aman aja
2022-01-30 11:48:35+00:00,jujur gue senengseneng aja karena full ptm full ptm udah disuruh lagi anjj,jujur gue senengseneng aja karena full ptm full ptm udah disuruh lagi anjj
2022-01-30 11:48:33+00:00,kalo punyaku besok mulai ptm lagi tau,kalo punyaku besok mulai ptm lagi tau
2022-01-30 11:46:32+00:00,ehh asikk aku jadinya ptm karena sma tetangga ada positif mungkin di sekolahku ada,ehh asikk aku jadinya ptm karena sma tetangga ada positif mungkin di sekolahku ada
2022-01-30 11:30:47+00:00,pingin ptm lagiii,pingin ptm lagiii
2022-01-30 11:19:39+00:00,siallll sekolahku ptm lagiii,siallll sekolahku ptm lagiii
2022-01-30 11:17:37+00:00,dom kalian ptm atau moots,dom kalian ptm atau moots
2022-01-30 11:01:13+00:00,ptm atau alasannya,ptm atau alasannya
2022-01-30 10:56:59+00:00,jdi ptm pelajaran produktif ajasi yang kayak praktikum gtuu sama ditambah mtkpjokbk,jdi ptm pelajaran produktif ajasi kayak praktikum gtuu sama ditambah mtkpjokbk
2022-01-30 10:56:03+00:00,rt kasus covid meningkat kaji ulang ptm penghentian ptm merupakan opsi dilakukan berbasis kajian,rt kasus covid meningkat kaji ulang ptm penghentian ptm merupakan opsi dilakukan berbasis kajian
2022-01-30 10:55:06+00:00,ptm sidang pkl,ptm sidang pkl
2022-01-30 10:53:25+00:00,kasus covid meningkat kaji ulang ptm penghentian ptm merupakan opsi dilakukan berbasis,kasus covid meningkat kaji ulang ptm penghentian ptm merupakan opsi dilakukan berbasis
2022-01-30 10:39:20+00:00,sekolah ak gaada covid ptm trsss gpp deh kalo mah ngeri circle,sekolah ak gaada covid ptm trsss gpp deh kalo mah ngeri circle
2022-01-30 10:30:17+00:00,pjj selang seling kak jd sama aja yang ptm pjj aku dapetnya anjrit malesss,pjj selang seling kak jd sama aja ptm pjj aku dapetnya anjrit malesss
2022-01-30 10:13:07+00:00,ptm lagi,ptm lagi
2022-01-30 10:10:49+00:00,udah nyaman ptm mau ptmt huftt,udah nyaman ptm mau ptmt huftt
2022-01-30 10:03:36+00:00,wkwkwkwkwkwk km sekolahnya ptm jg kah,wkwkwkwkwkwk km sekolahnya ptm jg kah
2022-01-30 09:55:51+00:00,pjj balik lagi ptm,pjj balik lagi ptm
2022-01-30 09:49:22+00:00,ptm besok daring soalnya dipake kelas buat tes minat bakat,ptm besok daring soalnya dipake kelas buat tes minat bakat
2022-01-30 09:28:48+00:00,sekolahku tiba depan rubah dari ptm jadi ptm pjj,sekolahku tiba depan rubah dari ptm jadi ptm pjj
2022-01-30 09:22:36+00:00,dpr minta evaluasi ptm persen turun jadi persen,dpr minta evaluasi ptm persen turun jadi persen
2022-01-30 08:54:39+00:00,jadi ptm soalnya sma sebelah ada kena omicron,jadi ptm soalnya sma sebelah ada kena omicron
2022-01-30 08:48:41+00:00,kemarin bsk wadidaw kagett dong bsk ptm,kemarin bsk wadidaw kagett dong bsk ptm
2022-01-30 08:37:59+00:00,dari awal masuk sampe sekarang nder ptm pjj,dari awal masuk sampe sekarang nder ptm pjj
2022-01-30 08:29:57+00:00,energy school positive bukannya dibikin pjj semua malah tetep ptm walaupun kayaknya kalo ada,energy school positive bukannya dibikin pjj semua malah tetep ptm walaupun kayaknya kalo ada
2022-01-30 07:55:51+00:00,iya pjj ptm,iya pjj ptm
2022-01-30 07:49:03+00:00,dom semarang sekolahnya tetep ptm atau jadi,dom semarang sekolahnya tetep ptm atau jadi
2022-01-30 07:47:09+00:00,kelas ptm kalo kelas ptm,kelas ptm kalo kelas ptm
2022-01-30 07:44:29+00:00,moots bukan mau nakutnakutin omicron emang cuepet nyebarnya salah teman di fb anaknya sd,moots bukan mau nakutnakutin omicron emang cuepet nyebarnya salah teman di fb anaknya sd
2022-01-30 07:28:43+00:00,ada anak cewe di kelas beda sesi sama aku ptm udah ptm full kalau ngelihat aku kaya,ada anak cewe di kelas beda sesi sama aku ptm udah ptm full kalau ngelihat aku kaya
2022-01-30 07:15:46+00:00,terbagi dua kubu semenjak ptm sampe ada yang mipa amp mipa wkwkwkwkkw kemarin diesnat abis ri,terbagi dua kubu semenjak ptm sampe ada mipa amp mipa wkwkwkwkkw kemarin diesnat abis ri
2022-01-30 07:06:27+00:00,sch kebijakan kalo ada yang positif di sekolah di sekolah sender udh yang positif ptm,sch kebijakan kalo ada positif di sekolah di sekolah sender udh positif ptm
2022-01-30 07:03:36+00:00,ptm shift shiftan namanya bpk ibu,ptm shift shiftan namanya bpk ibu
2022-01-30 06:48:03+00:00,anjj sekolah adil banget njirr ptm lagi ganjil genap kemarin genap sampe jam trs beso,anjj sekolah adil banget njirr ptm lagi ganjil genap kemarin genap sampe jam trs beso
2022-01-30 06:37:09+00:00,ada apaxcxb sekolah ptm sesi masuknya seninrabujumat aku sesi,ada apaxcxb sekolah ptm sesi masuknya seninrabujumat aku sesi
2022-01-30 06:05:51+00:00,ptm,ptm
2022-01-30 06:03:22+00:00,balik lagi nder jadi sehari ptm sehari pjj,balik lagi nder jadi sehari ptm sehari pjj
2022-01-30 06:02:04+00:00,anjer blik lagi ptm,anjer blik lagi ptm
2022-01-30 05:43:06+00:00,hueeee km ptm aku malah tp semangat km nice day,hueeee km ptm aku malah tp semangat km nice day
2022-01-30 05:23:00+00:00,padal sedang merasakan indahnya ptm eh malah diubah jadi ptm taik taikk,padal sedang merasakan indahnya ptm eh malah diubah jadi ptm taik taikk
2022-01-30 04:35:05+00:00,gue ptm lagii nderr,gue ptm lagii nderr
2022-01-30 04:14:55+00:00,bakal ptm atau pjj,bakal ptm atau pjj
2022-01-30 04:06:59+00:00,kalian besok ptm atau balik lagi,kalian besok ptm atau balik lagi
2022-01-30 03:51:10+00:00,balik ptm,balik ptm
2022-01-30 03:18:54+00:00,ptm oh dong di bang,ptm oh dong di bang
2022-01-30 02:59:07+00:00,ptm katanya bentar lagi mau siiii,ptm katanya bentar lagi mau siiii
2022-01-30 02:41:29+00:00,ptm wfh aja selamat jg dong anak jangan pekerja aja yang di selamatkan,ptm wfh aja selamat jg dong anak jangan pekerja aja di selamatkan
2022-01-30 02:34:16+00:00,pengen pjj ptm,pengen pjj ptm
2022-01-30 02:13:58+00:00,silent jogja kembali berlakukan ptm persen setelah bbrp siswa positifsmg segera landai lagi,silent jogja kembali berlakukan ptm persen setelah bbrp siswa positifsmg segera landai lagi
2022-01-30 02:07:24+00:00,jujur pengen ptm bukan karena gue takut aja buka masker,jujur pengen ptm bukan karena gue takut aja buka masker
2022-01-30 01:18:58+00:00,ptm berangkat ptmnya selang seling,ptm berangkat ptmnya selang seling
2022-01-30 01:14:04+00:00,sekolahku besok mau uji coba pake sistem hybrid ptm pjj karena ada siswa sekolah sebelah,sekolahku besok mau uji coba pake sistem hybrid ptm pjj karena ada siswa sekolah sebelah
2022-01-29 23:49:53+00:00,schapp sender udah ptm disesi allah sender masuk jam seharusnya sesi jam sesi protesss,schapp sender udah ptm disesi allah sender masuk jam seharusnya sesi jam sesi protesss
2022-01-29 19:26:43+00:00,aaaaaaa mau ptm lagi jogjaaaa kaaaachhhh,aaaaaaa mau ptm lagi jogjaaaa kaaaachhhh
2022-01-29 16:07:04+00:00,dih anjing ptm lagi,dih anjing ptm lagi
2022-01-29 16:03:45+00:00,ptm,ptm
2022-01-29 15:55:43+00:00,ptm,ptm
2022-01-29 15:17:47+00:00,pjj ptm selangseling,pjj ptm selangseling
2022-01-29 14:56:13+00:00,iya deh kayaknya di sekolah aku aja banyak izin kelas aku masuk di fa,iya deh kayaknya di sekolah aku aja banyak izin kelas aku masuk di fa
2022-01-29 14:05:49+00:00,semoga ptm aja,semoga ptm aja
2022-01-29 14:00:36+00:00,rt hadeh emang serba salah ngadain ptm dimasa sekarang kalau terusin pjj materi paham ptm cuman,rt hadeh emang serba salah ngadain ptm dimasa sekarang kalau terusin pjj materi paham ptm cuman
2022-01-29 13:50:40+00:00,rt hadeh emang serba salah ngadain ptm dimasa sekarang kalau terusin pjj materi paham ptm cuman,rt hadeh emang serba salah ngadain ptm dimasa sekarang kalau terusin pjj materi paham ptm cuman
2022-01-29 13:44:28+00:00,emang paling bener ptm full online full offline,emang paling bener ptm full online full offline
2022-01-29 13:42:13+00:00,hadeh emang serba salah ngadain ptm dimasa sekarang kalau terusin pjj materi paham ptm,hadeh emang serba salah ngadain ptm dimasa sekarang kalau terusin pjj materi paham ptm
2022-01-29 13:36:32+00:00,ptm tp belum tau kalo depan soalnya belum dikasi jadwal masuk yang,ptm tp belum tau kalo depan soalnya belum dikasi jadwal masuk
2022-01-29 13:33:30+00:00,smansa beberapa lalu udh ptm cmn mulai depan udh lagix,smansa beberapa lalu udh ptm cmn mulai depan udh lagix
2022-01-29 13:30:08+00:00,jujur agak seneng ptm soalnya gajadi penilaian olahraga aku gabisa cuyyyyy nangis,jujur agak seneng ptm soalnya gajadi penilaian olahraga aku gabisa cuyyyyy nangis
2022-01-29 13:18:00+00:00,oh gue masuk ptm lagi,oh gue masuk ptm lagi
2022-01-29 12:46:45+00:00,di sekolah anakku depan mulai online kebijakan diambil krn kepseknya positif adeknya,di sekolah anakku depan mulai online kebijakan diambil krn kepseknya positif adeknya
2022-01-29 12:43:07+00:00,plis ptm lagi kayak tpi jangan,plis ptm lagi kayak tpi jangan
2022-01-29 12:07:36+00:00,belum pernah ptm,belum pernah ptm
2022-01-29 12:07:15+00:00,jadi sekolah ptm mau batal,jadi sekolah ptm mau batal
2022-01-29 12:02:19+00:00,ptm gtu setengah hope pjj lagi,ptm gtu setengah hope pjj lagi
2022-01-29 11:44:34+00:00,sekolah aku ptmsemoga aja pjj,sekolah aku ptmsemoga aja pjj
2022-01-29 11:37:52+00:00,rt parker anak sekolah sdh ptm mohon dipertimbangkan lagi buat ptm dahulu jangan menunggu di suatu sekolah,rt parker anak sekolah sdh ptm mohon dipertimbangkan lagi buat ptm dahulu jangan menunggu di suatu sekolah
2022-01-29 10:45:20+00:00,kalo ptm persen ketemu mas crush lagi,kalo ptm persen ketemu mas crush lagi
2022-01-29 10:39:49+00:00,aku smanli ptm mulai wkwkwk,aku smanli ptm mulai wkwkwk
2022-01-29 10:29:30+00:00,rt soldier wes paling bener skolah ptm amannek ptm pasti maret full lagi rsplus handwood distrik kop,rt soldier wes paling bener skolah ptm amannek ptm pasti maret full lagi rsplus handwood distrik kop
2022-01-29 10:18:17+00:00,sama dom lagi cuma sehari doang tapii aku bersyukur sama sekali ptm malah lebih sedih,sama dom lagi cuma sehari doang tapii aku bersyukur sama sekali ptm malah lebih sedih
2022-01-29 10:11:49+00:00,kalau bener ptm lagi yang study tour malioboro kayaknya udah banyak dilirik,kalau bener ptm lagi study tour malioboro kayaknya udah banyak dilirik
2022-01-29 10:00:16+00:00,dalam sepekan terakhir kasus covid di kota depok melonjak drastis mencapai lebih dari kasus setiap,dalam sepekan terakhir kasus covid di kota depok melonjak drastis mencapai lebih dari kasus setiap
2022-01-29 09:59:38+00:00,aku udah pjj ptm lagi dong xxx,aku udah pjj ptm lagi dong xxx
2022-01-29 09:50:03+00:00,sender balik ptm lagi aaaaaa sender punya temen sesi,sender balik ptm lagi aaaaaa sender punya temen sesi
2022-01-29 09:49:09+00:00,sekolah aku aja yang ptm jadi online lagi by the way yang lagi cari keyword element canva ada banyak yaa,sekolah aku aja ptm jadi online lagi way lagi cari keyword element canva ada banyak yaa
2022-01-29 09:17:34+00:00,ptm doang aku jd mager sekolah,ptm doang aku jd mager sekolah
2022-01-29 09:09:17+00:00,udh full ptm nder wlopun,udh full ptm nder wlopun
2022-01-29 08:56:48+00:00,stay safe ptm enak banget,stay safe ptm enak banget
2022-01-29 07:43:40+00:00,hah jogja ptm lagi,hah jogja ptm lagi
2022-01-29 06:54:38+00:00,sekolahku mulai full ptm garagara omicron depan mulai lagi,sekolahku mulai full ptm garagara omicron depan mulai lagi
2022-01-29 06:35:44+00:00,rt soldier wes paling bener skolah ptm amannek ptm pasti maret full lagi rsplus handwood distrik kop,rt soldier wes paling bener skolah ptm amannek ptm pasti maret full lagi rsplus handwood distrik kop
2022-01-29 06:33:20+00:00,aku tipe orang yang belajar diskusi di aku gapunya temen diskusi jadi belajarnya ben,aku tipe belajar diskusi di aku gapunya temen diskusi jadi belajarnya ben
2022-01-29 06:30:34+00:00,tekan penularan covid wakil wali kota depok minta ptm persen,tekan penularan covid wakil wali kota depok minta ptm persen
2022-01-29 06:17:43+00:00,rt soldier wes paling bener skolah ptm amannek ptm pasti maret full lagi rsplus handwood distrik kop,rt soldier wes paling bener skolah ptm amannek ptm pasti maret full lagi rsplus handwood distrik kop
2022-01-29 06:16:25+00:00,wes paling bener skolah ptm amannek ptm pasti maret full lagi rsplus handwood distrik,wes paling bener skolah ptm amannek ptm pasti maret full lagi rsplus handwood distrik
2022-01-29 06:09:41+00:00,kelas ada yang positif nder kemaren lusa trus kemaren kelas di swarame rame di sekolah jadi mi,kelas ada positif nder kemaren lusa trus kemaren kelas di swarame rame di sekolah jadi mi
2022-01-29 06:06:43+00:00,penting ptm ditunda kantor wfh atau wfh lebih,penting ptm ditunda kantor wfh atau wfh lebih
2022-01-29 05:50:00+00:00,sch kalian dom depok liat berita kayak ptm atau balik pjj lagi kalo sekolah send,sch kalian dom depok liat berita kayak ptm atau balik pjj lagi kalo sekolah send
2022-01-29 05:37:08+00:00,sebenernya takut ptm jujur mau pjj anjir gila kalo pjj lagi mending aja,sebenernya takut ptm jujur mau pjj anjir gila kalo pjj lagi mending aja
2022-01-29 05:25:10+00:00,ptm tp tok mbak sma malah ditutup total jd full daring wkwk,ptm tp tok mbak sma malah ditutup total jd full daring wkwk
2022-01-29 05:24:40+00:00,ptm kaloo ptm tuhh mainn circle kaloo udah ketemu sekelas semua seruuu jadii mending yang,ptm kaloo ptm tuhh mainn circle kaloo udah ketemu sekelas semua seruuu jadii mending
2022-01-29 05:05:32+00:00,ptm tar lama lama pjj aamiin,ptm tar lama lama pjj aamiin
2022-01-29 04:52:42+00:00,waaa sebetulnya aku ngerti papamu bolehin soalnya omicron emang lagi ngejamur bange,waaa sebetulnya aku ngerti papamu bolehin soalnya omicron emang lagi ngejamur bange
2022-01-29 03:38:31+00:00,prefer karna situasi sepenuhnya memungkinkan aku udah ptm asli sebenernya enakan ptm materi,prefer karna situasi sepenuhnya memungkinkan aku udah ptm asli sebenernya enakan ptm materi
2022-01-29 03:26:50+00:00,belum pernah ptm aku pengen ngerasain ptm soalnya tementemen yang aku kenal ada di sesi,belum pernah ptm aku pengen ngerasain ptm soalnya tementemen aku kenal ada di sesi
2022-01-29 02:46:12+00:00,iyaa katanya bbrp uda pjj tp klo di domku buat sma diganti ptm pjj klo gasalah pake sesi buat smp ptm,iyaa katanya bbrp uda pjj tp klo di domku buat sma diganti ptm pjj klo gasalah pake sesi buat smp ptm
2022-01-29 02:17:10+00:00,ptm enak agak sepi,ptm enak agak sepi
2022-01-29 00:41:28+00:00,awalnya soalnya lebih dikit orangnya lebih tenang ternyata seruan ptm banyak temen di kelas sa,awalnya soalnya lebih dikit orangnya lebih tenang ternyata seruan ptm banyak temen di kelas sa
2022-01-29 00:33:44+00:00,rt jogja berita jogja sultan minta ptm dikurangi,rt jogja berita jogja sultan minta ptm dikurangi
2022-01-29 00:29:11+00:00,biar ada istirahat aku suka yang rame mingdep angkatan di sekolah ptm,biar ada istirahat aku suka rame angkatan di sekolah ptm
2022-01-29 00:16:47+00:00,semoga bsk lagi deh ptm,semoga bsk lagi deh ptm
2022-01-29 00:15:43+00:00,official beda min tiap kotaa kalau di tempat aku liburr ada yang shift soalnya ptm,official beda min tiap kotaa kalau di tempat aku liburr ada shift soalnya ptm
2022-01-29 00:14:53+00:00,ptm sumpahhhh lebih tenangg,ptm sumpahhhh lebih tenangg
2022-01-28 23:15:13+00:00,berita jogja sultan minta ptm dikurangi,berita jogja sultan minta ptm dikurangi
2022-01-28 20:59:32+00:00,ptm karena di sesi lain banyak masalaahhh mau kebawa bawa,ptm karena di sesi lain banyak masalaahhh mau kebawa bawa
2022-01-28 18:36:34+00:00,tergantung kalau mending pjj aja sekalian semua soalnya kalau setengah gtu yang daring kep,tergantung kalau mending pjj aja sekalian semua soalnya kalau setengah gtu daring kep
2022-01-28 17:46:37+00:00,pengennya ptm aja kaya sekarang soalnya selain karena pandemi amp tren kasus,pengennya ptm aja kaya sekarang soalnya selain karena pandemi amp tren kasus
2022-01-28 17:20:40+00:00,sihh soalnya klo ptm fisik kerasa banget capeknya klo pjj capek mental,sihh soalnya klo ptm fisik kerasa banget capeknya klo pjj capek mental
2022-01-28 17:18:06+00:00,aku mau tpi ptm mau alias gue dah cpek kli anjim sekolah hr daring tw lagi,aku mau tpi ptm mau alias gue dah cpek kli anjim sekolah hr daring tw lagi
2022-01-28 16:17:52+00:00,sultan hamengku buwono meminta ptm jadi persen,sultan hamengku buwono meminta ptm jadi persen
2022-01-28 15:47:19+00:00,enakan ptm tugasnya terlalu banyakpjj enak lebih santai tugasnya video jadi mendin,enakan ptm tugasnya terlalu banyakpjj enak lebih santai tugasnya video jadi mendin
2022-01-28 15:29:20+00:00,kebanyakan kelompokpresentasi kalau ptm tp gphm materi klau pjj,kebanyakan kelompokpresentasi kalau ptm tp gphm materi klau pjj
2022-01-28 15:13:37+00:00,dikelasku aja yang izin ada gara sekolahku balik lagi ptm alhamdulillah aku udh sembuh,dikelasku aja izin ada gara sekolahku balik lagi ptm alhamdulillah aku udh sembuh
2022-01-28 15:08:56+00:00,ptm soalnya kalau ptm susah bagi waktuu,ptm soalnya kalau ptm susah bagi waktuu
2022-01-28 15:01:09+00:00,rt ptm sekarang tugas kelompoknya much seringnya kerja sendiri di sekolah nugas di rumah pr,rt ptm sekarang tugas kelompoknya much seringnya kerja sendiri di sekolah nugas di rumah pr
2022-01-28 14:53:06+00:00,rt sekolahsekolah di kota bogor menerapkan ptm persen sejak oktober,rt sekolahsekolah di kota bogor menerapkan ptm persen sejak oktober
2022-01-28 14:52:19+00:00,sekolahsekolah di kota bogor menerapkan ptm persen sejak oktober,sekolahsekolah di kota bogor menerapkan ptm persen sejak oktober
2022-01-28 14:39:03+00:00,rt kasus positif covid di diy naik menjadi,rt kasus positif covid di diy naik menjadi
2022-01-28 14:38:33+00:00,kasus positif covid di diy naik menjadi,kasus positif covid di diy naik menjadi
2022-01-28 14:33:56+00:00,libur dong sekolah gue ptm kebagian td pagi,libur dong sekolah gue ptm kebagian td pagi
2022-01-28 14:26:24+00:00,sering banget beda pendapat trus berasa beda kelas bercircle trus aku ngerasa kurang adil soalnya,sering banget beda pendapat trus berasa beda kelas bercircle trus aku ngerasa kurang adil soalnya
2022-01-28 14:23:23+00:00,gamauu pengennya ptm tp cuma kalau gakuat bgtt rasanya kelas penuhh sekolah penuhhh,gamauu pengennya ptm tp cuma kalau gakuat bgtt rasanya kelas penuhh sekolah penuhhh
2022-01-28 14:07:06+00:00,ptm sekarang tugas kelompoknya much seringnya kerja sendiri di sekolah nugas di rumah,ptm sekarang tugas kelompoknya much seringnya kerja sendiri di sekolah nugas di rumah
2022-01-28 13:54:00+00:00,next week nambah berapa kira kira ptm,next week nambah berapa kira kira ptm
2022-01-28 13:49:17+00:00,soalny ptm ny cm doang klo asik aja deh,soalny ptm ny cm doang klo asik aja deh
2022-01-28 13:47:49+00:00,apakah ptm lagi males,apakah ptm lagi males
2022-01-28 13:45:56+00:00,sekolah gua ptm tp sekolah lain udah di kasih surat buat pjj dn skolah gue belum skolah gue udh kayak tahu,sekolah gua ptm tp sekolah lain udah di kasih surat buat pjj dn skolah gue belum skolah gue udh kayak tahu
2022-01-28 13:41:54+00:00,rt menkes budi gunadi kalau kasusnya naik ptm persen turun jadi,rt menkes budi gunadi kalau kasusnya naik ptm persen turun jadi
2022-01-28 13:35:37+00:00,gue mau cerita kemaren gue ptm kabar baik adalah gue udah mulai akrasama temen se sesi gueee,gue mau cerita kemaren gue ptm kabar baik adalah gue udah mulai akrasama temen se sesi gueee
2022-01-28 13:19:04+00:00,sebenernya lebih enakan ptm jadi sekalian capek ptm pulangpulang mesti sekolah lagi,sebenernya lebih enakan ptm jadi sekalian capek ptm pulangpulang mesti sekolah lagi
2022-01-28 13:08:48+00:00,rt parker anak sekolah sdh ptm mohon dipertimbangkan lagi buat ptm dahulu jangan menunggu di suatu sekolah,rt parker anak sekolah sdh ptm mohon dipertimbangkan lagi buat ptm dahulu jangan menunggu di suatu sekolah
2022-01-28 13:02:25+00:00,rt jika angka kasus di jakarta semakin naik level ppkm jadi level maka otomatis ptm dibatasi maksimal persen jik,rt jika angka kasus di jakarta semakin naik level ppkm jadi level maka otomatis ptm dibatasi maksimal persen jik
2022-01-28 12:55:03+00:00,by the way sekolah gue emg belum ptm tp karena kemarin ada yang positif inimah gue yakin gabakal ptm,way sekolah gue emg belum ptm tp karena kemarin ada positif inimah gue yakin gabakal ptm
2022-01-28 12:49:39+00:00,parker temenku spa pernah cerita covid anak jg sama bahayanya dengan orang dewasa tdk,parker temenku spa pernah cerita covid anak jg sama bahayanya dewasa tdk
2022-01-28 12:30:57+00:00,awalnya mau ptm gue ngeluh krn pasti bakal berisik gue udh nyaman begitu dijalanin,awalnya mau ptm gue ngeluh krn pasti bakal berisik gue udh nyaman begitu dijalanin
2022-01-28 12:29:34+00:00,ptm sepi bangeeet gue se sesi sama temen gueeexfxfxxad ptm rame banget kdg kalo nunggu jemputan,ptm sepi bangeeet gue se sesi sama temen gueeexfxfxxad ptm rame banget kdg kalo nunggu jemputan
2022-01-28 12:24:01+00:00,ptm cuma abis lagi huhu,ptm cuma abis lagi huhu
2022-01-28 12:22:42+00:00,anak sekolah sdh ptm mohon dipertimbangkan lagi buat ptm dahulu jangan menunggu di suatu sek,anak sekolah sdh ptm mohon dipertimbangkan lagi buat ptm dahulu jangan menunggu di suatu sek
2022-01-28 12:19:21+00:00,belum ada info resmi rumornya prodi sebelah bakalan pake sistem gilir ptm sampai ut,belum ada info resmi rumornya prodi sebelah bakalan pake sistem gilir ptm sampai ut
2022-01-28 12:11:11+00:00,kalo ptm mah mending pjj,kalo ptm mah mending pjj
2022-01-28 12:08:05+00:00,bbener kata tiara kelas stress ptm kalo ptm full coba,bbener kata tiara kelas stress ptm kalo ptm full coba
2022-01-28 12:06:07+00:00,aku yang biasanya trs kemarin ada coba ptm malah pusing nder biasanya sepi krikkrik jd rameberisik,aku biasanya trs kemarin ada coba ptm malah pusing nder biasanya sepi krikkrik jd rameberisik
2022-01-28 12:01:50+00:00,pengen balik ptm lagi tolongggg,pengen balik ptm lagi tolongggg
2022-01-28 11:56:48+00:00,krna hmpir stngah udh ptm jd udh menyesuaikan dirii sm sesi,krna hmpir stngah udh ptm jd udh menyesuaikan dirii sm sesi
2022-01-28 11:54:20+00:00,ofc gue jadi terlihat oleh guru soalnya kelasan gua bacot banget babyck berisik orangnya cari muka,ofc gue jadi terlihat oleh guru soalnya kelasan gua bacot banget babyck berisik orangnya cari muka
2022-01-28 11:45:38+00:00,ptm bnr efektif mnrt gue,ptm bnr efektif mnrt gue
2022-01-28 11:16:50+00:00,ada sk menteri mengenai teknis pelaksanaan saya sendiri sebagai,ada sk menteri mengenai teknis pelaksanaan saya sendiri sebagai
2022-01-28 11:15:22+00:00,jaziel emm td dipulangin cepet sebaada yang kena covid kakel gue sklh gue yang udh ptm tau ba,jaziel emm td dipulangin cepet sebaada kena covid kakel gue sklh gue udh ptm tau ba
2022-01-28 11:11:51+00:00,ptm enak karna materi masuk otak interaksi langsung sama temen amp guru pjj enak,ptm enak karna materi masuk otak interaksi langsung sama temen amp guru pjj enak
2022-01-28 11:11:41+00:00,adek aku jdi ptm skrng krn tmnnya masalahnya orngnya sekolah kasian sama tmn yang lain,adek aku jdi ptm skrng krn tmnnya masalahnya orngnya sekolah kasian sama tmn lain
2022-01-28 11:08:42+00:00,rt menurut aku semenjak ptm tugas hampir berkurang nan menurut aku kaloe pjj tugas karena eman,rt menurut aku semenjak ptm tugas hampir berkurang nan menurut aku kaloe pjj tugas karena eman
2022-01-28 11:04:22+00:00,menurut aku semenjak ptm tugas hampir berkurang nan menurut aku kaloe pjj tugas kar,menurut aku semenjak ptm tugas hampir berkurang nan menurut aku kaloe pjj tugas kar
2022-01-28 11:00:05+00:00,covid diy naik dua lipat sultan ptm di sekolah dipangkas persen,covid diy naik dua lipat sultan ptm di sekolah dipangkas persen
2022-01-28 10:53:45+00:00,ptm seru bgtt tp capeknya ituloh klo pjj capek langsung tiduran,ptm seru bgtt tp capeknya ituloh klo pjj capek langsung tiduran
2022-01-28 10:52:19+00:00,sejujurnya tp kalau msh capek kalau gurunya bagi diri secara adil bagi yang ptm,sejujurnya tp kalau msh capek kalau gurunya bagi diri secara adil bagi ptm
2022-01-28 10:49:30+00:00,ptm biar deket sama semua tmn di kelas kalo di bagi sesi jadii kenal aja cang,ptm biar deket sama semua tmn di kelas kalo di bagi sesi jadii kenal aja cang
2022-01-28 10:40:00+00:00,juru bicara satgas penanganan covid kota depok dadang wihana merekomendasikan pihak sekolah membagi pelaksanaan,juru bicara satgas penanganan covid kota depok dadang wihana merekomendasikan pihak sekolah membagi pelaksanaan
2022-01-28 10:39:23+00:00,ptm maunya cuman supaya lebih dekat sama teman teman ikut ptm,ptm maunya cuman supaya lebih dekat sama teman teman ikut ptm
2022-01-28 10:31:47+00:00,pengen pengen gue maunya kaya kemaren soalnya semenjak ptm tugas kelompok gue makin ngadi,pengen pengen gue maunya kaya kemaren soalnya semenjak ptm tugas kelompok gue makin ngadi
2022-01-28 10:19:36+00:00,persen soalnya temen gua di sesi semua gua di sesi dua klo ptm kayak gaenak jauh jauhan bener duduknya,persen soalnya temen gua di sesi semua gua di sesi dua klo ptm kayak gaenak jauh jauhan bener duduknya
2022-01-28 10:18:37+00:00,buatku lebih enak ptm,buatku lebih enak ptm
2022-01-28 10:17:50+00:00,sama kayak sekolahku walau ptm ada positif malah sekolahku rencananya mau ptm depan,sama kayak sekolahku walau ptm ada positif malah sekolahku rencananya mau ptm depan
2022-01-28 10:06:05+00:00,pg mengusulkan agar penerapan pembalajaran tatap muka ptm persen diubah menjadi persen testing di sekola,pg mengusulkan agar penerapan pembalajaran tatap muka ptm persen diubah menjadi persen testing di sekola
2022-01-28 10:04:51+00:00,kalo ptm yakin kls survive tp ptm kerja kelompok mulu,kalo ptm yakin kls survive tp ptm kerja kelompok mulu
2022-01-28 10:00:01+00:00,ptm gua sanggup kyknya kalo ptm,ptm gua sanggup kyknya kalo ptm
2022-01-28 09:58:31+00:00,sedih banget masa ptm lagi,sedih banget masa ptm lagi
2022-01-28 09:56:50+00:00,wkwkwkw pengen ptm lagi aja,wkwkwkw pengen ptm lagi aja
2022-01-28 09:51:41+00:00,ternyata ada untungnya ptm tiap jadi ikut takut kalo ptm,ternyata ada untungnya ptm tiap jadi ikut takut kalo ptm
2022-01-28 09:46:49+00:00,ptm kalo ptm penyampaian materinya sama rata dikelas gue sendiri aja udah ngerasain,ptm kalo ptm penyampaian materinya sama rata dikelas gue sendiri aja udah ngerasain
2022-01-28 09:45:43+00:00,enakan jelass ptm di rumah kaya dongo,enakan jelass ptm di rumah kaya dongo
2022-01-28 09:45:23+00:00,jika angka kasus di jakarta semakin naik level ppkm jadi level maka otomatis ptm dibatasi maksimal perse,jika angka kasus di jakarta semakin naik level ppkm jadi level maka otomatis ptm dibatasi maksimal perse
2022-01-28 09:44:25+00:00,ptm hehehe soalnya kalo circle jdinya dehh,ptm hehehe soalnya kalo circle jdinya dehh
2022-01-28 09:43:24+00:00,sebelum ptm di sekolah semua kegiatan belajar mengajar mpls atau fortasi di laksanain secara daring,sebelum ptm di sekolah semua kegiatan belajar mengajar mpls atau fortasi di laksanain secara daring
2022-01-28 09:40:56+00:00,gamau maunya aja soalnya lebih fokus anak anak kls gua ptm berisik banget sampe gu,gamau maunya aja soalnya lebih fokus anak anak kls gua ptm berisik banget sampe gu
2022-01-28 09:35:12+00:00,yashhhhh mingdep ptm alhamdulillah,yashhhhh ptm alhamdulillah
2022-01-28 09:32:21+00:00,pengen ptm aja jadi tetep ada sesi di gabung,pengen ptm aja jadi tetep ada sesi di gabung
2022-01-28 09:31:44+00:00,gasih ptm ajhhhh,gasih ptm ajhhhh
2022-01-28 09:23:53+00:00,mungkin aku tugas ptm ngotak parah,mungkin aku tugas ptm ngotak parah
2022-01-28 08:47:34+00:00,sama nder tp ak ptm nyamasih,sama nder tp ak ptm nyamasih
2022-01-28 08:14:40+00:00,belum pernah ptm tp pengen banget nyobain yang krn kaloo ptm berasa beda kelas dengan yang beda sesi,belum pernah ptm tp pengen banget nyobain krn kaloo ptm berasa beda kelas beda sesi
2022-01-28 08:05:21+00:00,ptm krn rame amp lebih mudah ngerti materinya,ptm krn rame amp lebih mudah ngerti materinya
2022-01-28 07:59:36+00:00,satgas merekomendasikan ptm dibagi sesi jumlah siswa mengikuti ptm tiap sesinya yakni persen dari kapasi,satgas merekomendasikan ptm dibagi sesi jumlah siswa mengikuti ptm tiap sesinya yakni persen dari kapasi
2022-01-28 07:40:00+00:00,persatuan guru republik indonesia mendesak pemerintah mengambil langkah bijak terkait merebaknya covid varian om,persatuan guru republik indonesia mendesak pemerintah mengambil langkah bijak terkait merebaknya covid varian om
2022-01-28 07:25:02+00:00,pemerintah kota depok mengajukan surat kepada menteri pendidikan agar ptm persen kembali dievaluasi dikem,pemerintah kota depok mengajukan surat kepada menteri pendidikan agar ptm persen kembali dievaluasi dikem
2022-01-28 06:10:42+00:00,kasus covid melonjak ptm di kabupaten purwakarta kembali persen,kasus covid melonjak ptm di kabupaten purwakarta kembali persen
2022-01-28 05:45:27+00:00,udah semester ptm by the way semangatt sender semoga nilainya memuaskan,udah semester ptm way semangatt sender semoga nilainya memuaskan
2022-01-28 05:44:05+00:00,ptm sering deg degan setelah ptm jadi paling kadang males aja kalo ada mata pelajaran yang,ptm sering deg degan setelah ptm jadi paling kadang males aja kalo ada mata pelajaran
2022-01-28 05:32:48+00:00,sekolahku ptm wajib boleh ptm boleh banyak yang milih ptm jadi yaagitu takuutt banget,sekolahku ptm wajib boleh ptm boleh banyak milih ptm jadi yaagitu takuutt banget
2022-01-28 04:54:36+00:00,berat badan gue biasanya sebenernya felt confident bsegitu badan gue bagus know th,berat badan gue biasanya sebenernya felt confident bsegitu badan gue bagus know th
2022-01-28 04:18:14+00:00,sama bgtt beberapa sekolah nerapin pasti ada aja yang kena kebijakan beberapa sekolah langsung pt,sama bgtt beberapa sekolah nerapin pasti ada aja kena kebijakan beberapa sekolah langsung pt
2022-01-28 04:14:27+00:00,udah melakukan daring buat anak walau sekolah memaksakan ptm setelah sebelumnya komitmen sekola,udah melakukan daring buat anak walau sekolah memaksakan ptm setelah sebelumnya komitmen sekola
2022-01-28 03:05:36+00:00,nihh ptm pjj,nihh ptm pjj
2022-01-28 03:00:58+00:00,yadongg ptm jadi lebih cpet pulangnya yhahhaa iri loe,yadongg ptm jadi lebih cpet pulangnya yhahhaa iri loe
2022-01-28 02:55:45+00:00,anakku ptm capt online dari rumah,anakku ptm capt online dari rumah
2022-01-28 02:18:14+00:00,menurut saya jangan hentikan ptm persen tetapi pemda di,menurut saya jangan hentikan ptm persen tetapi pemda di
2022-01-28 01:46:10+00:00,dengan makin melonjaknya kasus harian akibat varian omicron ditambah dengan subvarian lbh baik,makin melonjaknya kasus harian akibat varian omicron ditambah subvarian lbh baik
2022-01-27 23:51:54+00:00,rt kurang dari sebulan ptm persen diadakan banyak sekolah ditutup akibat kasus penularan perhimpunan pendidikan gu,rt kurang dari sebulan ptm persen diadakan banyak sekolah ditutup akibat kasus penularan perhimpunan pendidikan gu
2022-01-27 23:45:00+00:00,kurang dari sebulan ptm persen diadakan banyak sekolah ditutup akibat kasus penularan perhimpunan pendidikan,kurang dari sebulan ptm persen diadakan banyak sekolah ditutup akibat kasus penularan perhimpunan pendidikan
2022-01-27 23:32:28+00:00,itulah selama status pandemi belum dicabut seharusnya sekolah ptm tetap kembalikan keputusan pd,itulah selama status pandemi belum dicabut seharusnya sekolah ptm tetap kembalikan keputusan pd
2022-01-27 22:04:20+00:00,ptm pjj wkwkwk alias ptmt lagi,ptm pjj wkwkwk alias ptmt lagi
2022-01-27 20:45:58+00:00,rt jadi seingat saya kalau kasusnya naik ppkmnya naik turun dari persen kalau naik lagi turun,rt jadi seingat saya kalau kasusnya naik ppkmnya naik turun dari persen kalau naik lagi turun
2022-01-27 20:38:33+00:00,jadi seingat saya kalau kasusnya naik ppkmnya naik turun dari persen kalau naik lag,jadi seingat saya kalau kasusnya naik ppkmnya naik turun dari persen kalau naik lag
2022-01-27 16:23:36+00:00,beberapa daerah langsung berani ptm dah daerah gue anjr,beberapa daerah langsung berani ptm dah daerah gue anjr
2022-01-27 15:48:33+00:00,sedih aku hampir sma sekolah full siswa sama guru cuma sehari bersihbersih kela,sedih aku hampir sma sekolah full siswa sama guru cuma sehari bersihbersih kela
2022-01-27 15:25:28+00:00,pjj ptm oke kalo,pjj ptm oke kalo
2022-01-27 15:03:19+00:00,jujur pjj lebih efektif ptm aja efektif,jujur pjj lebih efektif ptm aja efektif
2022-01-27 15:00:53+00:00,rt menkes budi gunadi kalau kasusnya naik ptm persen turun jadi,rt menkes budi gunadi kalau kasusnya naik ptm persen turun jadi
2022-01-27 14:49:02+00:00,rt menkes budi gunadi kalau kasusnya naik ptm persen turun jadi,rt menkes budi gunadi kalau kasusnya naik ptm persen turun jadi
2022-01-27 14:44:36+00:00,rt menkes budi gunadi kalau kasusnya naik ptm persen turun jadi,rt menkes budi gunadi kalau kasusnya naik ptm persen turun jadi
2022-01-27 14:43:05+00:00,menkes budi gunadi kalau kasusnya naik ptm persen turun jadi,menkes budi gunadi kalau kasusnya naik ptm persen turun jadi
2022-01-27 13:48:45+00:00,saran yang sangat baik dr perhimpunan pendidikan guru pg yang berada di ujung tombak pendidikan semoga gubern,saran sangat baik dr perhimpunan pendidikan guru pg berada di ujung tombak pendidikan semoga gubern
2022-01-27 13:44:21+00:00,seharian isinya sambat mulu ttg tugas sekolah emang secapek pulang ptm jam lanjut kerja,seharian isinya sambat mulu ttg tugas sekolah emang secapek pulang ptm jam lanjut kerja
2022-01-27 13:37:01+00:00,ahh shit binder catetan mtk gue ketinggalan di laci kelas bsk sekolah lagi gegara balik lagi ptm,ahh shit binder catetan mtk gue ketinggalan di laci kelas bsk sekolah lagi gegara balik lagi ptm
2022-01-27 13:13:05+00:00,hhmmmxfxfxax yth prof ptm siswa di pekanbaru smp,hhmmmxfxfxax yth prof ptm siswa di pekanbaru smp
2022-01-27 12:44:39+00:00,kayaknya otomatis diliburin dehh tetep ptm soalnya tempetku gituu stay safe waa,kayaknya otomatis diliburin dehh tetep ptm soalnya tempetku gituu stay safe waa
2022-01-27 12:14:47+00:00,susah dihindari dok bekasi ptm wfo,susah dihindari dok bekasi ptm wfo
2022-01-27 12:08:23+00:00,rt sebagai ibuk yang suka memantau kepatuhan prokes di sekolah aktif memantau kedisiplinan nakes,rt sebagai ibuk suka memantau kepatuhan prokes di sekolah aktif memantau kedisiplinan nakes
2022-01-27 12:08:00+00:00,sebagai ibuk yang suka memantau kepatuhan prokes di sekolah aktif memantau kedisiplin,sebagai ibuk suka memantau kepatuhan prokes di sekolah aktif memantau kedisiplin
2022-01-27 12:07:30+00:00,tiga siswa terpapar covid ptm turun persen via,tiga siswa terpapar covid ptm turun persen via
2022-01-27 11:46:58+00:00,riau kasus sudah mulai di atas kasus ptm siswa di pekanbaru smp sma,riau kasus sudah mulai di atas kasus ptm siswa di pekanbaru smp sma
2022-01-27 11:38:35+00:00,rt ptm jalan harusnya liat keadaan lokalnya ush digeneralisasi semua daera,rt ptm jalan harusnya liat keadaan lokalnya ush digeneralisasi semua daera
2022-01-27 11:30:54+00:00,rt ptm jalan harusnya liat keadaan lokalnya ush digeneralisasi semua daera,rt ptm jalan harusnya liat keadaan lokalnya ush digeneralisasi semua daera
2022-01-27 11:30:23+00:00,ptm jalan harusnya liat keadaan lokalnya ush digeneralisasi semua da,ptm jalan harusnya liat keadaan lokalnya ush digeneralisasi semua da
2022-01-27 11:20:16+00:00,stress ptm mau back,stress ptm mau back
2022-01-27 11:11:37+00:00,jangan sampe minimal mah ptm sisanya pjj jangan terusan pjj anjir,jangan sampe minimal mah ptm sisanya pjj jangan terusan pjj anjir
2022-01-27 10:52:04+00:00,gaada nder aku ptm,gaada nder aku ptm
2022-01-27 10:32:40+00:00,yeyy glad know maap jrg tgs sekolah makin bnyk trs ptm jg walaupun perminggu gt kangennnn,yeyy glad know maap jrg tgs sekolah makin bnyk trs ptm jg walaupun perminggu gt kangennnn
2022-01-27 10:32:20+00:00,hiii maap jrg tgs sekolah makin bnyk trs ptm jg walaupun perminggu gt kangennnn,hiii maap jrg tgs sekolah makin bnyk trs ptm jg walaupun perminggu gt kangennnn
2022-01-27 10:32:11+00:00,yeyy glad know maap jrg tgs sekolah makin bnyk trs ptm jg walaupun perminggu gt kangennnn,yeyy glad know maap jrg tgs sekolah makin bnyk trs ptm jg walaupun perminggu gt kangennnn
2022-01-27 10:31:55+00:00,yeyy glad know maap jrg tgs sekolah makin bnyk trs ptm jg walaupun perminggu gt kangennnn,yeyy glad know maap jrg tgs sekolah makin bnyk trs ptm jg walaupun perminggu gt kangennnn
2022-01-27 10:31:35+00:00,yeyy glad know maap jrg tgs sekolah makin bnyk trs ptm jg walaupun perminggu gt kangennnn,yeyy glad know maap jrg tgs sekolah makin bnyk trs ptm jg walaupun perminggu gt kangennnn
2022-01-27 10:31:29+00:00,yeyy glad know maap jrg tgs sekolah makin bnyk trs iya uda masuk ptm tp perminggu gt kangen,yeyy glad know maap jrg tgs sekolah makin bnyk trs iya uda masuk ptm tp perminggu gt kangen
2022-01-27 10:30:53+00:00,yeyy glad know maap jrg tgs sekolah makin bnyk trs ptm jg walaupun perminggu gt,yeyy glad know maap jrg tgs sekolah makin bnyk trs ptm jg walaupun perminggu gt
2022-01-27 10:30:40+00:00,yeyy glad know maap jrg tgs sekolah makin bnyk trs ptm jg walaupun perminggu gt kangennnn,yeyy glad know maap jrg tgs sekolah makin bnyk trs ptm jg walaupun perminggu gt kangennnn
2022-01-27 10:30:35+00:00,yeyy glad know maap jrg tgs sekolah makin bnyk trs ptm jg walaupun perminggu gt kangennnn,yeyy glad know maap jrg tgs sekolah makin bnyk trs ptm jg walaupun perminggu gt kangennnn
2022-01-27 10:30:24+00:00,hii miwaa maap jrg tgs sekolah makin bnyk trs ptm jg walaupun perminggu gt,hii miwaa maap jrg tgs sekolah makin bnyk trs ptm jg walaupun perminggu gt
2022-01-27 10:29:58+00:00,yeyy glad know maap jrg tgs sekolah makin bnyk trs ptm jg walaupun perminggu gt,yeyy glad know maap jrg tgs sekolah makin bnyk trs ptm jg walaupun perminggu gt
2022-01-27 10:29:32+00:00,yeyy glad know maap jrg tgs sekolah makin bnyk trs ptm jg walaupun perminggu gt kangennnn,yeyy glad know maap jrg tgs sekolah makin bnyk trs ptm jg walaupun perminggu gt kangennnn
2022-01-27 10:29:26+00:00,yeyy glad know maap jrg tgs sekolah makin bnyk trs ptm jg walaupun perminggu gt,yeyy glad know maap jrg tgs sekolah makin bnyk trs ptm jg walaupun perminggu gt
2022-01-27 10:28:51+00:00,yeyy glad know maap jrg tgs sekolah makin bnyk trs ptm jg walaupun perminggu gt kangennnn,yeyy glad know maap jrg tgs sekolah makin bnyk trs ptm jg walaupun perminggu gt kangennnn
2022-01-27 09:47:01+00:00,kasus covid kembali melonjak asosiasi guru desak ptm cukup persen,kasus covid kembali melonjak asosiasi guru desak ptm cukup persen
2022-01-27 09:36:55+00:00,sekolah ditutup karena covid pg mendesak anies ptm persen,sekolah ditutup karena covid pg mendesak anies ptm persen
2022-01-27 09:32:40+00:00,kasus naik asosiasi guru desak ptm persen,kasus naik asosiasi guru desak ptm persen
2022-01-27 06:51:54+00:00,sridianava daerah sichklo cilacap jateng ptm di bagi dua sift masuknya,sridianava daerah sichklo cilacap jateng ptm di bagi dua sift masuknya
2022-01-27 06:25:03+00:00,ppkm level di jakarta berlaku sampai januari,ppkm level di jakarta berlaku sampai januari
2022-01-27 05:48:53+00:00,ptm jd masuk sdikit muridnaa wkwkwkwkk,ptm jd masuk sdikit muridnaa wkwkwkwkk
2022-01-27 04:04:32+00:00,gue uda gila gue gila banget gue butuh pjj atau ptm absen gue udah tahan sega,gue uda gila gue gila banget gue butuh pjj atau ptm absen gue udah tahan sega
2022-01-27 04:04:13+00:00,sejak anak sekolahan full ptm kerasa bangeeeettt capeknya pp sda sby krn jalanan bener macet tiap pagi bi,sejak anak sekolahan full ptm kerasa bangeeeettt capeknya pp sda sby krn jalanan bener macet tiap pagi bi
2022-01-27 03:51:14+00:00,iya aku denger antara ada ptm atau ptm,iya aku denger antara ada ptm atau ptm
2022-01-27 03:44:16+00:00,apakah timingnya tepat di tengah melonjaknya kasus harian covid ptm dipaksak,apakah timingnya tepat di tengah melonjaknya kasus harian covid ptm dipaksak
2022-01-27 02:51:53+00:00,liat dilapangan pelaksanaan aslinya kyk tiap balik sklh ruwet kyk,liat dilapangan pelaksanaan aslinya kyk tiap balik sklh ruwet kyk
2022-01-27 02:43:16+00:00,ptm soalnya kalo doang flop,ptm soalnya kalo doang flop
2022-01-27 02:01:17+00:00,sama banget udah ptm sekarang pjj ptm,sama banget udah ptm sekarang pjj ptm
2022-01-27 01:28:19+00:00,meeet pagiiiiii dari aku finally ptm hihi,meeet pagiiiiii dari aku finally ptm hihi
2022-01-27 00:50:15+00:00,by the way sebelum ptm wali murid disurvey mau daring atau luring da,way sebelum ptm wali murid disurvey mau daring atau luring da
2022-01-27 00:35:27+00:00,sekolah rin balik ptm gegara ada yang word trs rin milih buat masuk sekolah krn takut,sekolah rin balik ptm gegara ada word trs rin milih buat masuk sekolah krn takut
2022-01-27 00:04:15+00:00,buat kkl kalo ujungnya piknik males banget wahai dkn belum persiapan luring ptm kost dll rekan seangkat,buat kkl kalo ujungnya piknik males banget wahai dkn belum persiapan luring ptm kost dll rekan seangkat
2022-01-26 22:52:48+00:00,disekolahku ptm sehari besoknya pjj,disekolahku ptm sehari besoknya pjj
2022-01-26 22:50:06+00:00,lalu udh gegara kabupaten level omicron jadinya dibuat ptm,lalu udh gegara kabupaten level omicron jadinya dibuat ptm
2022-01-26 22:03:21+00:00,ptm jdi jngn gue duduk jdi di depan,ptm jdi jngn gue duduk jdi di depan
2022-01-26 20:36:15+00:00,kalau balik lagi kebijakan masingmasing sekolah sekolahku menetapkan selama semester kemaren,kalau balik lagi kebijakan masingmasing sekolah sekolahku menetapkan selama semester kemaren
2022-01-26 18:17:34+00:00,mulai mencium aroma aroma ptm,mulai mencium aroma aroma ptm
2022-01-26 18:14:20+00:00,aku masing ada kurlebnya pjj alu jenuh tp enak jd lebih cape fisik ptm asik ktmu tmn,aku masing ada kurlebnya pjj alu jenuh tp enak jd lebih cape fisik ptm asik ktmu tmn
2022-01-26 16:29:06+00:00,males ngotorin seragam buang bensin soalnya cmn pensi doang gt jd ngapain mending,males ngotorin seragam buang bensin soalnya cmn pensi doang gt jd ngapain mending
2022-01-26 16:11:05+00:00,ptm mending kalau ada ulhar online semua aja,ptm mending kalau ada ulhar online semua aja
2022-01-26 15:51:15+00:00,ptm nder kelas sama gantian masuknya per udah dibagi dua sesi selang seling sehari,ptm nder kelas sama gantian masuknya per udah dibagi dua sesi selang seling sehari
2022-01-26 15:37:57+00:00,jujurrr lebih suka ptm tapiii temen gueee bedaa sesiii gue gapunya temen lagi di sesi yang sama kaya gueee,jujurrr lebih suka ptm tapiii temen gueee bedaa sesiii gue gapunya temen lagi di sesi sama kaya gueee
2022-01-26 15:26:25+00:00,besok pengen ijin bleh tapo ptm udah aku gadapet duit tiap lagi serius lagi period enakkk bange,besok pengen ijin bleh tapo ptm udah aku gadapet duit tiap lagi serius lagi period enakkk bange
2022-01-26 15:10:20+00:00,sch sender pengen pjj pengen ptm,sch sender pengen pjj pengen ptm
2022-01-26 15:08:09+00:00,bbalik ptm lagi krn ada yang,bbalik ptm lagi krn ada
2022-01-26 14:55:29+00:00,daripada ptm mending pjj,ptm mending pjj
2022-01-26 14:45:03+00:00,sekolah sender mau balik ptm lagi huhu udah enak full,sekolah sender mau balik ptm lagi huhu udah enak full
2022-01-26 14:40:00+00:00,evaluasi ketentuannya kalau di level katanya di balai kota dki jakarta sumbe,evaluasi ketentuannya kalau di level katanya di balai kota dki jakarta sumbe
2022-01-26 14:38:30+00:00,bsk ptm lagi tp ak galaux lagian kpn jd banyak yang positif elah,bsk ptm lagi tp ak galaux lagian kpn jd banyak positif elah
2022-01-26 14:30:07+00:00,ada temen sebangku krn ptm,ada temen sebangku krn ptm
2022-01-26 14:06:39+00:00,yang kuliah ptm terbatas sedangkan tingkatan paud tk yang jelas ngatur diri sendiri,kuliah ptm terbatas sedangkan tingkatan paud tk jelas ngatur diri sendiri
2022-01-26 13:40:16+00:00,rt perhimpunan pendidikan guru pg meminta gubernur dki jakarta anies baswedan mengevaluasi pelaksanaan ptm pers,rt perhimpunan pendidikan guru pg meminta gubernur dki jakarta anies baswedan mengevaluasi pelaksanaan ptm pers
2022-01-26 13:30:43+00:00,rt sekolah ditutup karena covid pg desak anies ptm persen,rt sekolah ditutup karena covid pg desak anies ptm persen
2022-01-26 13:29:13+00:00,sekolah ditutup karena covid pg desak anies ptm persen,sekolah ditutup karena covid pg desak anies ptm persen
2022-01-26 13:21:37+00:00,ri ptm bs jd daring pjj terutama,ri ptm bs jd daring pjj terutama
2022-01-26 13:19:42+00:00,dom onlen di gue ptm,dom onlen di gue ptm
2022-01-26 13:16:16+00:00,ptm sekolah gue terancam turun jangan doooooong duit jajan gue belum kekumpul sejuta,ptm sekolah gue terancam turun jangan doooooong duit jajan gue belum kekumpul sejuta
2022-01-26 12:52:42+00:00,rt hingga sudah ada sekolah di jakarta ditutup,rt hingga sudah ada sekolah di jakarta ditutup
2022-01-26 12:51:52+00:00,hingga sudah ada sekolah di jakarta ditutup,hingga sudah ada sekolah di jakarta ditutup
2022-01-26 12:51:32+00:00,anakanak sekolah di jakarta yang rada khawatir karena ptm full atau kasus covid lagi,anakanak sekolah di jakarta rada khawatir karena ptm full atau kasus covid lagi
2022-01-26 12:27:27+00:00,deh suka ptm karna ketemu crush pjj karna seru di rumah belajar,deh suka ptm karna ketemu crush pjj karna seru di rumah belajar
2022-01-26 12:10:34+00:00,ptm,ptm
2022-01-26 12:10:10+00:00,assalamualaikum sehubungan naik angka covid di dki apakah layak ptm sementara,assalamualaikum sehubungan naik angka covid di dki apakah layak ptm sementara
2022-01-26 12:09:34+00:00,ngajar sumpah capek banget wes mending entah semua pjj atau semua ptm asal jangan separoh,ngajar sumpah capek banget wes mending entah semua pjj atau semua ptm asal jangan separoh
2022-01-26 12:07:13+00:00,trus ptm kasus udh tambah begini ko ptm di lanjutkankasian anak sement,trus ptm kasus udh tambah begini ko ptm di lanjutkankasian anak sement
2022-01-26 12:02:34+00:00,kalau distopminimal jadi ptm,kalau distopminimal jadi ptm
2022-01-26 11:56:30+00:00,rt pg mendesak anies baswedan kepala daerah sekitar ganti ptm persen jadi persen keselamatan kesehata,rt pg mendesak anies baswedan kepala daerah sekitar ganti ptm persen jadi persen keselamatan kesehata
2022-01-26 11:43:04+00:00,dari awal blended learning pjj ptm,dari awal blended learning pjj ptm
2022-01-26 11:38:53+00:00,aku ptm ptm ptm sesi smpe sekarng,aku ptm ptm ptm sesi smpe sekarng
2022-01-26 11:36:51+00:00,sesi jadi absen pagi ikut mata pelajaran absen ikut mata pelajaran ming,sesi jadi absen pagi ikut mata pelajaran absen ikut mata pelajaran ming
2022-01-26 11:10:20+00:00,rt perhimpunan pendidikan guru pg meminta gubernur dki jakarta anies baswedan mengevaluasi pelaksanaan ptm pers,rt perhimpunan pendidikan guru pg meminta gubernur dki jakarta anies baswedan mengevaluasi pelaksanaan ptm pers
2022-01-26 11:09:23+00:00,besok gua ptm lagi anjir menggabut,besok gua ptm lagi anjir menggabut
2022-01-26 10:59:44+00:00,sch guyss doain daerah tetap safe yaa biar sekolahku tetep jalann walau cuma yang penting tetep ptm,sch guyss doain daerah tetap safe yaa biar sekolahku tetep jalann walau cuma penting tetep ptm
2022-01-26 10:56:02+00:00,ptm asikkk,ptm asikkk
2022-01-26 10:38:54+00:00,rt perhimpunan pendidikan guru pg meminta gubernur dki jakarta anies baswedan mengevaluasi pelaksanaan ptm pers,rt perhimpunan pendidikan guru pg meminta gubernur dki jakarta anies baswedan mengevaluasi pelaksanaan ptm pers
2022-01-26 10:11:23+00:00,bekasi ketularan kayanya nanti br ptm msh pula udh disuruh belajar dari rumah lagi aja krn ada guru yang positip,bekasi ketularan kayanya nanti br ptm msh pula udh disuruh belajar dari rumah lagi aja krn ada guru positip
2022-01-26 10:04:34+00:00,jika jakarta ppkm level ptm persen turun jadi persen,jika jakarta ppkm level ptm persen turun jadi persen
2022-01-26 09:52:31+00:00,ketentuannya kalau ppkm di level ptm turunkan jadi persen kata riza,ketentuannya kalau ppkm di level ptm turunkan jadi persen kata riza
2022-01-26 09:35:33+00:00,pg mendesak anies baswedan kepala daerah sekitar ganti ptm persen jadi persen keselamatan da,pg mendesak anies baswedan kepala daerah sekitar ganti ptm persen jadi persen keselamatan da
2022-01-26 09:34:42+00:00,anak sesi lbh asik tp klo balik ptm lagi sesi,anak sesi lbh asik tp klo balik ptm lagi sesi
2022-01-26 09:34:29+00:00,pg mendesak anies baswedan kepala daerah sekitar ganti ptm persen jadi persen keselamatan da,pg mendesak anies baswedan kepala daerah sekitar ganti ptm persen jadi persen keselamatan da
2022-01-26 09:11:44+00:00,rt pg mendesak anies baswedan kepala daerah sekitar ganti ptm persen jadi persen keselamatan kesehata,rt pg mendesak anies baswedan kepala daerah sekitar ganti ptm persen jadi persen keselamatan kesehata
2022-01-26 09:11:10+00:00,pg mendesak anies baswedan kepala daerah sekitar ganti ptm persen jadi persen keselamatan da,pg mendesak anies baswedan kepala daerah sekitar ganti ptm persen jadi persen keselamatan da
2022-01-26 08:49:07+00:00,sudah ada sekolah ditutup atau menghentikan proses ptm akibat siswa guru positif covid,sudah ada sekolah ditutup atau menghentikan proses ptm akibat siswa guru positif covid
2022-01-26 08:38:57+00:00,rt gue abang sekolah libur atau school home maliq libur tante iyangada kofiiiittt anak sd,rt gue abang sekolah libur atau school home maliq libur tante iyangada kofiiiittt anak sd
2022-01-26 08:20:26+00:00,rt perhimpunan pendidikan guru pg meminta gubernur dki jakarta anies baswedan mengevaluasi pelaksanaan ptm pers,rt perhimpunan pendidikan guru pg meminta gubernur dki jakarta anies baswedan mengevaluasi pelaksanaan ptm pers
2022-01-26 08:15:00+00:00,perhimpunan pendidikan guru pg meminta gubernur dki jakarta anies baswedan mengevaluasi pelaksanaan,perhimpunan pendidikan guru pg meminta gubernur dki jakarta anies baswedan mengevaluasi pelaksanaan
2022-01-26 08:11:06+00:00,waguriza sebut jika jakarta ppkm level ptm persen,waguriza sebut jika jakarta ppkm level ptm persen
2022-01-26 08:02:04+00:00,udaahh sena sena tau mulai gue balik lagi full pjj kemarin dua,udaahh sena sena tau mulai gue balik lagi full pjj kemarin dua
2022-01-26 07:44:27+00:00,ptm di dki tetap dilakukan karena sesuai sk menteri,ptm di dki tetap dilakukan karena sesuai sk menteri
2022-01-26 07:33:21+00:00,rt gue abang sekolah libur atau school home maliq libur tante iyangada kofiiiittt anak sd,rt gue abang sekolah libur atau school home maliq libur tante iyangada kofiiiittt anak sd
2022-01-26 07:29:32+00:00,wagudki sebut ptm dikurangi persen jika status ppkm jakarta naik level,wagudki sebut ptm dikurangi persen jika status ppkm jakarta naik level
2022-01-26 07:28:19+00:00,rt gue abang sekolah libur atau school home maliq libur tante iyangada kofiiiittt anak sd,rt gue abang sekolah libur atau school home maliq libur tante iyangada kofiiiittt anak sd
2022-01-26 06:56:29+00:00,ptm soalnya kalo menurutku kondusif banget kelasku benerbener serame,ptm soalnya kalo menurutku kondusif banget kelasku benerbener serame
2022-01-26 06:17:33+00:00,ada kurangnya sii kalau pjj bener ngerti materi setidaknya kalau mau belajar ganggu yang lain kalau,ada kurangnya sii kalau pjj bener ngerti materi setidaknya kalau mau belajar ganggu lain kalau
2022-01-26 06:15:16+00:00,bstruggle sklh ptm setelah setengah sekolah ptm pulang sekolah belum tentu sekolah sudah,bstruggle sklh ptm setelah setengah sekolah ptm pulang sekolah belum tentu sekolah sudah
2022-01-26 05:22:40+00:00,semoga bpk ri marufamin dpt segera meminta menkes berkoordinasi dengan mendikbudristek,semoga bpk ri marufamin dpt segera meminta menkes berkoordinasi mendikbudristek
2022-01-26 05:16:55+00:00,dua kemarin ptm trs berhubung mas crush kelas aku rapih mau berangkat sekolah hampir sejam,dua kemarin ptm trs berhubung mas crush kelas aku rapih mau berangkat sekolah hampir sejam
2022-01-26 04:38:58+00:00,aku lebih prefer ptm brngkt online soalnya keadaan kaya,aku lebih prefer ptm brngkt online soalnya keadaan kaya
2022-01-26 04:22:40+00:00,ptm disesisesi,ptm disesisesi
2022-01-26 04:15:18+00:00,kalau ptm kemarin cepet gegara mata kuliah doang trs yang dijadiin ptm cuma sks sksnya lagi yang sisa tetep daring tp,kalau ptm kemarin cepet gegara mata kuliah doang trs dijadiin ptm cuma sks sksnya lagi sisa tetep daring tp
2022-01-26 03:32:17+00:00,adil dong yang santer di sorot diberhentiin ptm,adil dong santer di sorot diberhentiin ptm
2022-01-26 03:08:13+00:00,punyaku udh ptm tp ttp pjj xfxfxx xfxfxfxbf capek tugasnya malah jd nambah banyak nder xfxfxxa,punyaku udh ptm tp ttp pjj xfxfxx xfxfxfxbf capek tugasnya malah jd nambah banyak nder xfxfxxa
2022-01-26 03:05:33+00:00,pjj kemarin ptm enak sekarng gaenak cape,pjj kemarin ptm enak sekarng gaenak cape
2022-01-26 02:55:22+00:00,ptm,ptm
2022-01-26 02:53:08+00:00,pjj atau ptm,pjj atau ptm
2022-01-26 02:32:16+00:00,rt arif ptm jg menjadi resiko penyebaran omicron anak yang terdampak,rt arif ptm jg menjadi resiko penyebaran omicron anak terdampak
2022-01-26 02:24:19+00:00,alias gue udah pewe banget sama ptm,alias gue udah pewe banget sama ptm
2022-01-26 02:11:27+00:00,katanya mau ptm lagi awokwkwkkw ngabrut ngakak brutallll,katanya mau ptm lagi awokwkwkkw ngabrut ngakak brutallll
2022-01-26 01:50:47+00:00,emang udah bener ptm deh daripada tp ujung ujungnya bakal pjj semua lagi,emang udah bener ptm deh tp ujung ujungnya bakal pjj semua lagi
2022-01-26 01:46:33+00:00,oiya gue soalnya lgi skolah onlen klian udh ptm atau ptm,oiya gue soalnya lgi skolah onlen klian udh ptm atau ptm
2022-01-26 01:45:05+00:00,udh ptm jdi kaya ptm pjj gituu,udh ptm jdi kaya ptm pjj gituu
2022-01-26 01:30:50+00:00,gue abang sekolah libur atau school home maliq libur tante iyangada kofiiiittt,gue abang sekolah libur atau school home maliq libur tante iyangada kofiiiittt
2022-01-26 01:26:49+00:00,pjj kalo ptm minusnya terlalu banyak tugas sampe kelimpungan plusnya jadi lebih rajin kalo,pjj kalo ptm minusnya terlalu banyak tugas sampe kelimpungan plusnya jadi lebih rajin kalo
2022-01-26 01:16:46+00:00,arif ptm jg menjadi resiko penyebaran omicron anak yang terdampak semoga presiden,arif ptm jg menjadi resiko penyebaran omicron anak terdampak semoga presiden
2022-01-26 00:22:40+00:00,punyaku diakali sie nder pjj ptm dari jadi blanded wkwk,punyaku diakali sie nder pjj ptm dari jadi blanded wkwk
2022-01-25 23:31:37+00:00,kayaknya semua deh mungkin awal awal ketika ada siswa kena word jadi pjj lagi atau ptm,kayaknya semua deh mungkin awal awal ketika ada siswa kena word jadi pjj lagi atau ptm
2022-01-25 23:26:36+00:00,sch sekolah sender mulai bsk ptm lagi sedih banget lebih asik ptm,sch sekolah sender mulai bsk ptm lagi sedih banget lebih asik ptm
2022-01-25 23:25:05+00:00,sekolahku ptm,sekolahku ptm
2022-01-25 23:19:33+00:00,aku mulai besok nder ptm lagi,aku mulai besok nder ptm lagi
2022-01-25 16:55:52+00:00,sekolahku malah ptm ih asalnya sekarng jadi,sekolahku malah ptm ih asalnya sekarng jadi
2022-01-25 16:08:24+00:00,allah sehari ptm tau tau kakel gue positip,allah sehari ptm tau tau kakel gue positip
2022-01-25 16:08:10+00:00,aku justru mau ptm aja sekolahku ptm soalnya aku tipe yang bakal rajin kalo liat langs,aku justru mau ptm aja sekolahku ptm soalnya aku tipe bakal rajin kalo liat langs
2022-01-25 15:55:06+00:00,pjj malah ptm semoga jangan deh,pjj malah ptm semoga jangan deh
2022-01-25 15:52:21+00:00,rt vaksin dosis tercapai sekitar bagi guru tenaga pendidikan lainnya bagi masyarakat lain jakarta jadi,rt vaksin dosis tercapai sekitar bagi guru tenaga pendidikan lainnya bagi masyarakat lain jakarta jadi
2022-01-25 15:03:02+00:00,jujur gue tambah stres ptm jelas,jujur gue tambah stres ptm jelas
2022-01-25 14:54:37+00:00,jalan fine fine aja soalnya jam doang tugasnya udah mulai tolong ud,jalan fine fine aja soalnya jam doang tugasnya udah mulai tolong ud
2022-01-25 14:52:27+00:00,ptm tp kalau keadaan memungkinkan mending daring sekalian,ptm tp kalau keadaan memungkinkan mending daring sekalian
2022-01-25 14:51:13+00:00,jujur semisal sekolah aku udah ngadain ptm aku takut banget protokol udah mulai kend,jujur semisal sekolah aku udah ngadain ptm aku takut banget protokol udah mulai kend
2022-01-25 14:50:25+00:00,punyaku masii ptm sesi pagi,punyaku masii ptm sesi pagi
2022-01-25 14:46:19+00:00,berhubung makin banyak sekolah di jakarta yang ditutup krn covid sebaiknya gubernur dpt bertindak,berhubung makin banyak sekolah di jakarta ditutup krn covid sebaiknya gubernur dpt bertindak
2022-01-25 14:33:58+00:00,punyaku iya nder ada pengumuman mulai ptm lagi,punyaku iya nder ada pengumuman mulai ptm lagi
2022-01-25 14:31:50+00:00,samaaa sekolah sampe skrng nge stuck di ptm,samaaa sekolah sampe skrng nge stuck di ptm
2022-01-25 13:33:30+00:00,besok ptm hadeh aja aku dah tertekan kalo,besok ptm hadeh aja aku dah tertekan kalo
2022-01-25 13:19:14+00:00,kemarin dikabarin ptm dikabarin pjj,kemarin dikabarin ptm dikabarin pjj
2022-01-25 13:16:34+00:00,sch sedih besok sekolah lagi udah seneng ptm,sch sedih besok sekolah lagi udah seneng ptm
2022-01-25 12:59:18+00:00,pjj lagi mending ptm dikasih jeda setiap sesi soalnya kalo balik pjj nilai,pjj lagi mending ptm dikasih jeda setiap sesi soalnya kalo balik pjj nilai
2022-01-25 12:18:15+00:00,jangan ptm dong aku gabetah dirumah,jangan ptm dong aku gabetah dirumah
2022-01-25 11:54:40+00:00,vaksin dosis tercapai sekitar bagi guru tenaga pendidikan lainnya bagi masyarakat lain,vaksin dosis tercapai sekitar bagi guru tenaga pendidikan lainnya bagi masyarakat lain
2022-01-25 11:48:49+00:00,wahh padet bangetaku ptm aja udah capee huhu semangat kamuu,wahh padet bangetaku ptm aja udah capee huhu semangat kamuu
2022-01-25 11:34:40+00:00,gantian wfh sekali eh sekarang total karena suite sebelah ada positif bocah jug,gantian wfh sekali eh sekarang total karena suite sebelah ada positif bocah jug
2022-01-25 10:56:23+00:00,ptm njirrrr udah agak tahan kalo,ptm njirrrr udah agak tahan kalo
2022-01-25 10:46:14+00:00,kalo di sklh aku udh ptm full nder buat yang kelas doang sama,kalo di sklh aku udh ptm full nder buat kelas doang sama
2022-01-25 10:25:47+00:00,ahhh anjjrrr males banget ptm,ahhh anjjrrr males banget ptm
2022-01-25 09:55:19+00:00,kangen tp enakan ptm,kangen tp enakan ptm
2022-01-25 09:43:24+00:00,sekolahku balik lagi ptm kesel banget,sekolahku balik lagi ptm kesel banget
2022-01-25 09:20:38+00:00,ptm tpi isu semester depan bakal ptm,ptm tpi isu semester depan bakal ptm
2022-01-25 08:56:48+00:00,jujurly gasiap ptm krnnn gbs ketemu arip ppuputttt aaaa aku gabisa lendotan puput lagi gabisa ngakak ngakak ama arip lagi,jujurly gasiap ptm krnnn gbs ketemu arip ppuputttt aaaa aku gabisa lendotan puput lagi gabisa ngakak ngakak ama arip lagi
2022-01-25 08:34:35+00:00,halo dari aku yang mau ptm lgx,halo dari aku mau ptm lgx
2022-01-25 08:27:57+00:00,udah di vaksin toh saran yang klise selama taat prokes pasti aman aja,udah di vaksin toh saran klise selama taat prokes pasti aman aja
2022-01-25 08:11:14+00:00,sekolah gue mau balik ptm lagi,sekolah gue mau balik ptm lagi
2022-01-25 06:40:08+00:00,rt wakil gubernur dki jakarta menegaskan bahwa pekerja kantoran asn di jakarta wajibekerja dari rumah work,rt wakil gubernur dki jakarta menegaskan bahwa pekerja kantoran asn di jakarta wajibekerja dari rumah work
2022-01-25 06:40:02+00:00,wakil gubernur dki jakarta menegaskan bahwa pekerja kantoran asn di jakarta wajibekerja dari rumah wo,wakil gubernur dki jakarta menegaskan bahwa pekerja kantoran asn di jakarta wajibekerja dari rumah wo
2022-01-25 06:03:03+00:00,mending ptm please aku ptm di sekolah asli jangan sampe online lagi semangat belajar aku,mending ptm please aku ptm di sekolah asli jangan sampe online lagi semangat belajar aku
2022-01-25 06:00:01+00:00,mau ptm lagi udah nyaman ptm hufftt,mau ptm lagi udah nyaman ptm hufftt
2022-01-25 05:46:41+00:00,msih ptm pulangnya jam lagi ah elah,msih ptm pulangnya jam lagi ah elah
2022-01-25 05:41:16+00:00,berharap pjj ptm lagi siex,berharap pjj ptm lagi siex
2022-01-25 05:33:50+00:00,sklh ditempat anak sy prof ptm msh tp mau ngadain rekreasi keluar kota nginap,sklh ditempat anak sy prof ptm msh tp mau ngadain rekreasi keluar kota nginap
2022-01-25 05:20:18+00:00,xfxfxxad kalian kemaren ptm turun lagi jadi,xfxfxxad kalian kemaren ptm turun lagi jadi
2022-01-25 05:18:22+00:00,ak brusan ptm katanya mau diwajibin semua murid tp,ak brusan ptm katanya mau diwajibin semua murid tp
2022-01-25 05:06:29+00:00,rt weee udah part aja nieh sekian iniii terimakasi sudah meluangkan membaca au hvmv punya,rt weee udah part aja nieh sekian iniii terimakasi sudah meluangkan membaca au hvmv punya
2022-01-25 04:39:18+00:00,first time ptm lebih dari seru banget ternyata sehening biasanya,first time ptm lebih dari seru banget ternyata sehening biasanya
2022-01-25 04:28:28+00:00,sekolah tadinya ptm jadi lagi nder,sekolah tadinya ptm jadi lagi nder
2022-01-25 04:08:33+00:00,sekolahku jarang ada yang masuk ptm,sekolahku jarang ada masuk ptm
2022-01-25 03:33:20+00:00,sekarng tp belum pernah ptm,sekarng tp belum pernah ptm
2022-01-25 03:32:15+00:00,kembalikan ptm,kembalikan ptm
2022-01-25 03:29:54+00:00,samaa sekolahku ptm,samaa sekolahku ptm
2022-01-25 03:28:16+00:00,kalo akuu udah nyaman pjj cuma materi lebih ngerti kalo ptm kalau km gimanaa kil,kalo akuu udah nyaman pjj cuma materi lebih ngerti kalo ptm kalau km gimanaa kil
2022-01-25 03:26:21+00:00,aku malah pengen ptm soalnya bestie di sesi aku ptm malah diem dieman,aku malah pengen ptm soalnya bestie di sesi aku ptm malah diem dieman
2022-01-25 03:25:02+00:00,pengen ptm lagi pls kelas brisik banget,pengen ptm lagi pls kelas brisik banget
2022-01-25 02:47:00+00:00,bener kalo ptm,bener kalo ptm
2022-01-25 02:37:25+00:00,udah ptm keren ptm,udah ptm keren ptm
2022-01-25 02:24:09+00:00,hingga januari wilayah kota tangerang selatan berstatus ppkm level,hingga januari wilayah kota tangerang selatan berstatus ppkm level
2022-01-25 02:12:34+00:00,ppkm level di jabodetabek wfh persen sekolah ptm pjj,ppkm level di jabodetabek wfh persen sekolah ptm pjj
2022-01-25 02:05:58+00:00,jujur kalo pjj bakal enak teratur gt soalnya di sekolahku pjj ptm kadang ada,jujur kalo pjj bakal enak teratur gt soalnya di sekolahku pjj ptm kadang ada
2022-01-25 01:54:55+00:00,pelaksanaan pembelajaran tatap muka ptm persen di trenggalek jawa timur belum direalisasikan karena te,pelaksanaan pembelajaran tatap muka ptm persen di trenggalek jawa timur belum direalisasikan karena te
2022-01-25 01:40:15+00:00,di sekolah ptm yang masuk mau daring nunggu perintah dari pemerintah katanya seme,di sekolah ptm masuk mau daring nunggu perintah dari pemerintah katanya seme
2022-01-25 01:32:07+00:00,ombudsman menyarankan pemberlakuan mix methode cara ptm persen pjj persen diatur secara proporsion,ombudsman menyarankan pemberlakuan mix methode cara ptm persen pjj persen diatur secara proporsion
2022-01-25 00:43:08+00:00,di sklh gue bbrp guru sama murid pd tumbang jd kembali daringxfxfxx mn kemarin ptm belum yang bener masuk semua,di sklh gue bbrp guru sama murid pd tumbang jd kembali daringxfxfxx mn kemarin ptm belum bener masuk semua
2022-01-25 00:41:39+00:00,gue nyaman ptm karna gue lebih mudah paham sama materi gue ptm gue ngerasa kasian sama guruguru,gue nyaman ptm karna gue lebih mudah paham sama materi gue ptm gue ngerasa kasian sama guruguru
2022-01-25 00:38:46+00:00,sekolah kemarin udah ptm full eh jadi ptm lagi di shift soalnya di kotaku,sekolah kemarin udah ptm full eh jadi ptm lagi di shift soalnya di kotaku
2022-01-24 23:54:12+00:00,hiyezzz pjj lagi anak kelas duakelas di atasnya ptm sekali,hiyezzz pjj lagi anak kelas duakelas di atasnya ptm sekali
2022-01-24 23:41:16+00:00,cocok banget buat aku dikit dikit rasanya mau bolos malah aku tambah capek soalny,cocok banget buat aku dikit dikit rasanya mau bolos malah aku tambah capek soalny
2022-01-24 23:38:12+00:00,sumpah kalo ptm gua bangunnya jam untung pjj,sumpah kalo ptm gua bangunnya jam untung pjj
2022-01-24 23:14:27+00:00,ptm jd kepotong jd nder,ptm jd kepotong jd nder
2022-01-24 21:36:28+00:00,relate emang dapet nyangkut cuma dikit uas uts open book kampusku ptm wkwk,relate emang dapet nyangkut cuma dikit uas uts open book kampusku ptm wkwk
2022-01-24 19:36:26+00:00,menko luhut mohon dpt dipertimbangkan untuk memperketat ppkm yang ada sekarang mengingat meningkatnya kasus harian,menko luhut mohon dpt dipertimbangkan memperketat ppkm ada sekarang mengingat meningkatnya kasus harian
2022-01-24 16:26:22+00:00,rt mean logic yang kerja disuruh wfh kalo kapasitas kantor jd sekolah ptm makanya cepet ker,rt mean logic kerja disuruh wfh kalo kapasitas kantor jd sekolah ptm makanya cepet ker
2022-01-24 15:56:27+00:00,sekolahku ptm dibagi sesi sama pagi enak cuman kalo masuk rasanya ngantuk beut,sekolahku ptm dibagi sesi sama pagi enak cuman kalo masuk rasanya ngantuk beut
2022-01-24 15:49:58+00:00,sekolahku ptm kelas dibagi kelompok selangseling masuk perharinya pulang,sekolahku ptm kelas dibagi kelompok selangseling masuk perharinya pulang
2022-01-24 15:49:40+00:00,sekolah aku sistemnya nder jujur bener enak banget dapet bagian daring kayak,sekolah aku sistemnya nder jujur bener enak banget dapet bagian daring kayak
2022-01-24 15:48:44+00:00,sama enak enak aja seninkamis sekolah dari jam set sampe jam atau jam trus,sama enak enak aja seninkamis sekolah dari jam set sampe jam atau jam trus
2022-01-24 15:47:10+00:00,kemarin aku nderr ptm yang di rumah ttp ikut pjj jadi guru jelasin ptm sambil,kemarin aku nderr ptm di rumah ttp ikut pjj jadi guru jelasin ptm sambil
2022-01-24 15:45:24+00:00,sekolah aku ptm beda sistem ganjil genap tanggal ganjil sesi tanggal genap sesi,sekolah aku ptm beda sistem ganjil genap tanggal ganjil sesi tanggal genap sesi
2022-01-24 15:11:21+00:00,wah iya udah au kereennn semangat ptm kakk ditunggu update,wah iya udah au kereennn semangat ptm kakk ditunggu update
2022-01-24 14:56:13+00:00,rt weee udah part aja nieh sekian iniii terimakasi sudah meluangkan membaca au hvmv punya,rt weee udah part aja nieh sekian iniii terimakasi sudah meluangkan membaca au hvmv punya
2022-01-24 14:26:45+00:00,pls ptm lagi,pls ptm lagi
2022-01-24 14:19:41+00:00,bahas soal guys totalnya ada siswa setuju kalo bds pemisalan aku tulis nanb sa,bahas soal guys totalnya ada siswa setuju kalo bds pemisalan aku tulis nanb sa
2022-01-24 13:42:57+00:00,iya ptm rasanya capek banget,iya ptm rasanya capek banget
2022-01-24 13:36:23+00:00,kalo boleh jujur aku kurang sreg ptm capek apalgi masuk jam teng buset biasa masuk jam,kalo boleh jujur aku kurang sreg ptm capek apalgi masuk jam teng buset biasa masuk jam
2022-01-24 13:31:54+00:00,sama nder aku gakuat ptm masuk tiap gt pertama ptm sebelumny,sama nder aku gakuat ptm masuk tiap gt pertama ptm sebelumny
2022-01-24 13:15:11+00:00,weee udah part aja nieh sekian iniii terimakasi sudah meluangkan membaca au hvmv,weee udah part aja nieh sekian iniii terimakasi sudah meluangkan membaca au hvmv
2022-01-24 13:05:35+00:00,pro ptm pjj pokoknya kalo full pjj kurang enak kalo ada tugas kelompok,pro ptm pjj pokoknya kalo full pjj kurang enak kalo ada tugas kelompok
2022-01-24 12:42:45+00:00,tekan covid pemkot tangerang kembali berlakukan ptm wfh,tekan covid pemkot tangerang kembali berlakukan ptm wfh
2022-01-24 12:39:18+00:00,eh dipikir pikir sekolah mendingan ptm dah aslian,eh dipikir pikir sekolah mendingan ptm dah aslian
2022-01-24 12:23:15+00:00,kalian udah ptm sekarang tetep ptm diubah jadi atau full pjj,kalian udah ptm sekarang tetep ptm diubah jadi atau full pjj
2022-01-24 12:00:00+00:00,sekolah dasar sd di kota tangerang kembali menerapkan pembelajaran tatap muka ptm terbatas mulai,sekolah dasar sd di kota tangerang kembali menerapkan pembelajaran tatap muka ptm terbatas mulai
2022-01-24 11:58:22+00:00,haduhh udh deh jangan mikirin pemindahan ibu kota mnding mikirin omicron yang naikk ksian anakxcxb yang ptm full harusnya ptm aja,haduhh udh deh jangan mikirin pemindahan ibu kota mnding mikirin omicron naikk ksian anakxcxb ptm full harusnya ptm aja
2022-01-24 11:49:05+00:00,manifesting pjj ato ptm ajah karna jujur badan gakuat kalo everyday ptm,manifesting pjj ato ptm ajah karna jujur badan gakuat kalo everyday ptm
2022-01-24 11:34:14+00:00,skola sy dah ad yang kena kemarin dah pjj ptm jd lagi sampe seterusnya,skola sy dah ad kena kemarin dah pjj ptm jd lagi sampe seterusnya
2022-01-24 11:26:53+00:00,skolahku dr pertama ptm,skolahku dr pertama ptm
2022-01-24 11:11:04+00:00,sekolahku udh ptm sekarng,sekolahku udh ptm sekarng
2022-01-24 11:09:24+00:00,suka pjj suka ptm aja,suka pjj suka ptm aja
2022-01-24 10:11:08+00:00,kapasitas ptm jenjang sd di kota tangerang kembali persen siswa sedih sekarang sepi via,kapasitas ptm jenjang sd di kota tangerang kembali persen siswa sedih sekarang sepi via
2022-01-24 08:56:26+00:00,semoga saran pakar dr organisasi medis mendapat perhatian serius dr menteri,semoga saran pakar dr organisasi medis mendapat perhatian serius dr menteri
2022-01-24 08:44:15+00:00,melihat kemungkinan lonjakan kematian krn omicron mdhan menko marves luhut dpt memperketat ppkm,melihat kemungkinan lonjakan kematian krn omicron mdhan menko marves luhut dpt memperketat ppkm
2022-01-24 08:38:51+00:00,mdhan saran para dokter spesialis dr papdi pdpi perki tweets diperhatikan oleh ment,mdhan saran para dokter spesialis dr papdi pdpi perki tweets diperhatikan oleh ment
2022-01-24 08:04:04+00:00,pemerintah kabupaten tangerang hingga kini menerapkan pembelajaran tatap muka ptm persen meski wilayah,pemerintah kabupaten tangerang hingga kini menerapkan pembelajaran tatap muka ptm persen meski wilayah
2022-01-24 08:04:03+00:00,rt ptm dilakukan dua dalam,rt ptm dilakukan dua dalam
2022-01-24 08:03:33+00:00,ptm dilakukan dua dalam,ptm dilakukan dua dalam
2022-01-24 07:56:11+00:00,karena mengutamakan kesehatan keselamatan tentu saja sambut baik lapang dada,karena mengutamakan kesehatan keselamatan tentu saja sambut baik lapang dada
2022-01-24 07:43:52+00:00,kapasitas ptm di kota tangerang jadi persen lagi siswa sd kelas wajisekolah daring,kapasitas ptm di kota tangerang jadi persen lagi siswa sd kelas wajisekolah daring
2022-01-24 07:37:37+00:00,ptm enak sie tpi enk jg,ptm enak sie tpi enk jg
2022-01-24 06:28:13+00:00,klo yang masa sekarang thai kpop wattpad anime western sekarng karna masa udah ptm jad,klo masa sekarang thai kpop wattpad anime western sekarng karna masa udah ptm jad
2022-01-24 05:57:42+00:00,sekolah dasar sd di kota tangerang kembali menerapkan pembelajaran tatap muka ptm terbatas mulai,sekolah dasar sd di kota tangerang kembali menerapkan pembelajaran tatap muka ptm terbatas mulai
2022-01-24 05:04:03+00:00,kota tangerang kembali terapkan ptm terbatas persen gegara angka covid meningkat,kota tangerang kembali terapkan ptm terbatas persen gegara angka covid meningkat
2022-01-24 04:31:23+00:00,ptm yang,ptm
2022-01-24 03:41:42+00:00,nyebelinn sekolahku awalnya ptm di shift sekarang ganti berangkatnya ptm pjj huaaa,nyebelinn sekolahku awalnya ptm di shift sekarang ganti berangkatnya ptm pjj huaaa
2022-01-24 03:22:31+00:00,rt ptm cara lama harusnya sekolah walimurid adaptasi betul bahwa,rt ptm cara lama harusnya sekolah walimurid adaptasi betul bahwa
2022-01-24 03:22:07+00:00,ptm cara lama harusnya sekolah walimurid adaptasi betul ba,ptm cara lama harusnya sekolah walimurid adaptasi betul ba
2022-01-24 03:06:16+00:00,ptm persen di kota tangerang resmi dihentikan mulai diterapkan kembali persen,ptm persen di kota tangerang resmi dihentikan mulai diterapkan kembali persen
2022-01-24 02:52:58+00:00,disini dibatesin cuma jam pelajaran persen yang masuk ikut ptm,disini dibatesin cuma jam pelajaran persen masuk ikut ptm
2022-01-24 01:06:42+00:00,menko luhut mohon dpt dipertimbangkan untuk memperketat ppkm yang ada sekarang mengingat meningkatnya kasus harian,menko luhut mohon dpt dipertimbangkan memperketat ppkm ada sekarang mengingat meningkatnya kasus harian
2022-01-24 00:38:53+00:00,anjing diumumin ptm minggunya langsung ganti cuk sekolah gue gegara kasus koped naik lagi sial,anjing diumumin ptm minggunya langsung ganti cuk sekolah gue gegara kasus koped naik lagi sial
2022-01-24 00:32:05+00:00,sekolah gue kaga ptm jadi selang seling luring daring cuma sekolah temen gue ada yang kaya,sekolah gue kaga ptm jadi selang seling luring daring cuma sekolah temen gue ada kaya
2022-01-24 00:21:28+00:00,ptm sepi bnget kelas akuu,ptm sepi bnget kelas akuu
2022-01-24 00:12:40+00:00,anjir ptm,anjir ptm
2022-01-24 00:07:21+00:00,hujan deres amat amat amat deres ampe nyaris separuh lokal ada ptm,hujan deres amat amat amat deres ampe nyaris separuh lokal ada ptm
2022-01-23 23:59:59+00:00,fess iyakan sama kaya di surat edaran yang dibingungin maksud dari ptm maks trus kalo semis,fess iyakan sama kaya di surat edaran dibingungin maksud dari ptm maks trus kalo semis
2022-01-23 23:48:44+00:00,good morning sekul gue sistemnya ptm lagiiii kemarin lho,good morning sekul gue sistemnya ptm lagiiii kemarin lho
2022-01-23 23:06:48+00:00,mau daring lgi ptm jg dah,mau daring lgi ptm jg dah
2022-01-23 23:05:11+00:00,mulai januari ptm persen di kota tangerang dihentikan jadi persen kembali,mulai januari ptm persen di kota tangerang dihentikan jadi persen kembali
2022-01-23 23:02:37+00:00,ptm tpi,ptm tpi
2022-01-23 22:54:56+00:00,ptm jadi lagi,ptm jadi lagi
2022-01-23 22:26:06+00:00,ptm smapa kaya ptm sekolah lain,ptm smapa kaya ptm sekolah lain
2022-01-23 22:11:44+00:00,ptm udh nyaman sie tp lebih nyaman daring,ptm udh nyaman sie tp lebih nyaman daring
2022-01-23 17:36:20+00:00,rt ahli serukan wfh persen ptm dihentikan hingga maret,rt ahli serukan wfh persen ptm dihentikan hingga maret
2022-01-23 15:44:29+00:00,stuju klo ptm gurunya mikir main aja jadinya tugasnya ditumpukin ditambah ulangan lagiii,stuju klo ptm gurunya mikir main aja jadinya tugasnya ditumpukin ditambah ulangan lagiii
2022-01-23 15:22:28+00:00,bismillah semoga ptm disekolahku beso aja kembali sesi sesi plisss bismillah aamiin,bismillah semoga ptm disekolahku beso aja kembali sesi sesi plisss bismillah aamiin
2022-01-23 15:08:50+00:00,jam belajar ditambahin lgix biasanya durasi jam belajar paling lama ptm dri jam,jam belajar ditambahin lgix biasanya durasi jam belajar paling lama ptm dri jam
2022-01-23 15:01:31+00:00,ptm yang sekali aja udh cape bgtt tiap belom lagi udh hampir udh,ptm sekali aja udh cape bgtt tiap belom lagi udh hampir udh
2022-01-23 14:48:28+00:00,rt mean logic yang kerja disuruh wfh kalo kapasitas kantor jd sekolah ptm,rt mean logic kerja disuruh wfh kalo kapasitas kantor jd sekolah ptm
2022-01-23 14:29:46+00:00,ada yang kena sebenernyaa tpi masuknya msh jd gantian pjj ptm makasiiii gtlt,ada kena sebenernyaa tpi masuknya msh jd gantian pjj ptm makasiiii gtlt
2022-01-23 14:20:09+00:00,heh juyaa libur ptm kah,heh juyaa libur ptm kah
2022-01-23 14:10:18+00:00,ptm aja lebih baik ptm,ptm aja lebih baik ptm
2022-01-23 14:01:46+00:00,seru ptm huhu aku asik banget,seru ptm huhu aku asik banget
2022-01-23 13:47:34+00:00,aku mau ptm lagi day haha tdnya banyak setuju akhirnya eheheee,aku mau ptm lagi day haha tdnya banyak setuju akhirnya eheheee
2022-01-23 13:45:35+00:00,belum ptm belajar dari rumah,belum ptm belajar dari rumah
2022-01-23 13:32:25+00:00,aku duduk sm aja bebas yang penting aku ngincer yang tengah tmpt duduk kia ptm,aku duduk sm aja bebas penting aku ngincer tengah tmpt duduk kia ptm
2022-01-23 13:31:51+00:00,mulai besok ptm naik dri jadi,mulai besok ptm naik dri jadi
2022-01-23 13:31:43+00:00,ptm aja kalo sekarang capek ngatur belajar utbk tugas sekolah jg banyak banget,ptm aja kalo sekarang capek ngatur belajar utbk tugas sekolah jg banyak banget
2022-01-23 13:29:37+00:00,engkongfloyen wah sama dongg tp emang ptm agak membagongkan,engkongfloyen wah sama dongg tp emang ptm agak membagongkan
2022-01-23 13:27:20+00:00,aku lebih suka ptm jdi ada pjj ada ptm,aku lebih suka ptm jdi ada pjj ada ptm
2022-01-23 13:25:20+00:00,kayanya bakal blur soalnya ptm kemaren gue duduk di baris kedua,kayanya bakal blur soalnya ptm kemaren gue duduk di baris kedua
2022-01-23 13:23:25+00:00,ptm pernah eye contact ama semenjak ptm pernah soalnya bangkunya jauh dibelakang,ptm pernah eye contact ama semenjak ptm pernah soalnya bangkunya jauh dibelakang
2022-01-23 13:15:18+00:00,hahaha samaa semangat see ptm full,hahaha samaa semangat see ptm full
2022-01-23 12:44:24+00:00,gue malah pjj udah masuk ptm cuman,gue malah pjj udah masuk ptm cuman
2022-01-23 12:29:28+00:00,ri izin ptm anak pelajar di daerah jabo,ri izin ptm anak pelajar di daerah jabo
2022-01-23 12:23:05+00:00,tdinya mau ptm tpi udh gajadi,tdinya mau ptm tpi udh gajadi
2022-01-23 11:56:35+00:00,yahhh balik ptm lagi,yahhh balik ptm lagi
2022-01-23 11:48:50+00:00,dih serius dah sumpah mending ptm gpp asli anjir takutt aku teh kangen sm temen,dih serius dah sumpah mending ptm gpp asli anjir takutt aku teh kangen sm temen
2022-01-23 11:47:33+00:00,kesel gegara ptm msih skrng ptm diubah udah jdi saya mlh takut allah capek sm diri aing,kesel gegara ptm msih skrng ptm diubah udah jdi saya mlh takut allah capek sm diri aing
2022-01-23 11:42:43+00:00,persen ptm,persen ptm
2022-01-23 11:33:33+00:00,kesell sie ptm jadi lagi padahal udh seneng full lohh,kesell sie ptm jadi lagi udh seneng full lohh
2022-01-23 11:04:16+00:00,sebenarnya learning loss diatasi via online balik lagi tergantung gurunya kadang ada guru,sebenarnya learning loss diatasi via online balik lagi tergantung gurunya kadang ada guru
2022-01-23 10:27:56+00:00,sekolah saya dari awal ptm,sekolah saya dari awal ptm
2022-01-23 10:14:14+00:00,skolah gwehhhh ptm lagi anjjjjjj,skolah gwehhhh ptm lagi anjjjjjj
2022-01-23 09:39:36+00:00,salah nderr lagian udah ptm jadi ada alasan kuat buat ngerantau,salah nderr lagian udah ptm jadi ada alasan kuat buat ngerantau
2022-01-23 09:34:25+00:00,xfxfxaxd sender punya safe place di rumah di kamar sendiri karena sering dipakai kumpul sama keluarga amp ada,xfxfxaxd sender punya safe place di rumah di kamar sendiri karena sering dipakai kumpul sama keluarga amp ada
2022-01-23 09:20:12+00:00,cape banget semoga aja deh sekolah aku jadi lagi ptm,cape banget semoga aja deh sekolah aku jadi lagi ptm
2022-01-23 09:04:18+00:00,sekolahku udah stop ptm dari kemarin jadi sekarng persesi,sekolahku udah stop ptm dari kemarin jadi sekarng persesi
2022-01-23 08:57:37+00:00,ptm,ptm
2022-01-23 08:57:06+00:00,kena zona merah ptm,kena zona merah ptm
2022-01-23 08:45:51+00:00,semua gr polan jd ptm lagi asooo,semua gr polan jd ptm lagi asooo
2022-01-23 08:23:28+00:00,masihh ptm berharap aja boleh,masihh ptm berharap aja boleh
2022-01-23 08:18:34+00:00,ptm sekolah di rembang,ptm sekolah di rembang
2022-01-23 07:51:37+00:00,aku blom pernah ptm ptm pjj,aku blom pernah ptm ptm pjj
2022-01-23 07:49:42+00:00,ptm asalnya besok jadi,ptm asalnya besok jadi
2022-01-23 07:22:56+00:00,lalu sekolahku ptn kemarin katanya gaboleh jdnya depan kembali ptm,lalu sekolahku ptn kemarin katanya gaboleh jdnya depan kembali ptm
2022-01-23 07:08:02+00:00,gatau deh nder udh sklh kelas ptm sekarng depan kls sm ik,gatau deh nder udh sklh kelas ptm sekarng depan kls sm ik
2022-01-23 07:03:21+00:00,ptm dibagi berdasarkan makan diaduk diaduk,ptm dibagi berdasarkan makan diaduk diaduk
2022-01-23 06:15:09+00:00,ptm lagi,ptm lagi
2022-01-23 04:58:44+00:00,cape anjir kalo ptm di sekolah isinya presentasi kuis dadakan sampe rumah ngerjain tugas di gc,cape anjir kalo ptm di sekolah isinya presentasi kuis dadakan sampe rumah ngerjain tugas di gc
2022-01-23 04:56:40+00:00,kalau ngasih info suka dadakan kadang hberapa jam dikasih tau sekolahku awalnya ptm,kalau ngasih info suka dadakan kadang hberapa jam dikasih tau sekolahku awalnya ptm
2022-01-23 04:40:35+00:00,schapp besok sender bakal ptm takut banget aaaaaaaaaaaaaaaaaa ntar ditemenin nangis,schapp besok sender bakal ptm takut banget aaaaaaaaaaaaaaaaaa ntar ditemenin nangis
2022-01-23 03:46:22+00:00,sekolah gua agak menclamencle kemarin bru full ptm ketiga diganti ptm,sekolah gua agak menclamencle kemarin bru full ptm ketiga diganti ptm
2022-01-23 03:45:47+00:00,berarti pjj ptm,berarti pjj ptm
2022-01-23 03:40:01+00:00,mending ptm atau,mending ptm atau
2022-01-23 02:54:18+00:00,iyaaa woi bahasa jawa pelajaran bk kayak anjrittt guru bjw smt udah ptm gapernah,iyaaa woi bahasa jawa pelajaran bk kayak anjrittt guru bjw smt udah ptm gapernah
2022-01-23 01:56:09+00:00,besok ptm algskdgelsbsldhld bolos aja yaaa mending aja siiii,besok ptm algskdgelsbsldhld bolos aja yaaa mending aja siiii
2022-01-23 01:47:08+00:00,rt mean logic yang kerja disuruh wfh kalo kapasitas kantor jd sekolah ptm makanya cepet ker,rt mean logic kerja disuruh wfh kalo kapasitas kantor jd sekolah ptm makanya cepet ker
2022-01-23 01:45:56+00:00,mean logic yang kerja disuruh wfh kalo kapasitas kantor jd sekolah ptm makanya ce,mean logic kerja disuruh wfh kalo kapasitas kantor jd sekolah ptm makanya ce
2022-01-22 19:18:19+00:00,gue pjj ptm nanti febaru,gue pjj ptm nanti febaru
2022-01-22 16:08:44+00:00,ptm lagix,ptm lagix
2022-01-22 16:00:57+00:00,ptm dibagi jadi sesi sesi lagi jadi kaya awal lgi sekelas yang masuk,ptm dibagi jadi sesi sesi lagi jadi kaya awal lgi sekelas masuk
2022-01-22 15:45:04+00:00,presentase karena banyak tugas gabisa ditinggal alias bakal ditagih kalau melewati ten,presentase karena banyak tugas gabisa ditinggal alias bakal ditagih kalau melewati ten
2022-01-22 15:15:37+00:00,pantesan aja anjing mingdep gue ptm,pantesan aja anjing gue ptm
2022-01-22 15:13:49+00:00,eh eh mau tanya kalian yang ptm kah atau jdi,eh eh mau tanya kalian ptm kah atau jdi
2022-01-22 14:40:41+00:00,ptm yakan ketiga temen gue kelompok sedangkan gue doang kelompok waktuny,ptm yakan ketiga temen gue kelompok sedangkan gue doang kelompok waktuny
