date,tweet_original,tweet
2021-11-27 13:40:05+00:00,"PJJ lgi aja deh, atau gk ptm terbatas jg  ptm bikin gua kaget capek dihajar tugas pembagian jadwal",pjj lagi aja deh ptm terbatas ptm gua kaget capek dihajar tugas pembagian jadwal
2021-11-27 12:12:02+00:00,sedih mulai mingdep udah mulai ptm terbatas lagi :((',sedih mulai udah mulai ptm terbatas lagi
2021-11-27 09:59:15+00:00,"Sekolah anak saya tidak ada PTM hari ini krn ada vaksin dosis ke 2 kelas 3,4, dan 5 infonya. Bukan karena lonjakan kasus. Kamis bsk kembali PTM seperti jadwal sebelumnya. Saya sebagai orang tua juga keberatan dengan info yg serba dadakan dr pihak sekolah.",sekolah anak saya ada ptm karena ada vaksin dosis kelas infonya bukan karena lonjakan kasus besok kembali ptm seperti jadwal sebelumnya saya sebagai tua keberatan info serba dadakan dari pihak sekolah
2021-11-26 11:54:01+00:00,"Ptm baru minggu ke 3 tapi udah capek bangetTugas kelompok terus menerus, habis itu belajar cepet'",ptm sudah capek banget tugas kelompok menerus habis belajar cepet
2021-11-26 11:52:53+00:00,Mulai Minggu depan sekolahku PTM  terbatas lagi aaaa,mulai depan sekolahku ptm terbatas lagi aaaa
2021-11-26 11:52:53+00:00,Semangat pagi utk PTM TERBATAS ,semangat pagi ptm terbatas
2021-11-26 04:25:39+00:00,"horor banget, bangun pagi di kasih info minggu depan mulai ptm terbatas",horor banget bangun pagi kasih info depan mulai ptm terbatas
2021-11-26 04:20:04+00:00,"Semua tergantung orang tuanya, cabut anak suruh daring, jika sekolah marah krn anaknya daring laporkan pihak sekolah kepolisi bila perlu kadisdikbudnya laporkan juga, ndak usah repot, anak saya wlu sekolah wajib PTM, sdh 2 th ini ttp Daring, itu hak saya sbg orng tua.",semua tergantung tuanya cabut anak suruh daring jika sekolah marah karena anaknya daring laporkan pihak sekolah kepolisi bila perlu kadisdikbudnya laporkan ndak usah repot anak saya walau sekolah wajib ptm sudah tetap daring hak saya sebagai tua
2021-11-26 04:15:01+00:00,sekolah rin balik ke 50% ptm gegara ada yg c word. trs hari ini rin milih buat ga masuk sekolah krn takut,sekolah rin balik ptm gegara ada word rin milih buat masuk sekolah karena takut
2021-11-26 01:52:56+00:00,"Anak saya yg SD belum saya bolehkan untuk masuk sekolah (PTM). Sedihnya, sekolah ""katanya"" sudah meniadakan daring, karena sudah PTM 100%...Diperbolehkan sih nggak ikut PTM, hanya dikasih tugas harian saja..",anak saya sd belum saya bolehkan masuk sekolah ptm sedihnya sekolah katanya sudah meniadakan daring karena sudah ptm diperbolehkan ikut ptm dikasih tugas harian saja
2021-11-25 15:44:20+00:00,"Saya usul tetap PTM. Argumentasi saya : - Yg boleh PTM adalah anak yg sudah divaksin. - Yg PTM orangtuanya harus sudah vaksin lengkap. - Protokol kesehatan di sekolah bisa diawasi - 1,5 tahun sekolah online memperlihatkan ketimpangan pendidikan yg parah. Cukup, jangan lagi",saya usul tetap ptm argumentasi saya boleh ptm adalah anak sudah divaksin ptm orangtuanya sudah vaksin lengkap protokol kesehatan di sekolah diawasi sekolah online memperlihatkan ketimpangan pendidikan parah cukup jangan lagi
2021-11-25 07:42:40+00:00,"beberapa waktu lalu saya minta kakak saya agar keponakan saya gak usah PTM... minta tugas atau apapun itu sama gurunya.... barusan kasih kabar, lebih dari 40 orang tua melakukan hal yang sama... selamatkan anak anak kita..",beberapa lalu saya minta saya agar keponakan saya usah ptm minta tugas apapun sama gurunya barusan kasih kabar lebih dari tua melakukan hal sama selamatkan anak anak
2021-11-25 06:55:54+00:00, Aku kemaren kemaren sebelum ptm begadang terus sampe dini hari tp semenjak ptm badan jadi capek bgt,aku kemaren kemaren sebelum ptm begadang sampai dini tp semenjak ptm badan jadi capek banget
2021-11-25 03:51:48+00:00,"Sekolah anak sy juga ngga berani hentikan ptm, sampai kmrn ada anak yg positif covid sekeluarga, baru ptm dihentikan, tp cuma sementara. Pejabatnya tenang2 aja, mungkin mikirnya: ah yang kena anak2 ini, bukan saya..",sekolah anak saya berani hentikan ptm sampai kemarin ada anak positif covid sekeluarga ptm dihentikan tp cuma sementara pejabatnya tenang aja mungkin mikirnya ah kena anak bukan saya
2021-11-24 23:49:56+00:00,"@subschfess Klo pjj mkn ku teratur soalny plang kmpung ada ibu yg masak,klo ptm jdi anak kos2an mles masak mau beli rugii wkwk",kalau pjj makan teratur soalny pulang kmpung ada ibu masak kalau ptm jadi anak kosan males masak mau beli rugi wkwk
2021-11-24 16:47:55+00:00,"Di sekolah anak saya,... walau anak tdk bersedia di vaksin, masih diperbolehkan PTM koq...tdk ada perbedaan...",sekolah anak saya walau anak bersedia vaksin diperbolehkan ptm kok ada perbedaan
2021-11-24 14:27:01+00:00,"di sekolah gua udah 5 yang kena covid tp sekolah ttp kekeuh buat ptmt, kalo udah 5% baru libur 2 minggu. nunggu tumbal apa gimana? sekolah mau bayar biaya perawatannya kah kalo misalkan kena? mau ngegantiin nyawa kalo sampe ada yang",sekolah gua udah kena covid tp sekolah tetap kekeh buat ptmt kalau udah libur nunggu tumbal sekolah mau bayar biaya perawatannya kah kalau misalkan kena mau ngegantiin nyawa kalau sampai ada
2021-11-24 13:09:00+00:00,"anjrit kmrn kakel gua skrng temen seangkatan gua ada yg kena cororong, untung aja kmrn emak gua ga ijinin masuk ptm",anjir kemarin kakel gua sekarang temen seangkatan gua ada kena cororong untung aja kemarin emak gua ijinin masuk ptm
2021-11-24 09:00:14+00:00,"Top bu. Saya jg begitu saat diminta isi form vaksin. Klo vaksin mjd syarat ptm, anak saya online aja. Dibilang ga ada pembelajarn online. Saya jawab yaa udah anak kami kluar. Ehh....dihub agar masuk sekolah setelah 2 hari ga sekolah",top bu saya begitu diminta isi form vaksin kalau vaksin menjadi syarat ptm anak saya online aja dibilang ada pembelajarn online saya jawab yaa udah anak keluar ehh dihub agar masuk sekolah setelah sekolah
2021-11-24 07:19:16+00:00,"pjj enak bisa santai, tapi memahami materi suka kesusahan. ptm, males sakit perut, males ketemu banyak orang",pjj enak santai memahami materi suka kesusahan ptm males sakit perut males ketemu banyak
2021-11-24 05:15:45+00:00,@hypeanutz aku anak baru harusnya ptm hari ini diundur jadi 7 feb ptm nya terus mau belajar bingung aku belum dimasukin group kelas T___T',aku anak harusnya ptm diundur jadi feb ptm mau belajar bingung aku belum dimasukin group kelas
2021-11-24 03:05:31+00:00,"Yg mau anaknya PJJ silahkan. Tapi jgn recoki anak2 yg semangat PTM Lagian saran saya kalau anak kena omicron yg gejalanya bapil, ya anaknya disuruh istirahat dan minum obat flu biasa, jgn disuruh swab, tokh obatnya jg sama dgn obat flu biasa.",mau anaknya pjj silahkan jangan recoki anak semangat ptm lagian saran saya kalau anak kena omicron gejalanya bapil ya anaknya disuruh istirahat minum obat flu biasa jangan disuruh swab toh obatnya sama obat flu biasa
2021-11-24 02:49:31+00:00,"Jakarta masuk lagi PPKM level 3, sekolah masih diminta PTM nih? Sekolah anak saya gak berani ubah kebijakan karena masih mengacu SKB kementerian katanya",jakarta masuk lagi ppkm level sekolah diminta ptm sekolah anak saya berani ubah kebijakan karena mengacu skb kementerian katanya
2021-11-24 00:19:51+00:00,@convomfs udah 3 mingguan ptm 100% diumumin malem tadi disuruh pjj lagi hehehe',sudah ptm diumumin malem disuruh pjj lagi hehe
2021-11-23 20:56:52+00:00,gimana mau sekolah tadi nya hari ini ptm di undur jadi 7 feb sekarang pjj tapi gimana mau belajar aku belum dimasukin group kelasnya,mau sekolah ptm undur jadi feb sekarang pjj mau belajar aku belum dimasukin group kelasnya
2021-11-23 14:10:13+00:00," Pas ptm malah lebih enak tau, tugasnya ga aneh lebih sering bahas materi. Tp krna ini aku kebagian sesi pjj jadi tugasnya aneh'",ptm malah lebih enak tau tugasnya aneh lebih sering bahas materi  karena aku kebagian sesi pjj jadi tugasnya aneh
2021-11-23 13:07:16+00:00,"Dimana? Satu sekolah anak saya pada sehat semua, dan PTM lancar, anak2 makin cerdas. 7 ribu gak termasuk anak2 sekolah dikecamatan Jagakarsa Jaksel pasti yah prof? Gak semua yang PJJ punya privilege untuk ada smartphone dan kuota, kecuali mau modalin sampe pelosok!",sekolah anak saya sehat semua ptm lancar anak makin cerdas ribu termasuk anak sekolah dikecamatan jagakarsa jaksel pasti prof semua pjj punya privilege ada smartphone kuota kecuali mau modalin sampai pelosok
2021-11-23 11:23:23+00:00,halo gue hari ini ptm lagi alias ANJING MALES BANGET',halo gue ptm lagi alias anjing males banget
2021-11-23 08:45:45+00:00,"@injjuullyy Gagal ptm, trs wisuda 112 online gajadi offline, asik tuh'",gagal ptm wisuda online gajadi offline asik
2021-11-23 07:19:11+00:00,"Kasian anak pandemi. Gak punya temen. Mainnya sama sepupu doang. Begitu ngaji PTM, seneng banget dia. Selalu ceria",kasian anak pandemi punya temen mainnya sama sepupu doang begitu ngaji ptm seneng banget selalu ceria
2021-11-23 03:18:09+00:00,"Alhamdulillah skrng udah normal semenjak ptm lagii,pas sebelum ptm pasti tidur diatas jam 12 gituan",alhamdulillah sekarang sudah normal semenjak ptm lagi sebelum ptm pasti tidur jam gituan
2021-11-22 16:34:41+00:00,Lintang blm sekolah tp sudah mengaji. Ngajinya semester ini full PTM semester sebelumnya online,lintang belum sekolah sudah mengaji ngajinya semester full ptm semester sebelumnya online
2021-11-22 14:47:14+00:00,SchApp! anak kelasku pada banyak yang gamasuk woyy pada sakit jadi takut ptm,anak kelasku banyak gamasuk woe sakit jadi takut ptm
2021-11-22 12:12:46+00:00,"PTM, pjj bikin mls dh asli",ptm pjj mls dah asli
2021-11-22 11:30:45+00:00,tetap ptm walau gk ngerjain tugas',tetap ptm walau ngerjain tugas
2021-11-22 07:09:55+00:00,"@schfess pjj santai, ptm lebih cepet paham materi'",pjj santai ptm lebih cepet paham materi
2021-11-22 07:05:39+00:00,"aku mau seneng ga ada ptm ga jadi ulangan, tapi ga ada ptm karna berita duka gmn ya",aku mau seneng ada ptm jadi ulangan ada ptm karena berita duka ya
2021-11-22 04:06:43+00:00,@bluendsun entah kenape guru guru pas ptm ngeselin semua\nngasik tugas aneh aneh',entah guru guru ptm ngeselin semua ngasik tugas aneh aneh
2021-11-22 04:06:05+00:00, mending ptm ga she,mending ptm
2021-11-21 23:45:49+00:00,skolah swasta gtw ada yg mreka msi ptm ato g hti2 dah ato g negri',sekolah swasta gatau ada mreka ptm hati dah negri
2021-11-21 23:32:46+00:00," dulu suka pjj, bisa santai bisa males malesan dulu, tapi lama kelamaan bosen dan pengen ptm biar paham",suka pjj santai males malesan lama kelamaan bosen pengen ptm biar paham
2021-11-21 13:41:38+00:00," semangat juga buat kamu yg lagi ptm, jangan aneh-aneh di sekolah",semangat buat lagi ptm jangan aneh aneh sekolah
2021-11-21 11:00:01+00:00,"@junkyu_yeochin wii semangatt!! aq sebelumnya juga ptm tiap hari, krna dikelas q ada yg kena covid jadi pjj lagi'",wi semangat aku sebelumnya ptm tiap karena dikelas ada kena covid jadi pjj lagi
2021-11-20 10:11:01+00:00,Semoga PTM diberentikan deh kak. Di jakarta udah 90 sekolah ditutup gegara ada kasus positif,semoga ptm diberentikan deh kak di jakarta udah sekolah ditutup gegara ada kasus positif
2021-11-20 01:06:54+00:00,"Iya sih,sy gak ngijinin anak saya di vaksin mbak, krn anak saya dr kecil sering di rawat di RS,sy gak mau ambil resiko, gak tau ini besok boleh PTM atau gak",iya saya ngijinin anak saya di vaksin mbak karena anak saya dari kecil sering di rawat di rs saya mau ambil resiko tau besok boleh ptm
2021-11-19 12:07:57+00:00,GAJADI WKWK ADA HARAPAN PTM KALO SAMPE BESOK KASUS + NYA 0,gajadi wkwk ada harapan ptm kalau sampai besok kasus
2021-11-19 10:00:02+00:00,ini ptm kenapa kebanyakan tugasnya kelompok sih,ptm kebanyakan tugasnya kelompok
2021-11-19 09:44:01+00:00,"Udah hari kamis aja nih. Awali hari ini dengan semangat! walaupun sekolah udah PTM 100%, tapi tetap harus belajar",udah aja awali semangat walaupun sekolah udah ptm tetap belajar
2021-11-19 06:08:37+00:00,anj lahh dah siap-siap taunya ga ada ptm,anjing dah siap siap taunya ada ptm
2021-11-27 13:40:26+00:00,ak heran sm skolah yg ad kasus kopit di skolahny tp ttp adain ptm,aku heran sama sekolah ada kasus kopit sekolahnya tetap adain ptm
2021-11-27 13:40:05+00:00,@imurjoyiie Ptm tidak seindah yg diharapkan,ptm seindah diharapkan
2021-11-27 12:12:02+00:00,"Enak banget yang ptm, mau ptm :('",enak banget ptm mau ptm
2021-11-27 09:59:15+00:00,"gua kira udh ptm jam tdrnya bakal berubah, ternyata sama ajaa. malah makin parah'",gua kira sudah ptm jam tidurnya bakal berubah ternyata sama ajaa malah makin parah
2021-11-26 11:54:01+00:00,"@schfess pjj, gatau kenapa semenjak ptm tuh semangat gua jadi hilang trus jadi ngga niat'",pjj gatau semenjak ptm semangat gua jadi hilang jadi niat
2021-11-26 11:52:53+00:00,"ni kebijakan PTM gak mau ditinjau lagi nih. Sekolah anak saya dah ada kejadian SD dan SMA habis PTM keesokannya positif jd merepotkan semua yg ikut PTM kena tracing hrs sekeluarga PCR dll. Walaupun belum pasti kenanya di sekolah, bisa jd cluster baru",kebijakan ptm mau ditinjau lagi sekolah anak saya dah ada kejadian sd sma habis ptm keesokannya positif jadi merepotkan semua ikut ptm kena tracing sekeluarga pcr walaupun belum pasti kenanya sekolah jadi cluster
2021-11-26 11:52:53+00:00,Wow temen sekolah LL uda ada yg positive mericon,wow temen sekolah uda ada positive mericon
2021-11-26 04:25:39+00:00,Jika ada yg positif bisa kena tracing semua.. lbh baik seminggu PTM trus lanjut 2 minggu daring..thn kemaren anak saya sistemnya begini,jika ada positif kena tracing semua lebih baik ptm  lanjut daring kemaren anak saya sistemnya begini
2021-11-26 04:20:04+00:00,gue gamau pjj ajg udah enak bgt ptm',gue gamau pjj anjing udah enak banget ptm
2021-11-26 04:15:01+00:00,"@schfess: Sch! Kalian ada ngga sih yang sejak ptm rasanya capeek bgttt, padahal bentaran doang sekolahnya",kalian ada sejak ptm rasanya capeek bangett bentaran doang sekolahnya
2021-11-26 01:52:56+00:00,@convomfs Ptm 100% tapi waktu belajarnya belum normal masih blik jam 12:30',ptm belajarnya belum normal balik jam
2021-11-25 15:44:20+00:00," enakk ptm, btw pagi'",enak ptm way pagi
2021-11-25 07:42:40+00:00,@myngklx semangat ptm nyaa',semangat ptm
2021-11-25 06:55:54+00:00,belum full 1 bulan ptm udah di suruh pjj lagi mana tugas kelompok banyak benerr,belum full ptm udah suruh pjj lagi tugas kelompok banyak bener
2021-11-25 03:51:48+00:00,"Hari ini ptm, males bngt'",ptm males banget
2021-11-24 23:49:56+00:00,@schfess huaaa aku malah pjj trs nder huhu :( gak nyobain ptm malah :((',hua aku malah pjj nder huhu nyobain ptm malah
2021-11-24 16:47:55+00:00,kenapa kalo bangun buat pjj ngantuk bngt tapi pas ptm ngga terlalu,kalau bangun buat pjj ngantuk banget ptm terlalu
2021-11-24 14:27:01+00:00,"@schfess lebih suka ptm, tp capee poll'",lebih suka ptm cape poll
2021-11-24 13:09:00+00:00,'Ih bentar lagi PTM aku gk siap bertemu macam2 ras manusia meskipun aku berasal dari ras trkuat di muka bumi (read:wibu)',ihh bentar lagi ptm aku siap bertemu macam ras manusia meskipun aku berasal dari ras terkuat muka bumi read wibu
2021-11-24 09:00:14+00:00,@ajundejunn semangat ptm nya',semangat ptm
2021-11-24 07:19:16+00:00,enak jink gue malah maunya pjj cape bget ptm',enak anjing gue malah maunya pjj cape banget ptm
2021-11-24 05:15:45+00:00,"'PJJ DONG AIH MALAH PTM MULU, JABA TUGAS KELOMPOK WAE'",pjj dong aih malah ptm mulu jaba tugas kelompok wae
2021-11-24 03:05:31+00:00,Gak tau kenapa semenjak ptm aku jadi lebih males',tau semenjak ptm aku jadi lebih males
2021-11-24 02:49:31+00:00,@Asahiyaap aku pjj jugaa hiks pengen ptm',aku pjj hiks pengen ptm
2021-11-24 00:19:51+00:00,@arifinpribadi @jokowi @KemenkesRI @luhutbinsarp @erickthohir @KemenBUMN @BNPTRI PTM 100% tetap diberlakukan... itu namanya nekat !',ptm tetap diberlakukan namanya nekat
2021-11-23 20:56:52+00:00,Padahal pas awal2 PJJ udah agak mending dgn seminggu 3x masuk dgn sistem absensi ganjil genap ketimbang PTM dilakukan 100%,awal pjj sudah agak mending masuk sistem absensi ganjil genap ketimbang ptm dilakukan
2021-11-23 14:10:13+00:00,semenjak ptm gue ke atm nyetor mulu setiap minggu,semenjak ptm gue atm nyetor mulu setiap
2021-11-23 13:07:16+00:00,"@schfess yg balik pjj lg tu sekolah mana aja ya, ko skolahku masi ptm 100%",balik pjj lagi sekolah aja ya sekolahku ptm
2021-11-23 11:23:23+00:00,@osw_cityx sedihhh giliran udh nyaman ptm malah kasus makin banyak,sedih giliran sudah nyaman ptm malah kasus makin banyak
2021-11-23 08:45:45+00:00,"ptm seru, tapi tugas yang 80% kelompok bikin tepar",ptm seru tugas kelompok tepar
2021-11-23 07:19:11+00:00,aku males bgt ptm dahh mau tidur,aku males banget ptm dahh mau tidur
2021-11-23 03:18:09+00:00,@shayangaksa gue lagi ptm yaallah nyesek.. aksa kemana',gue lagi ptm yaallah nyesek aksa kemana
2021-11-22 16:34:41+00:00,@convomfs anak kelas sebelah gue yg kena c-19 bisa sembuh biar Senin gue ptm lagi',anak kelas sebelah gue kena sembuh biar gue ptm lagi
2021-11-22 14:47:14+00:00,"@schfess ptm, tp pas ptm w sering sakit gara2 kecapean dsb'",ptm ptm sering sakit gara kecapean
2021-11-22 12:12:46+00:00,"ALO SELAMAT PAGI, AKU KEMBALI PJJ LAGI PADAHAL ENAKAN PTM.",halo selamat pagi aku kembali pjj lagi enakan ptm
2021-11-22 11:30:45+00:00,"@convomfs sama, tapi katanya senin masuk ptm lagi'",sama katanya masuk ptm lagi
2021-11-22 07:09:55+00:00,"Nataru dilonggarin, sekolah dibuka ptm. Terus temen gw bikin story tempat swab udah rame lagi abis itu liat ini.",nataru dilonggarin sekolah dibuka ptm temen gue story tempat swab sudah rame lagi abis liat
2021-11-22 07:05:39+00:00,"temanku pda males2, berusaha bgt biar ga ptm smpe chat di grup",temanku males berusaha banget biar ptm sampai chat grup
2021-11-22 04:06:43+00:00,"hari ini aku ptm tapi harus tetep kesekolah krn ada kegiatan lain, high semanga",aku ptm tetap kesekolah karena ada kegiatan lain high semangat
2021-11-22 04:06:05+00:00,baca cerita orang tua yg curhat tentang kegiatan ptm di sekolah anaknya makin hari makin pusing. bener2 dah nyawa anak2 dikira apaan sih?',baca cerita tua curhat tentang kegiatan ptm di sekolah anaknya makin makin pusing bener dah nyawa anak dikira
2021-11-21 23:45:49+00:00,"@schfess Ptm, walaupun bikin sakit badan tapi materi nemplok di kepala'",ptm walaupun sakit badan materi nemplok kepala
2021-11-21 23:32:46+00:00,"@sudahgudluking ngasih info ptm pagi pagi anjg, gua udah rapih'",ngasih info ptm pagi pagi anjing gua udah rapih
2021-11-21 13:41:38+00:00,"bayangin se kesel apa ak, kmrn bilang hri ini libur tpi ngsih tugas aja karna guru pada pergi skrng tbtb disuruh ",bayangin se kesel aku kemarin libur ngasih tugas aja karena guru pergi sekarang tiba tiba disuruh
2021-11-21 11:00:01+00:00,ptm menyenangkan sampai kamu ulangan pake kertas',ptm menyenangkan sampai ulangan pakai kertas
2021-11-20 10:11:01+00:00,"@moonareas Ptm tpi gue males, jdi akhirnya daring'",ptm gue males jadi akhirnya daring
2021-11-20 01:06:54+00:00,'ini katanya mau pjj lagi dah padahal seruan ptm,katanya mau pjj lagi dah seruan ptm
2021-11-19 12:07:57+00:00,"Kalian ada ngga sih yang sejak ptm rasanya capeek bgttt, padahal bentaran doang sekolahnya",kalian ada sejak ptm rasanya capek bangett bentaran doang sekolahnya
2021-11-19 10:00:02+00:00,ptm itu seru tapi yg gak seru bangun pagi',ptm seru seru bangun pagi
2021-11-19 09:44:01+00:00,"ptm anjir, ni sangking emosi sampe typo",ptm anjir sangking emosi sampai typo
2021-11-19 06:08:37+00:00,"@schfess Pjj, karena setelah ptm ini ak sadar klau sekolah ku bener bener loss prokres nya",pjj karena setelah ptm ak sadar klau sekolah bener bener loss prokres
2021-11-27 22:12:13+00:00,@Askrlfess Ngeri banget. Jadi takut karena semester nanti mulai ptm,ngeri banget jadi takut karena semester nanti mulai ptm
2021-11-27 22:08:01+00:00,"ngantuk banget, untung ga ptm'",ngantuk banget untung ptm
2021-11-27 22:07:39+00:00,"page 24 of 365: ternyata selama ptm ini temen temen gue ngira gue galak, pantesan pada ngga mau deket sama gue selama ptm",page ternyata selama ptm temen temen gue ngira gue galak pantesan mau deket sama gue selama ptm
2021-11-27 22:04:15+00:00,"@xafeenka capek ptm gak sih, IH IYAAAA",capek ptm ihh iya
2021-11-27 22:00:34+00:00," Kami minggu lalu udh Tapi gegara kabupaten kami level 2 Omicron, jadinya kami dibuat PTM 50%'",lalu sudah gegara kabupaten level omicron jadinya dibuat ptm
2021-11-27 21:55:44+00:00,"@schfess PJJ aja lah, PTM tuh ribet, ngga santuy, tugas bikin makalah harus hard file'",pjj aja ptm ribet santai tugas makalah hard file
2021-11-27 21:40:30+00:00,hari ini ptm hihi semangatttt,ptm hihi semangat
2021-11-27 21:37:21+00:00,jam tidur gue udah normal lagi semenjak ptm https://t.co/SPsP7XyBP9',jam tidur gue udah normal lagi semenjak ptm
2021-11-27 21:29:15+00:00,"Alhamdulillah masih ptm sih, jangan sampe pjj lagi deh",alhamdulillah ptm jangan sampai pjj lagi deh
2021-11-27 21:22:27+00:00,Bangun pagi gosok gigi cuci muka PTM lagi',bangun pagi gosok gigi cuci muka ptm lagi
2021-11-27 21:21:17+00:00,"Semenjak ptm 100%, makin jatuh hati sama kafein'",semenjak ptm makin jatuh hati sama kafein
2021-11-27 20:22:43+00:00,semenjak ptm jadi jarang mam mie instan',bersin mulu takut covid parno aja gegara ptm
2021-11-27 20:21:16+00:00,"bersin mulu, takut covid. bikin parno aja ggra PTM",kalian ptm ada istirahatnya aku gaada coba
2021-11-27 20:20:24+00:00,muridnya covid kok sekolahnya tutup wkwk lucu bgt suka bgt sama PTM ya buu',muridnya covid sekolahnya tutup wkwk lucu banget suka banget sama ptm ya
2021-11-27 20:06:22+00:00,"@schfess ptm, aku bisa nambah ilmu 'lebih' dari yang dibuku atau di internet walopun itu agk oot dari materi yg dipelajari""",ptm aku nambah ilmu lebih dari dibuku internet walaupun agak oot dari materi dipelajari
2021-11-27 19:33:42+00:00,"@summerjogja nggakk maksudnya feel nya itu loh, kalo ptm biasanya gw siapin mapel dulu sm mandi pagi eh ini kaga'",maksudnya feel kalau ptm biasanya gue siapin mata pelajaran sama mandi pagi eh
2021-11-27 19:19:07+00:00,"malesnya ptm gini, bocil2 bgst pd mencetin bel rumah gua asuuu, pengen w takol'",malesnya ptm bocil bangsat pada mencetin bel rumah gua asu pengen takol
2021-11-27 18:58:38+00:00,Kasus harian naik tetep maksain PTM walau terbatas,kasus harian naik tetap maksain ptm walau terbatas
2021-11-27 18:50:39+00:00,"@Askrlfess Untung dah engga sih, karena dah PTM 100% tidur suka jam 9 / 10'",untung dah karena dah ptm tidur suka jam
2021-11-27 18:50:26+00:00,"yuhuuu, setelah dua hari pjj di rumah dan hari ini balik ptm lg.\nmari kita siap-siap~'",yuhu setelah dua pjj rumah balik ptm lagi mari siap siap
2021-11-27 18:43:14+00:00,mls ptm,mls ptm
2021-11-27 18:42:01+00:00,"@Millypiepi: Ga enak nya PTM full buat anak SMK kyk aku tu sklh jm 1 smpe jm 6 sore, jdi plng sklh udh capek bgtt tpi hrus bisa maksain",enak ptm full buat anak smk kayak aku sekolah jm sampai jam sore jadi pulang sekolah sudah capek bangett maksain
2021-11-27 18:40:29+00:00,aaa malas bgt ptm,aaa malas banget ptm
2021-11-27 18:34:04+00:00,kyknya ptm disini bakal distop lg deh...,kayaknya ptm disini bakal distop lagi deh
2021-11-27 18:28:19+00:00,"@reginskrt: ya lagian sih, ptm langsung jebret 100% anak sekolah mau dijadiin kelinci percobaan omicron apa gimana?",ya lagian ptm langsung jebret anak sekolah mau dijadiin kelinci percobaan omicron
2021-11-27 18:24:10+00:00,@schfess PTM nder soalnya materi sama tugas2nya bisa lebih ngerti ketimbang PJJ abis itu PTM belajarnya asik soalnya bareng temen2',ptm nder soalnya materi sama tugasnya lebih ngerti ketimbang pjj abis ptm belajarnya asik soalnya bareng temen
2021-11-27 18:23:20+00:00,"Asli capek, ptm ulangan math dan b indo,  trs latihan sore sampe jam 7 , lanjut nyicil ngerjain tugas",asli capek ptm ulangan math indo trs latihan sore sampai jam lanjut nyicil ngerjain tugas
2021-11-27 18:09:49+00:00,ribet bgt coi udh kebiasa ptm 100% harus balik lagi ke 50%.,ribet banget coi sudah kebiasa ptm balik lagi
2021-11-27 18:03:36+00:00,"Nunggu kasus positif ngelonjak dulu gitu ? Kemudian baru stop PTM gitu ? Heran , gak waras",nunggu kasus positif ngelonjak kemudian stop ptm heran waras
2021-11-27 18:00:24+00:00,"Kalo gue liat liat sekolah gue batu juga anjir, udh tau ada yg kena covid malah masih lanjut ptm... Diliburin 2 hari aja",kalau gue liat liat sekolah gue batu anjir sudah tau ada kena covid malah lanjut ptm diliburin aja
2021-11-27 17:59:39+00:00,"@dr_koko28: Semakin banyak CoV terdeteksi di sekolah. -imho- mas menteri @nadiemmakarim, sudah waktunya untuk mengevaluasi PTM.'",koko semakin banyak cov terdeteksi di sekolah imho mas menteri sudah waktunya mengevaluasi ptm
2021-11-27 17:54:57+00:00,@schfess ptm enak bisa ngerti materi tapi terlalu banyak tugas kelompok sama individu nya',ptm enak ngerti materi terlalu banyak tugas kelompok sama individu
2021-11-27 17:51:24+00:00,'semenjak ptm gue sering bgt tiba tiba kebangun pas lagi tidur abis itu reflek nangis+ngeluh capek',semenjak ptm gue sering banget tiba tiba kebangun lagi tidur abis reflek nangis ngeluh capek
2021-11-27 17:47:43+00:00, semoga Jogja ga ikut ikutan aduhhh udah enak PTM',semoga jogja ikut ikutan aduh udah enak ptm
2021-11-27 17:46:41+00:00," Laahhh bukan nya di sekolah diterapkan, diharuskan malahan seperti dipaksa harus di vaksin buat bisa PTM",bukan sekolah diterapkan diharuskan malahan seperti dipaksa vaksin buat ptm
2021-11-27 17:45:07+00:00,"Ptm, karna dapat uang jajan dan jadi paham sama materi yg kita lagi pelajari. Plusnya ketemu mas crus'",ptm karena dapat uang jajan jadi paham sama materi lagi pelajari plusnya ketemu mas crush
2021-11-27 17:44:44+00:00,"Seharusnya di tengah naiknya kasus covid varian omicron, sementara sekolah kembali online saja. Nanti kalau sdh landai kasusnya baru ptm",seharusnya tengah naiknya kasus covid varian omicron sementara sekolah kembali online saja nanti kalau sudah landai kasusnya ptm
2021-11-27 17:44:06+00:00,Please jangan pjj lagi please. Pengen ngehabisin waktu yang tersisa sblm lulus dengan sebaik mungkin. ,please jangan pjj lagi please pengen ngehabisin tersisa sebelum lulus sebaik mungkin
2021-11-27 17:38:05+00:00,"jgn smpe ni tmn2 kmps terpapar grgr ptm, awas ja dibatalkan ptm krna nunggu kena dlu.",jangan smpe tmn kampus terpapar gegara ptm awas sja dibatalkan ptm karena nunggu kena dulu
2021-11-27 17:36:48+00:00,mulai mencium aroma aroma ptm 50% nih,mulai mencium aroma aroma ptm
2021-11-27 17:36:29+00:00,Aku padahal nanti pagi ptm tapi belum bisa tidur,aku nanti pagi ptm belum tidur
2021-11-27 17:32:42+00:00,"aku 50:50 sih. masing2 ada kurlebnya. pjj alu jenuh, tp enak jd lebih ga cape fisik. ptm asik ktmu tmn2",besok gue ptm anjir gabisa tidur lagi
2021-11-27 17:24:39+00:00,"Ptm jangan berenti pliss, stress gua dirumah tai",ptm jangan berhenti plis stress gua dirumah tai
2021-11-27 17:17:17+00:00,"besok w ptm, tapi gabisa tidur anyink",besok ptm gabisa tidur anjing
2021-11-27 17:16:36+00:00, Lebih baik distop dulu #ptm untuk sementara waktu melihat kasus penularannya yg lebih cepat daripada pjj,lebih baik distop sementara melihat kasus penularannya lebih cepat pjj
2021-11-27 17:05:23+00:00,klo ptm enaknya gue bs ketemu guru terus praktek ayEy,kalau ptm enaknya gue ketemu guru praktek ayey
2021-11-27 17:05:20+00:00,"gueEEE apaya,, gue suka ptm.... pas kbm nya aja .... gue ga mau ke sekolah",gue gue suka ptm kbm aja gue mau sekolah
2021-11-27 17:04:34+00:00,sumpah bisa ga sih gw ga ptm,sumpah gue ptm
2021-11-27 16:59:01+00:00,Sumpah kalo dalam waktu dekat gak ptm lagi aku di prank banget sama semesta,sumpah kalau dalam dekat ptm lagi aku prank banget sama semesta
2021-11-27 16:57:50+00:00,d siang di tv katanya ada 90an murid kena weh serem ptm 100 persen ,tv katanya ada murid kena weh serem ptm persen
2021-11-27 16:56:33+00:00,ihh besok ptm males banget,ihh besok ptm males banget
2021-11-27 16:56:12+00:00,"kampus gua rencananya semester depan udh ptm, jujur seneng bgt tp degdegan jg karena udah lama ga masuk kelas",kampus gua rencananya semester depan sudah ptm jujur seneng banget degdegan jg karena udah lama masuk kelas
2021-11-27 16:54:32+00:00,ini omicron lagi naik naiknya apa ga ada pencegahan buat ngga maksain ptm dlu ga sih?:( apa nunggu ada yg kena dulu,omicron lagi naik naiknya ada pencegahan buat maksain ptm dulu nunggu ada kena
2021-11-27 16:50:47+00:00,"Kalo ku sih ptm, penjelasan lebih dipahami dan tugas dikit karna menekan ke pemahaman. Klo PJJ gila tugas",kalau ptm penjelasan lebih dipahami tugas dikit karena menekan pemahaman kalau pjj gila tugas
2021-11-27 16:47:33+00:00,"ptm, soalnya pelajaran lebih meresap",ptm soalnya pelajaran lebih meresap
2021-11-27 16:44:47+00:00,"di sekolahku lagi pada ngeluh sakit sendi, flu batuk, sama badan anget gitu. udh banyak yg ngalamin, termasuk aku sendiri. PTM 100%",sekolahku lagi ngeluh sakit sendi flu batuk sama badan anget sudah banyak ngalamin termasuk aku sendiri ptm
2021-11-27 16:40:11+00:00,@guanhengera semenjak ptm kerjaan gua kalo gk tidur ya ketiduran',semenjak ptm kerjaan gua kalau tidur ya ketiduran
2021-11-27 16:39:19+00:00," Wkwk biasanya baru bisa tidur jam segitu kaaa Wahaaa enak yah kaa, aku males banget sekarang ptm",wkwk biasanya tidur jam segitu kaaa wah enak aku males banget sekarang ptm
2021-11-27 16:34:10+00:00,Yang kemarin ngotot PTM 100% dengan banyak kasusnya covid di sekolah Sekarang ngumpet ya?',kemarin ngotot ptm banyak kasusnya covid di sekolah sekarang ngumpet ya
2021-11-27 16:33:01+00:00,"Gue sekolah PTM kek buat HEALING bisa ketawa, cekikikan, di rumah belum tentu bisa kek gitu",gue sekolah ptm kayak buat healing ketawa cekikikan di rumah belum tentu kayak
2021-11-27 16:29:57+00:00,"udah semester 6, baru awal ptm full pula, tapi tugasnya masih sama kek pas daring, bedanya yg sekrang banyak tugas",udah semester awal ptm full pula tugasnya sama kayak daring bedanya sekrang banyak tugas
2021-11-27 16:28:13+00:00,cape ptm jujur,cape ptm jujur
2021-11-27 16:26:49+00:00,'gua msh mau main hp tapi besok kan ptm :)))))',gua msh mau main hp besok ptm
2021-11-27 16:25:22+00:00,Speechless.. sama pemda DKI yang tetap ngotot PTM 100%\nPadahal dulu paling ngotot jakarta harus di lockdown ,speechless sama pemda dki tetap ngotot ptm paling ngotot jakarta lockdown
2021-11-27 16:14:03+00:00, masih menemukan banyak pelanggaran prokes dalam pelaksanaan PTM 100 persen,menemukan banyak pelanggaran prokes dalam pelaksanaan ptm persen
2021-11-27 16:11:55+00:00,"Siapa yang bilang semenjak ptm jadi ga stress lagi, yang ada makin stress AJG'",semenjak ptm jadi stress lagi ada makin stress anjing
2021-11-27 16:01:29+00:00,"Sama ky ponakan sy mak dok Sy bersikeras bilang ke ortunya jgn pernah mau di vaksin demi PTM,daring aja",sama kaya ponakan saya mak dok saya bersikeras ortunya jangan pernah mau vaksin ptm daring aja
2021-11-27 15:57:49+00:00,"yyy betul , sbnrnya pjj enak ptm jg enak , tp skrng kasus omicorn lagi naik mending pjj dlu deh :( ngeri cuy",ya betul sebenarnya pjj enak ptm enak sekarang kasus omicorn lagi naik mending pjj dulu deh ngeri cuy
2021-11-27 15:52:30+00:00,"Gatau deh masing2 punya kelebihan yang gua butuhin.. pjj = for uh/uas dkk, ptm = gampang dimengerti'",gatau deh masing punya kelebihan gua butuhin pjj uhuas dkk ptm gampang dimengerti
2021-11-27 15:52:27+00:00," kemarin dah kena, skrg ptm lagi'",kemarin dah kena sekarang ptm lagi
2021-11-27 15:49:30+00:00,btw ya.. audeh nangis besok ptm huuuuuuuuuuuu',way ya audeh nangis besok ptm huhu
2021-11-27 15:41:11+00:00,Shift 2 bikin aku lelah banget nget nget sampai skrg masih ngerjain tugas klo pagi2 ngerjainnya takut ga selesai ka,shift aku lelah banget nget nget sampai sekarang ngerjain tugas kalau pagi ngerjainnya takut selesai
2021-11-27 15:39:29+00:00,aa gak mau udah lumayan nyaman ptm ntar otak ku bodoh lagi,aa mau udah lumayan nyaman ptm bentar otak bodoh lagi
2021-11-27 15:39:09+00:00,Minggu depan PTM 100% Gak mau pengen per sesi aja masa setiap hari harus hapalan bahasa Inggris sama keagamaan pusing,depan ptm mau pengen per sesi aja masa setiap hapalan bahasa inggris sama keagamaan pusing
2021-11-27 15:38:20+00:00,@PartaiSocmed: Hanya berupa teguran. Sudah kami ingatkan berkali2 prokes tidak mungkin diterapkan di sekolah tanpa sanksi tegas,berupa teguran sudah ingatkan berkali prokes mungkin diterapkan sekolah sanksi tegas
2021-11-27 15:33:30+00:00,"males, ngotorin seragam, buang bensin, soalnya pas hari itu tuh cmn pensi doang gt jd ya ngapain mending di rumah",males ngotorin seragam buang bensin soalnya cuma pensi doang jadi ya ngapain mending rumah
2021-11-27 15:31:51+00:00,ni kyknya sekolah lain udh pada balik pjj lagi sekolah gue masih tetep ptm aneh',kayaknya sekolah lain sudah balik pjj lagi sekolah gue tetap ptm aneh
2021-11-27 15:27:50+00:00,@v1scasa kalau w punya cewe mending ptm sih tar biar bisa bucin plek plek plek tiap hari,kalau punya cewe mending ptm tar biar bucin plek plek plek tiap
2021-11-27 15:26:53+00:00,"sekelas positif covid semua, kantin ama kopsis sekolah ditutup tpi tetep disuruh ptm",sekelas positif covid semua kantin sama kopsis sekolah ditutup tetap disuruh ptm
2021-11-27 15:22:54+00:00,schfess Pjj krna PTM tmn ku pada gak asik tpi KLO pjj capek juga gak kuat ngerjain tugas yg gk masuk ke otak tpi klo,pjj karena ptm teman asik kalau pjj capek kuat ngerjain tugas masuk otak kalau
2021-11-27 15:22:38+00:00,"lemes bre ptm isinya kerkom, praktek, laporan, presentasi. niatnya mau kejar materi malah isinya gitu'",lemes bre ptm isinya kerja kelompok praktek laporan presentasi niatnya mau kejar materi malah isinya
2021-11-27 15:20:06+00:00," Kalau PTM di ganti dengan belajar online, trus pelajar yang vaksin kemarin sampai ada yang dipaksa",kalau ptm di ganti belajar online trus pelajar vaksin kemarin sampai ada dipaksa
2021-11-27 15:16:21+00:00,"Awal 2022 wow... di bercandain PTM dadakan awal tahun, terus nyaman PTM 3 Minggu walau dengan tugas yang numpuk numpuk",awal wow bercandain ptm dadakan awal nyaman ptm walau tugas numpuk numpuk
2021-11-27 15:16:19+00:00,"Setelah ptm, aku jadi males banget",setelah ptm aku jadi males banget
2021-11-27 15:13:34+00:00,ptm 50% mending kl ada ulhar online semua aja,ptm mending kalau ada ulhar online semua aja
2021-11-27 15:12:07+00:00,takut nanti pjj lagi. jjur sebenernya gue jg maless ptm tp ni tugas kelompok banyak bgt.. gw males klo ngerjainnya onlen onlenan ribet',takut nanti pjj lagi jujur sebenernya gue males ptm tugas kelompok banyak banget gue males kalau ngerjainnya online online ribet
2021-11-27 15:10:25+00:00,"mau nangis aja, sekolahku balik ke sistem pjj.. bismillah bisa balik ptm lagi:((",mau nangis aja sekolahku balik sistem pjj bismillah balik ptm lagi
2021-11-27 15:09:16+00:00,schfess Males yakin sama siswa/ guru yang buka masker seenaknya pas PTM,males yakin sama siswa guru buka masker seenaknya ptm
2021-11-27 15:06:59+00:00,hoo kentut ptm kentut kentut,hoo kentut ptm kentut kentut
2021-11-27 15:04:08+00:00,aku dengar dari kalian PTM masih 100% ya? masih tatap muka belajarnya dan kerjanya pun masih belum WFH. padahal kasus udah pada naik,aku dengar dari kalian ptm ya tatap muka belajarnya kerjanya belum wfh kasus sudah naik
2021-11-27 15:03:07+00:00,"@schfess Gak punya temen sebangku, duduk nya sendiri karna blum ptm 1000%",punya temen sebangku duduk sendiri karena belum ptm
2021-11-27 14:59:40+00:00,@schfess Ptm. Pjj membuatku malas belajar,ptm pjj membuatku malas belajar
2021-11-27 14:59:09+00:00,mending turu bsk ptm tai kucing,mending turu besok ptm tai kucing
2021-11-27 14:55:55+00:00,YOLAHH gue seneng si pjj lagi tpi ptm tuh lebih seruu rasanya,yolahh gue seneng pjj lagi ptm lebih seru rasanya
2021-11-27 14:54:05+00:00,@Iandryx Enak bener ga ptm,enak bener ptm
2021-11-27 14:49:07+00:00,update terkini aku wes mulai bosen PTM',update terkini aku wes mulai bosen ptm
2021-11-27 14:48:53+00:00,@mindianie SAMA bayangin km ptm terus tetep dikasih tugas',sama bayangin ptm tetap dikasih tugas
2021-11-27 14:44:01+00:00,"Udah hari rabu aja nih. Awalai hari ini dengan semangat! walaupun sekolah udah PTM 100%, tapi tetap harus belajar",sudah aja awali semangat walaupun sekolah sudah ptm tetap belajar
2021-11-27 14:42:39+00:00,'ptm membuatku sibuk,ptm membuatku sibuk
2021-11-27 14:39:33+00:00,"es pjj tapi jangan kelamaan, kayaknya aku bakal kangen ptm",es pjj jangan kelamaan kayaknya aku bakal kangen ptm
2021-11-27 14:38:23+00:00,"Besok ptm, tapi males banget ga pengen bobo",besok ptm males banget pengen bobo
2021-11-25 14:35:54+00:00,udah seru-seru ptm padahal',udah seru seru ptm
2021-11-25 14:35:48+00:00,"hadehh, gue udh sibuk lagi nih gegara sekolah udh ptm, mana bentar lagi wisuda KSHAKAHSA SENENG BGT WISUDANYA OFFLINE",hadeh gue sudah sibuk lagi gegara sekolah sudah ptm bentar lagi wisuda kshakahsa seneng banget wisudanya offline
2021-11-25 14:32:38+00:00," Oke"" aja. Sekolah aku baru 2 minggu PTM 100% udah ada yang kena soalnya:)'",oke aja sekolah aku ptm udah ada kena soalnya
2021-11-25 14:31:47+00:00,"@schfess masi ptm, dan smga ptm terus amin'",ptm semoga ptm amin
2021-11-25 14:30:28+00:00,blm juga ptm 100% tapi sekolah lain udh ada yg kena omnicorn. Yaudah yukk pjj lagi wkwk,belum ptm sekolah lain sudah ada kena omnicorn yaudah yuk pjj lagi wkwk
2021-11-25 14:28:25+00:00,Dahlah Dri awal jg sdh tdk yakin ptm 100% bakalan awet',dahlah dari awal sudah yakin ptm bakalan awet
2021-11-25 14:26:44+00:00,jujur lebih suka ptm yang 50% tapiii temen gue beda sesi dan gue gapunya temen lg di sesi yg sama kaya sebelumya,jujur lebih suka ptm tapi temen gue beda sesi gue gapunya temen lagi di sesi sama kaya sebelumya
2021-11-25 14:26:35+00:00,@cake_boop Gaenak lahh apalagi kalau ptm. Selama belajar narik ingus mulu,gaenak kalau ptm selama belajar narik ingus mulu
2021-11-25 14:26:21+00:00,"mungkin gara2 ptm gue sering julid, jadi suka lupa pls",mungkin gara ptm gue sering julid jadi suka lupa pls
2021-11-25 14:21:43+00:00,"semenjak ptm gue jadi suka lupa deadline2 tugas, tapi kalo lagi pjj gue inget terus",semenjak ptm gue jadi suka lupa deadline tugas kalau lagi pjj gue inget
2021-11-25 14:21:09+00:00,Ayolah @DKIJakarta hentikan lagi PTM demi kesehatan semua warga Jakarta',ayolah hentikan lagi ptm kesehatan semua warga jakarta
2021-11-25 14:20:40+00:00,"@schfess pjj ptm pahamnya sama aja, tp kurangnya kl ptm tugas byk jadi ga fokus materi'",pjj ptm pahamnya sama aja tp kurangnya kalau ptm tugas banyak jadi fokus materi
2021-11-25 14:19:21+00:00,"Gilaa ngeri banget.. kan sklh w ptm, dn bru di kabarin klo ada siswa/i yg positif covid 19Untung w ga milih ptm krn dilarang ortu..'",gila ngeri banget sekolah ptm bru di kabarin kalau ada siswai positif covid untung milih ptm karena dilarang tua
2021-11-25 14:14:29+00:00,"Baik baikk, tapii besokk aku ptm lgi, ihh mls bgt",baik baik besok aku ptm lagi ihh mls banget
2021-11-25 14:11:58+00:00,anjay besok ptm,anjay besok ptm
2021-11-25 14:11:37+00:00,Ptm.. Cape tau ahaha,ptm cape tau ahaha
2021-11-25 14:11:01+00:00, PTM LAGI BGST',ptm lagi bangsat
2021-11-25 14:05:35+00:00,knp ptm malah capek bgt',ptm malah capek banget
2021-11-25 14:05:13+00:00,@schfess sekolahku ptm nder dari awal tahun lalu... ademm banget keknya gak ada kasus covid sama sekali',sekolahku ptm nder dari awal lalu ademm banget kayaknya ada kasus covid sama sekali
2021-11-25 14:04:56+00:00,@sukufushie KAYAK GAK KONSISTEN BGT GT LOH PJJ YA PJJ PTM YA PTM',kayak konsisten banget pjj ya pjj ptm ya ptm
2021-11-25 14:04:06+00:00,pdhal lagi nyamannya ptm:(',lagi nyamannya ptm
2021-11-25 13:55:54+00:00,gue takut full PTM karena apa? karena disana tugas-tugas udah pada baris mau ngejar gue,gue takut full ptm karena karena tugas tugas sudah baris mau ngejar gue
2021-11-25 13:50:30+00:00,ptm gak enaknya cuma pas kelompokan,pengen pjj pengen ptm
2021-11-25 13:45:54+00:00,"50% pengen pjj, tapi 50% pengen ptm",balik ptm lagi karena ada positif
2021-11-25 13:45:49+00:00,harusnya jadi online siii aaa iya ada seru nya jg sihh ptm',harusnya jadi online aaa iya ada seru ptm
2021-11-25 13:43:50+00:00,@roguenter iyaa capek ptm,iyaa capek ptm
2021-11-25 13:42:42+00:00,@kieeesaaa sama anjir klo pjj emg banyak bet tugasnya ga kek ptm',sama anjir kalau pjj emg banyak banget tugasnya kayak ptm
2021-11-25 13:40:26+00:00,@menghiIank pdhal baru sebulan ptm tpi udh mau remuk anjir badan ini ,ptm sudah mau remuk anjir badan
2021-11-24 13:40:05+00:00,"ptm, pelajarannya lebih masuk ke otak. kalo pjj jujur aja guruku jarang banget zoom, jadi cuma ngasih materi",ptm pelajarannya lebih masuk otak kalau pjj jujur aja guruku jarang banget zoom jadi cuma ngasih materi
2021-11-24 13:40:01+00:00,drpd 50% ptm mending 100% pjj,ptm mending pjj
2021-11-24 13:39:29+00:00,"@kieeesaaa bgst doain skolah gw juga biar pjj, males bangun pagi anj klo ptm",bangsat doain sekolah gue biar pjj males bangun pagi anjing kalau ptm
2021-11-24 13:37:23+00:00,lama2 gw jadi pengen pjj aja gak ptm,lama gue jadi pengen pjj aja ptm
2021-11-24 13:34:37+00:00,"Udh ptm 100%, jdi ptmt lagi sialan",sudah ptm jdi ptmt lagi sialan
2021-11-24 13:33:02+00:00,ada kasus positif di sekolah?? tetap tenang dan ptm spt biasa rambut gondrong/dicat?? pulang dl mas mbak dibenerin dl rambutnya nggih,ada kasus positif sekolah tetap tenang ptm biasa rambut gondrong dicat pulang dulu mas mbak dibenerin dulu rambutnya nggih
2021-11-24 13:31:33+00:00,kembaliin waktu tidurku woiiii anjir ptm makin banyak aja ni tugas,kembaliin tidurku woi anjir ptm makin banyak aja tugas
2021-11-24 13:30:22+00:00,males besok ptm,males besok ptm
2021-11-24 13:29:01+00:00,"@Janeberly_ Gw ga bosen, cmn ngerasa lebih seru PTM aja",gue bosen cuma ngerasa lebih seru ptm aja
2021-11-24 13:28:47+00:00,@jejesszz_a srius? :((( moga ptm gasih dah bosen gt,serius moga ptm dah bosen
2021-11-24 13:28:45+00:00,"@wootroopers udah gt sklh dah ptm 100%,trs grgr itu naik lg kasusnya, mana ada omicron segala'",sudah sekolah dah ptm gegara naik lagi kasusnya ada omicron segala
2021-11-24 13:26:24+00:00,sekolah sender mau balik ptm 50% lagi huhu,sekolah sender mau balik ptm lagi huhu
2021-11-24 13:25:33+00:00,"hadueee mtk menyusahkan, untung besok pjj, kalo bsk ptm ketar ketir aku blm ngerjain pr mtk",haduh mtk menyusahkan untung besok pjj kalau besok ptm ketar ketir aku belum ngerjain pr mtk
2021-11-24 13:24:59+00:00,@ftjaeyuun PTM DONG BIAR SEMANGAT BELAJAR NYA',ptm dong biar semangat belajar
2021-11-24 13:24:07+00:00,"gatau lagi bingung mau ngapain di rumah, mau ptm :('",gatau lagi bingung mau ngapain rumah mau ptm
2021-11-24 13:22:25+00:00,bsk ptm 50% lagi tp kok ak galau  LAGIAN KPN JD BANYAK YG POSITIF SIH ELAH,besok ptm lagi aku galau lagian jadi banyak positif elah
2021-11-24 13:21:24+00:00,sudah lelah ptm,sudah lelah ptm
2021-11-24 13:21:00+00:00,Males banget ptm besok,males banget ptm besok
2021-11-24 13:18:58+00:00,bsk sklh ptm malesnya ampe ke tulang,besok sekolah ptm males sampai tulang
2021-11-24 13:18:50+00:00,@newsplatter: Sekolah gak mau stop PTM aja ya? Banyak anak yg belum usia vaksin. ,sekolah mau stop ptm aja ya banyak anak belum usia vaksin
2021-11-25 13:17:01+00:00,semoga pjj sampe tahun ajaran berakhir ya allah gatau gak suka ptm,semoga pjj sampai tahun ajaran berakhir ya allah gatau suka ptm
2021-11-25 13:16:22+00:00,"bajingan ptm, baru awal gini tugas presentasi banyak banget ngentot",bajingan ptm baru awal tugas presentasi banyak banget ngentot
