,tweet
0,pjj ptm terbatas ptm  kaget capek dihajar tugas pembagian jadwal
1,sedih ptm terbatas
2,sekolah anak ptm vaksin dosis kelas infonya lonjakan ptm jadwal tua keberatan info serba dadakan sekolah
3,ptm capek banget tugas kelompok menerus habis belajar cepet
4,sekolahku ptm terbatas aaaa
5,semangat pagi ptm terbatas
6,horor banget bangun pagi kasih info ptm terbatas
7,tergantung tuanya cabut anak suruh daring sekolah marah anaknya daring laporkan sekolah kepolisi kadisdikbudnya laporkan ndak repot anak sekolah wajib ptm daring hak tua
8,sekolah rin ptm gegara word rin milih masuk sekolah takut
9,anak sd bolehkan masuk sekolah ptm sedihnya sekolah meniadakan daring ptm diperbolehkan ptm dikasih tugas harian
10,usul ptm argumentasi ptm anak divaksin ptm orangtuanya vaksin lengkap protokol kesehatan sekolah diawasi sekolah online ketimpangan pendidikan parah
11,keponakan ptm tugas apapun gurunya barusan kasih kabar tua selamatkan anak anak
12,kemaren kemaren ptm begadang semenjak ptm badan capek banget
13,sekolah anak ngga berani hentikan ptm kemarin anak positif covid sekeluarga ptm dihentikan tapi pejabatnya tenang mikirnya ah kena anak
14,pjj makan teratur soalny pulang kmpung masak ptm anak kosan males masak beli rugi wkwk
15,sekolah anak anak bersedia vaksin diperbolehkan ptm perbedaan
16,sekolah  kena covid tapi sekolah kekeh ptmt libur nunggu tumbal sekolah bayar biaya perawatannya kah kena ngegantiin nyawa
17,anjir kemarin kakel  temen seangkatan  kena cororong untung kemarin emak  ga ijinin masuk ptm
18,top bu isi form vaksin vaksin syarat ptm anak online dibilang pembelajarn online yaa anak ehh dihub masuk sekolah sekolah
19,kasian anak pandemi temen mainnya sepupu doang ngaji ptm seneng banget ceria
20,alhamdulillah normal semenjak ptm ptm tidur jam gituan
21,lintang sekolah mengaji ngajinya semester full ptm semester online
22,anak kelasku gamasuk woe sakit takut ptm
23,ptm pjj mls asli
24,ptm ngerjain tugas
25,pjj santai ptm cepet paham materi
26,seneng ptm ulangan ptm berita duka ya
27,guru guru ptm ngeselin ngasik tugas aneh aneh
28,mending ptm
29,sekolah swasta gatau mreka ptm hati negri
30,suka pjj santai males malesan bosen pengen ptm biar paham
31,semangat ptm aneh aneh sekolah
32,wi semangat ptm dikelas kena covid pjj
33,semoga ptm diberentikan kak jakarta sekolah ditutup gegara positif
34,iya ngijinin anak vaksin mbak anak rawat rs ambil resiko tau ptm
35,gajadi wkwk harapan ptm
36,ptm kebanyakan tugasnya kelompok
37,awali semangat sekolah ptm belajar
38,anjing taunya ptm
39,heran sekolah kopit sekolahnya adain ptm
40,ptm seindah diharapkan
41,enak banget ptm ptm
42, ptm jam tidurnya berubah ajaa parah
43,pjj gatau semenjak ptm semangat  hilang ngga niat
44,kebijakan ptm ditinjau sekolah anak kejadian sd sma habis ptm keesokannya positif merepotkan ptm kena tracing sekeluarga pcr kenanya sekolah cluster
45,wow temen sekolah uda positive mericon
46,positif kena tracing ptm daring kemaren anak sistemnya
47,gamau pjj anjing enak banget ptm
48,engga ptm capek bangett bentaran doang sekolahnya
49,ptm belajarnya normal jam
50,enak ptm way pagi
51,semangat ptm
52,full ptm suruh pjj tugas kelompok bener
53,ptm males banget
54,hua pjj nder huhu nyobain ptm
55,bangun pjj ngantuk banget ptm ngga
56,ihh bentar ptm bertemu ras manusia berasal ras terkuat muka bumi read wibu
57,enak anjing maunya pjj cape banget ptm
58,pjj aih ptm mulu jaba tugas kelompok wae
59,tau semenjak ptm males
60,pjj hiks pengen ptm
61,ptm diberlakukan namanya nekat
62,pjj mending masuk sistem absensi ganjil genap ketimbang ptm
63,semenjak ptm atm nyetor mulu
64,pjj sekolah ya sekolahku ptm
65,sedih giliran nyaman ptm
66,males banget ptm tidur
67,ptm yaallah nyesek aksa kemana
68,anak kelas sebelah kena sembuh biar ptm
69,ptm ptm sakit gara kecapean
70,halo selamat pagi pjj enakan ptm
71,masuk ptm
72,nataru dilonggarin sekolah dibuka ptm temen story swab rame abis liat
73,temanku males berusaha banget biar ga ptm chat grup
74,ptm kesekolah kegiatan high semangat
75,baca cerita tua curhat kegiatan ptm sekolah anaknya pusing bener nyawa anak
76,ptm sakit badan materi nemplok kepala
77,ngasih info ptm pagi pagi anjing  rapih
78,bayangin kesel kemarin libur ngasih tugas guru pergi disuruh
79,ptm menyenangkan ulangan pakai kertas
80,ptm males daring
81,pjj seruan ptm
82,ptm seru seru bangun pagi
83,ptm anjir sangking emosi typo
84,pjj ptm sadar sekolah bener bener loss prokres
85,ngeri banget takut semester ptm
86,ngantuk banget untung ga ptm
87,capek ptm ihh iya
88,gegara kabupaten level omicron ptm
89,pjj ptm ribet ngga santai tugas makalah hard file
90,ptm hihi semangat
91,jam tidur normal semenjak ptm
92,alhamdulillah ptm pjj
93,bangun pagi gosok gigi cuci muka ptm
94,semenjak ptm jatuh hati kafein
95,bersin mulu takut covid parno gegara ptm
96,ptm istirahatnya gaada coba
97,muridnya covid sekolahnya tutup wkwk lucu banget suka banget ptm ya
98,ptm nambah ilmu dibuku internet oot materi dipelajari
99,maksudnya feel ptm siapin mata pelajaran mandi pagi eh
100,malesnya ptm bocil bangsat mencetin bel rumah  asu pengen takol
101,harian maksain ptm terbatas
102,untung engga ptm tidur suka jam
103,yuhu pjj rumah ptm mari
104,mls ptm
105,ga enak ptm full anak smk sekolah jm jam sore pulang sekolah capek bangett maksain
106,aaa malas banget ptm
107,kayaknya ptm distop
108,ya ptm langsung jebret anak sekolah dijadiin kelinci percobaan omicron
109,ptm nder materi tugasnya ngerti ketimbang pjj abis ptm belajarnya asik bareng temen
110,asli capek ptm ulangan math indo latihan sore jam nyicil ngerjain tugas
111,ribet banget coi kebiasa ptm
112,nunggu positif ngelonjak stop ptm heran waras
113,liat liat sekolah batu anjir tau kena covid ptm diliburin
114,koko cov terdeteksi sekolah imho mas menteri mengevaluasi ptm
115,ptm enak ngerti materi tugas kelompok individu
116,semenjak ptm banget kebangun tidur abis reflek nangis ngeluh capek
117,semoga jogja ga ikutan aduh enak ptm
118,sekolah diterapkan diharuskan dipaksa vaksin ptm
119,ptm uang jajan paham materi pelajari plusnya ketemu mas crush
120,naiknya covid varian omicron sekolah online landai kasusnya ptm
121,please pjj please pengen ngehabisin tersisa lulus
122,smpe teman kampus terpapar gegara ptm awas sja dibatalkan ptm nunggu kena
123,mencium aroma aroma ptm
124,pagi ptm tidur
125,lebihnya pjj jenuh enak ga cape fisik ptm asik ketemu teman
126,ptm berhenti plis stress  dirumah tai
127,ptm gabisa tidur anjing
128,distop penularannya cepat pjj
129,ptm enaknya ketemu guru praktek ayey
130,suka ptm kbm sekolah
131,sumpah ga ga ptm
132,sumpah ptm prank banget semesta
133,tv murid kena weh serem ptm persen
134,ihh ptm males banget
135,kampus  rencananya semester ptm jujur seneng banget degdegan juga ga masuk kelas
136,omicron naiknya ga pencegahan ngga maksain ptm ga nunggu kena
137,ptm penjelasan dipahami tugas dikit menekan pemahaman pjj gila tugas
138,ptm pelajaran meresap
139,sekolahku ngeluh sakit sendi flu batuk badan anget ngalamin ptm
140,semenjak ptm kerjaan  tidur ya ketiduran
141,wkwk tidur jam segitu kaaa enak males banget ptm
142,kemarin ngotot ptm kasusnya covid sekolah ngumpet ya
143,sekolah ptm healing ketawa cekikikan rumah
144,semester ptm full tugasnya daring bedanya sekrang tugas
145,cape ptm jujur
146, msh main hp ptm
147,speechless pemda dki ngotot ptm ngotot jakarta lockdown
148,menemukan pelanggaran prokes pelaksanaan ptm persen
149,semenjak ptm ga stress stress anjing
150,kaya ponakan mak dok bersikeras ortunya vaksin ptm daring
151,ya pjj enak ptm enak omicorn mending pjj ngeri cuy
152,gatau kelebihan  butuhin pjj uhuas dkk ptm gampang dimengerti
153,kemarin kena ptm
154,way ya audeh nangis ptm huhu
155,shift lelah banget nget nget ngerjain tugas pagi ngerjainnya takut ga selesai
156,aa lumayan nyaman ptm bentar otak bodoh
157,ptm pengen sesi hapalan bahasa inggris keagamaan pusing
158,teguran ingatkan berkali prokes diterapkan sekolah sanksi
159,males ngotorin seragam buang bensin pensi doang ya ngapain mending rumah
160,kayaknya sekolah pjj sekolah ptm aneh
161,cewe mending ptm tar biar bucin plek plek plek
162,sekelas positif covid kantin kopsis sekolah ditutup disuruh ptm
163,pjj ptm teman asik pjj capek kuat ngerjain tugas masuk otak
164,lemes bre ptm isinya kerja kelompok praktek laporan presentasi niatnya kejar materi isinya
165,ptm ganti belajar online trus pelajar vaksin kemarin dipaksa
166,wow bercandain ptm dadakan nyaman ptm tugas numpuk numpuk
167,takut pjj jujur sebenernya males ptm tugas kelompok banget males ngerjainnya online online ribet
168,nangis sekolahku sistem pjj bismillah ptm
169,males siswa guru buka masker ptm
170,hoo kentut ptm kentut kentut
171,dengar ptm ya tatap muka belajarnya kerjanya wfh
172,temen sebangku duduk ptm
173,ptm pjj membuatku malas belajar
174,mending turu ptm tai kucing
175,yolahh seneng pjj ptm seru
176,enak bener ptm
177,update terkini wes bosen ptm
178,bayangin ptm dikasih tugas
179,awali semangat sekolah ptm belajar
180,ptm membuatku sibuk
181,es pjj kayaknya kangen ptm
182,ptm males banget pengen bobo
183,seru seru ptm
184,hadeh sibuk gegara sekolah ptm bentar wisuda kshakahsa seneng banget wisudanya offline
185,oke sekolah ptm kena
186,ptm semoga ptm amin
187,ptm sekolah kena omnicorn yaudah yuk pjj wkwk
188,dahlah ptm awet
189,jujur suka ptm temen beda sesi gapunya temen sesi kaya sebelumya
190,gaenak ptm belajar narik ingus mulu
191,gara ptm julid suka lupa pls
192,semenjak ptm suka lupa deadline tugas pjj inget
193,ayolah hentikan ptm kesehatan warga jakarta
194,pjj ptm pahamnya tapi kurangnya ptm tugas fokus materi
195,ptm ihh mls banget
196,anjay ptm
197,ptm cape tau ahaha
198,ptm bangsat
199,ptm capek banget
200,sekolahku ptm nder ademm banget kayaknya covid
201,konsisten banget pjj ya pjj ptm ya ptm
202,nyamannya ptm
203,takut full ptm tugas tugas baris ngejar
204,ptm enaknya pas kelompokan
205,online aaa iya seru ptm
206,iyaa capek ptm
207,anjir pjj emg banget tugasnya ptm
208,ptm remuk anjir badan
209,ptm pelajarannya masuk otak pjj jujur guruku jarang banget zoom ngasih materi
210,ptm mending pjj
211,bangsat doain sekolah biar pjj males bangun pagi anjing ptm
212,pengen pjj ptm
213,ptm jdi ptmt sialan
214,positif sekolah tenang ptm rambut gondrong dicat pulang mas mbak dibenerin rambutnya nggih
215,kembaliin tidurku woi anjir ptm tugas
216,males ptm
217,males banget ptm
218,sekolah ptm males tulang
219,sekolah stop ptm ya anak usia vaksin
220,semoga pjj ajaran ya allah gatau suka ptm
221,bajingan ptm tugas presentasi banget ngentot
222,semangat sekolah ptm
223,covid meningkat kaji ulang ptm penghentian ptm opsi lakukan berbasis kajian
224,mager sekolah kejepit liburnya ptm
225,thoughts pilihan sebenernya pjj ptm ptm
226,first ptm jam set berasa banget
227,pjj ptm asik ga mood sekolah xixi
228,ptm anjing
229,ptm pjj
230,jogja berlakukan ptm persen siswa positif semoga landai
231,positif ptm guru guru sidak prokes dadakan
232,pengennya ptm
233,sekolah bilangnya prov jateng pjj ptm kurangi pjj
234,daring  ptm
235,jakarta ptm ga pjj sisanya ptm sekolah
236,ga deng wkwk ptm suka ptm really really fun tho
237,sekolah kalbar ptm kedepannya ptm
238,bekasi pusat nder sebenernya ptm
239,gatau ptm
240,ptm menurutku efisien sekelas ngelanggar prokes kaya jaga jarak
241,woi sekolahku ptm persen njir ga sesi anjing
242,seneng ptm tau bikin samoga daring
243,gamau pjj gamau ptm maunya ptm
244,eh  ptm suka mata pelajaran mtk kimia pjok olahraga sisanya kabur kantin
245,kesel ptm
246,ptm
247,sekolah daring nyaman ptm masuk sekolah
248,mending pjj gasih kaya ptm waswas
249,ga bolehin pjj yaudah maksa banget ptm
250,full pjj pjj ptm ptm vaksin
251,dom serang ptm untungnya omongan pjj
252,gatau bukanya ptm sekolah  semoga
253,aaaaaa ptm huhu ga seru bangett kemarin ptm
254,wih ptm full
255,kayanya sekolahku malang bener ngga sekolahku
256,ptm masuknya gantian
257,ptm kantin buka kantin tutup alhamdulillah aman
258,jujur seneng seneng full ptm full ptm suruh anjing
259,punyaku ptm tau
260,eh asik ptm tetangga positif sekolahku
261,pengen ptm
262,sial sekolahku ptm
263,ptm pelajaran produktif praktikum mtk pjok bk
264,sekolah gaada covid ptm mah ngeri circle
265,pjj selang seling kak ptm pjj dapetnya anjir males
266,nyaman ptm ptmt huft
267,moots nakut nakutin omicron emang cuepet nyebarnya salah teman fb anaknya sd
268,anjing sekolah adil banget njir ptm ganjil genap kemarin genap jam ganjil
269,nder sehari ptm pjj
270,anjir ptm
271,merasakan indahnya ptm eh ubah ptm tai tai
272,ptm wfh selamat anak pekerja selamatkan
273,pengen pjj ptm
274,jogja berlakukan ptm persen siswa positif semoga landai
275,jujur pengen ptm takut buka masker
276,sekolahku uji coba pake sistem hybrid ptm pjj siswa sekolah sebelah
277,sender ptm disesi ya allah sender masuk jam sesi jam sesi protes
278,aaaaaaa ptm jogja
279,dih anjing ptm
280,iya kayaknya sekolah izin kelas masuk
281,semoga ptm
282,hadeh emang serba salah ngadain ptm terusin pjj materi paham ptm
283,bener ptm ga full online full offline
284,jujur seneng ptm gajadi penilaian olahraga gabisa coy nangis
285,sekolah anakku online kebijadikan ambil kepseknya positif adeknya
286,plis ptm
287,ptm hope pjj ya
288,sekolah ptm semoga pjj
289,anak sekolah ptm mohon dipertimbangkan ptm menunggu sekolah
290,dom doang bersyukur ga ptm sedih
291,ptm doang mager sekolah
292,stay safe ptm ga enak banget
293,sekolahku full ptm gara gara omicron
294,tipe belajar diskusi gapunya temen skusi belajarnya bentar
295,ptm ditunda kantor wfh wfh
296,sebenernya takut ptm jujur ngga pjj anjir gila pjj mending
297,ptm ptm main circle ketemu sekelas seru mending
298,ptm bentar pjj amin
299,ngerti papamu ngga bolehin omicron emang ngejamur banget
300,prefer situasi sepenuhnya ptm asli sebenernya enakan ptm materi
301,ptm pengen ngerasain ptm temen temen kenal sesi
302,ptm enak sepi
303,tenang seruan ptm temen kelas
304,biar istirahat suka rame angkatan sekolah ptm
305,semoga ga ptm
306,ptm sumpah tenang
307,ptm sesi kebawa bawa
308,tergantung mending pjj daring
309,engga pengennya ptm kaya pandemi tren
310,ptm fisik kerasa banget capeknya pjj capek mental
311,ptm alias capek anjir sekolah daring tau
312,enakan ptm tugasnya ga pjj enak santai tugasnya video mending
313,kebanyakan kelompok presentasi ptm paham materi pjj
314,kelasku izin gara sekolahku ptm alhamdulillah sembuh
315,ptm ptm susah
316,ptm tugas kelompoknya much kerja sekolah nugas rumah pr
317,banget beda pendapat berasa beda kelas bercircle ngerasa adil
318,gamau pengennya ptm gakuat bangett kelas penuh sekolah penuh
319,ptm doang asik
320,ptm males
321,sekolah  ptm sekolah kasih surat pjj sekolah sekolah
322,cerita kemarin ptm kabar akrab temen sesi
323,sebenernya enakan ptm capek ptm pulangpulang mesti sekolah
324,anak sekolah sdah ptm mohon pe imbangkan ptm menunggu sekolah
325,angka jadika level ppkm level otomatis ptm batasi maksimal persen
326,way sekolah emg ptm kemarin positif inimah gabakal ptm
327,ptm ngeluh berisik nyaman jadilanin
328,ptm sepi banget sesi temen ptm rame banget nunggu jemputan
329,ngga ptm abis huhu
330,anak sekolah sdah ptm mohon pe imbangkan ptm menunggu sekolah
331,info resamai rumornya pro sebelah pake sistem gilir ptm ut
332,ptm mah mending pjj
333,bener tiara kelas stress ptm ptm full coba
334,kemarin coba ptm pusing nder sepi krikkrik rameberisik
335,pengen ptm tolong
336,ptm menyesuaikan sesi
337,guru kelasan  bacot banget babi berisik orangnya cari muka
338,ptm bener ga efektif
339,ptm enak karna materi masuk otak interaksi langsung temen amp guru pjj enak
340,adek jadii ptm temannya orngnya sekolah kasian teman
341,nggak semenjak ptm tugas berkurang pjj tugas aman
342,ptm seru bangett capeknya pjj capek langsung tiduran
343,sejujurnya ngga capek gurunya adil ptm
344,ptm biar deket teman kelas sesi kenal canggung
345,ptm maunya teman teman ptm
346,pengen pengen maunya kaya kemarin semenjadik ptm tugas kelompok nga
347,persen temen  sesi  sesi ptm gaenak jadiuh jadiuhan bener duduknya
348,buatku enak ptm
349,sekolahku ptm positif sekolahku rencananya ptm
350,ptm  ga sanggup kayaknya ptm
351,sedih banget ptm
352,wkwk pengen ptm
353,untungnya ptm takut ptm
354,ptm ptm penyampaian materinya ngga kelas ngerasain
355,enakan ptm rumah kaya dongo
356,gamau maunya fokus anak anak kelas  ptm berisik banget guru marah
357,yeah ptm alhamdulillah
358,ga pengen ptm tetep sesi engga gabung
359,gasih ptm
360,tugas ptm ga ngotak parah
361,nder ptm nyaman
362,ptm rame mudah ngerti materinya
363,semester ptm way semangatt sender semoga nilainya memuaskan
364,ptm deg degan ptm kadang males mata pelajaran
365,sekolahku ptm wajib ptm ngga milih ptm takut banget
366,berat badan sebenernya felt confident bsegitu badan bagus know th
367,bgtt sekolah nerapin kena kebijadikan sekolah langsung pt
368,daring anak sekolah memaksakan ptm komitmen sekola
369,yadongg ptm cpet pulangnya yhahhaa iri loe
370,anakku ptm capt online rumah
371,hentikan ptm persen pemda
372,melonjadiknya harian akibat varian omicron subvarian lbh
373,status pandemi cabut sekolah ptm kembalikan keputusan pd
374,ptm pjj wkwkwk alias ptmt
375,kasusnya ppkmnya turun persen turun
376,daerah langsung berani ptm daerah anjr
377,seh samaa sekolah full siswa guru sehari bersihbersih kela
378,pjj ptm oke
379,jujur pjj efektif ptm efektif
380,saran perhimpunan penkan guru pg ujung tombak penkan semoga gubern
381,seharian isinya sambat mulu ttg tugas sekolah emang secapek pulang ptm jam kerjadi
382,ahh shit binder catetan mtk ketinggalan laci kelas besok sekolah gegara ptm
383,hhmmmxfxfxax yth prof ptm siswa pekanbaru samap
384,kayaknya otomatis liburin dehh tetep ptm tempetku gituu stay safe waa
385,susah hindari dok bekasi ptm wfo
386,ibuk suka memantau kepatuhan prokes sekolah aktif memantau kesiplinan nakes
387,ibuk suka memantau kepatuhan prokes sekolah aktif memantau kesiplin
388,siswa terpapar covid ptm turun persen via
389,stress ptm back
390,minimal mah ptm sisanya pjj terusan pjj anjir
391,gaada nder ptm
392,covid melonjadik asosiasi guru desak ptm persen
393,iya denger ptm ptm
394,liat lapangan pelaksanaan aslinya sekolah ruwet
395,banget ptm pjj ptm
396,sekolah rin ptm gegara word rin milih masuk sekolah takut
397,gegara kabupaten level omicron ptm
398,lebihnya pjj jenuh enak cape fisik ptm asik ketemu teman
399,males ptm nder mending pjj
400,ptm nder kelas gantian masuknya sesi selang seling sehari
401,jujur suka ptm temen beda sesi gapunya temen sesi kaya
402,sender pengen pjj pengen ptm
403,sekolah sender ptm huhu enak full
404,evaluasi ketentuannya level balai kota dki jadika sumbe
405,kuliah ptm terbatas tingkatan paud tk ngatur ri
406,anak anak sekolah jakarta rada khawatir ptm full covid
407,suka ptm karna ketemu crush pjj karna seru rumah beljadir
408,assalamualaikum sehubungan angka covid dki layak ptm
409,ngajadir sumpah capek banget wes mending pjj ptm separoh
410,ptm ko ptm lanjutkankasian anak sement
411,ga stop minimal ptm
412, ptm anjir menggabut
413,guyss doain daerah safe yaa biar sekolahku tetep jadilann tetep ptm
414,ptm asik
415,bekasi ketularan kayanya ptm suruh belajar rumah guru positif
416,ketentuannya ppkm level ptm turunkan persen riza
417,ptm menurutku kondusif banget kelasku benerbener serame
418,ptm kemarin cepet gegara mata kuliah doang jadiin ptm sks sksnya sisa tetep daring
419,pjj kemarin ptm enak gaenak cape
420,ptm resiko penyebaran omicron anak terdampak
421,alias pewe banget ptm
422,ptm wkwk ngabrut ngakak brutal
423,emang bener ptm ujung ujungnya pjj
424,oiya lgi sekolah onlen klian ptm ptm
425,ptm jadii kaya ptm pjj gituu
426,pjj ptm minusnya tugas kelimpungan plusnya rajin
427,kayaknya siswa kena word pjj ptm
428,sekolah sender ptm sedih banget asik ptm
429,sekolahku ptm ih asalnya sekarng
430,allah sehari ptm tau tau kakel positif
431,ptm sekolahku ptm tipe rajin liat langsung
432,pjj ptm semoga
433,jujur stres ptm
434,jadilan fine fine jam doang tugasnya tolong ud
435,ptm mending daring
436,jujur sekolah ngadain ptm takut banget protokol kendali
437,ptm hadeh terekan
438,kemarin kabarin ptm kabarin pjj
439,sedih sekolah seneng ptm
440,pjj mending ptm kasih jeda sesi pjj nilai
441,ptm gabetah rumah
442,vaksin dosis tercapai sedikitar guru tenaga penkan masyarakat
443,padat bangetaaku ptm cape huhu semangat
444,gantian wfh eh total suite sebelah positif bocah
445,ptm njir tahan
446,sekolah ptm full nder kelas doang
447,ahhh anjing males banget ptm
448,kangen enakan ptm
449,sekolahku ptm kesel banget
450,jujur gasiap ptm karenann gbs ketemu arif puput aaaa gabisa lendotan puput gabisa ngakak ngakak arif
451,vaksin saran klise taat prokes aman
452,sekolah ptm
453,mending ptm please ptm sekolah asli online semangat beljadir
454,ptm nyaman ptm hufftt
455,msih ptm pulangnya jam ah elah
456,berharap pjj ptm
457,kembalikan ptm
458,sekolahku ptm
459,akuu nyaman pjj materi nge ptm km gimanaa kil
460,pengen ptm bestie sesi ptm em eman
461,pengen ptm pls kelas brisik banget
462,bener ptm
463,jujur pjj enak teratur sekolahku pjj ptm kadang
464,cocok banget dikit dikit bolos capek
465,sumpah ptm  bangunnya jam untung pjj
466,pls ptm
467,iya ptm capek banget
468,sekolah kena kemarin pjj ptm
469,suka pjj suka ptm
470,ptm sekolah wali murid adaptasi
471,anjing diumumin ptm langsung ganti cuk sekolah gegara kopid sial
472,sekolah kaga ptm selang seling luring daring sekolah temen kaya
473,ptm sepi banget kelas
474,anjir ptm
475,setuju ptm gurunya mikir main tugasnya tumpukin ulangan lagiii
476,bisamaillah semoga ptm sekolahku sesi sesi plis bisamaillah amin
477,ptm ptm
478,seru ptm huhu ngga asik banget
479,ptm day haha setuju eheheee
480,dih serius sumpah mending ptm asli anjir takut teh kangen temen
481,kesel gegara ptm msih ptm ubah takut allah capek aing
482,kesel ptm seneng full loh
483,sekolah ptm anjing
484,cape banget semoga sekolah ptm
485,sekolahku stop ptm kemarin persesi
486,gara polan ptm asu
487,ptm berharap
488,sekolahku ptn kemarin gaboleh ptm
489,gatau nder sekolah kelas ptm kelas
490,ptm berdasarkan makan aduk diaduk
491,ptm
492,cape anjir ptm sekolah isinya presentasi kuis dadakan rumah ngerjain tugas gc
493,ngasih info suka dadakan kadang jam dikasih tau sekolahku ptm
494,sender ptm takut banget aaaaaa bentar temenin nangis
495,sekolah  mencla mencle kemarin full ptm ketiga ganti ptm
496,pantesan anjing ptm
497,september ptm bener covid online
498,tinggal perbatasan bekasi barat jakarta timur dibatasi jembatan tol emang beda banget jakarta ptm
499,haha abis jatuhin anak kabur rajin tengok kebawah om menghina anak bicara fasilitas signal daerah berbeda ptm pendidikan dirasakan
500,ptm anjir sesian mulu
501,ptm jam segini dipulangkan pjj
502,mendingan ptm pjj tugasnya susah susah
503,aneh covid ptm dihentikan landai ptm dilanjutkan
504,ptm tolong direvisi jujur jemput adek sekolah
505,aaaaaa ptm
506,realitas kematian covid meningkat sepekan kematian
507,anakku vaksin termaksud uber gurunya perduli ancam ptm
508,alasan benci daring guru suka disuruh belajar jamnya suruh kuis murid tidur istirahat ptm hadir ya kuis dipaksain jam pulang lol
509,ya emang berhentikan ptm nggak gampang dengerin keluhan keluhan resikonya kena
510,kayaknya update beberes barang pindahan engga deng tepatnya persiapan ptm sibuk nyari kosan kampus infonya telat banget grasak grusuk hadeh
511,setuju anakmu vaksin alasan ptm vaksin berakibat buruk anakmu salahkan
512,pengennya pjj gurunya ngasih materi tugasnya ptm pengennya dikurangin kasih kerja kelompok pjj ptm
513,mending ptm bener daring banget tugas
514,kangen ptm
515,ptm enak banget iri
516,kangen banget kemarin ptm kangen gangguin prema ajus hue
517,emg kayaknya sekolah semangat banget ptm lockdown
518,hah enak ptm aing daring
519,berani mencetuskan ptm penanggulangannya karantina kaga disediain seumpa positif gimane kosan meanwhile doang tinggal disitu
520,emang pjj situasi dukung suka ptm dikepung orangorang
521,alahhh ga mood anjir ptm
522,semester ptm ide buruk
523,ptm pjj kesel banget sial
524,seneng ngerasain ptm eh hadeh
525,seneng mindep pembelajaran ptm ehhh jsbadndmks why senang ketemu guru killer sedih ketemu teman wkwk serba salah astaga
526,ptm plis
527,pjj asli milih ptm jam kosong pjj
528,ptm ribet banget persyaratannya
529,emg ptm pjj
530,ptm lahh pjj lulus
531, ngomong ptm anjing bangun pagi woi mempan
532,enakan ptm
533,ptm pls kangen banget
534,ptm daerah zona merah
535,suka ptm uang saku bye
536,ptm mah jam kosong cepet ptm
537,suka ptm
538,pjj ptm temen mainnya circlean gabung responnya kaya dikacangin
539,yaaa  nyaman ptm
540,eug ogah ngizinin adek ptm kondisinya
541,ptm libur
542,iih mending pjj ptm
543,menunggu meledak distop stop ptm meledak namanya anak anak wajar ptm distop fakta sekolah prokes dikontrol sekolah guru guru boosternya terlambat
544,emg ptm atau positif pjj
545,ptm meliburkan xixi
546,enak ptm sie uang jajan
547,seneng kemarin ptm eh bangsat ruqyah
548,ahehsgehe seneng sekolah bareng ptm ketemu ehh pjj
549,ya allah daring belom puas ptm hehe
550,males sekolah woi ptm
551,ptm dipisah anak absen absen temen absen absen
552,ptm dapet duit ilmu gampang nyantol ketemu temen resiko angka covid pjj rebahan capek kaya ptm resiko ilmu nyantol persepsi
553,bahaya dki menutup ptm luhut takut rakyat penerbangan negeri ditutup alasan melonggarkan pendatang negeri
554,keran senang dukung banget anak ptm masgub
555,sedih liat covid banget ptm diberhentiin cluster ptm banget
556,temen sekelasku nder batuk batuk ptm
557,pjj tpi kemarin ptm semoga ptm
558,yaa sebenernya ptm pjj plus minus team netral
559,semangat ngerasain ptm
560,pikir anies pengetahuan mengusahakan ptm aman usaha usaha menjaga warganya aman
561,teori pjj tolong praktek dibisain ptm terbatas anjir tekor duit  beli alat praktek bahan pengen ngerasain megang alat praktek sesuai standar berlaku industri bentar lulus bantar perusahaan tolol
562,jakarta omicron cluster ptm meledak salah anies baswedan
563,kelasku ptm
564,dok adek kemarin wajib ptm eh nyampe rumah diumumin grup kelasnya adekku kontak erat adek isoman test pcr antigen yaa makasih
565,sebenernya suka ptm ngerti kasusnya banget ngekos keluarga amit amit kena takut
566,oh semoga ptm yaa semangat didit
567,ptm paham materi pengen pjj capek
568,yay ptm dosennya ngasih istirahat maksi
569,ptm anjir
570,drama ngeyel ala gottbener daerah menghentikan ptm dki
571,sukanya jalan jalan disuruh ptm takut kena jalan jalan kebal
572,ngumpulinnya ptm tugas
573,iih gamau ptm
574,viralkan anies berusaha arogansi lumut permintaan tutup ptm ditolaknya
575,bangun pagi gosok gigi mandi ptm
576,emg kadang suka ngeluh banget kejadian mikir iih tuhan banget online belajar ujian wkwk gatau ptm males belajar males males
577,ptm jujur ngeri ptm tugas kelompok mls banget
578,ptm anjing kena semprot mulu rumah
579,sumpah gapernah ptm
580,sebel sekolah ptm
581,sekolahku ptm full pjj
582,anjing ptm ajalah males pakai laptop tai
583,ptm gajelas ngangngong ngantuk
584,presiden suruh evaluasi ptm usulan kepala daerah ditolak lord kementrian pendidikan mingkem banget tata
585,suka ptm ujian online
586,seneng kampus ptm mata kuliah asitensinya sisanya online mata kuliah asistensinya
587,what the fuck kaya sumpah pola pikir suka ptm yaudah anjir keep gausa suka daring bully sekolah bully bercanda kaya komenan
588,ptm ptm kontol tugas kelompok mulu
589,iih enak ptm iya sekolah pjj suka
590,aaaaa ptm aaaaaa
591,enakan ptm full sesi sesian
592,manusia indonesia mendukung banget penerbangan internasional buka wisata buka setuju ptm pengen liburan
593,serius ptm yaudah full online
594, ngerasain ptm daring
595,kubilang mcrn krs trobel direstuin ptm
596,pelajar dilarang ptm pintu masuk negeri dibuka lebar lebar pembunuhan karakter norak
597,humm tim ptm prokes ketat bertambah cuaca menentu bikin imun menurun kerasa enak badan dikit mending izin sekolah pjj keluyuran
598,anjay banget daring nyaman ptm
599,sekolah ptm
600,luhut tolak permohonan anies stop ptm fadli zon tanggung
601,pjj emang beda ptm guru ngasih tugas
602,aneh covid ptm dihentikan landai ptm dilanjutkan
603,ngelesnya bekasi bogor udahan stop ptm wkwk
604,haha emg labil dibilang mendingan pjj bener bener aman biar ptm bentar
605,ptm shift
606,ptm ptm bullshit mall jam anak sma nongkrong abis sekolah
607,ptm kehilangan dunia siklus keseharian berubah tubuh adaptasi kabar buruk menerpa
608,ptm cape banget seru
609,seru ptm
610,ptm shift anjir absen dapetnya shift alias enak banget mending langsung ptm biar ribet sesi sesi sesi
611,iih sekolahnya ptm enak banget
612,terbaru opsi ptm persen ijin tua
613,terkejut habis ptm habis pjj duar
614,positif perkantoran perkantorannya langsug tutup positif pasar pasarnya langsung tutup positif sekolah ptm
615,menolak ptm cabut ppkm indonesia opung
616,speechless jam ptm jam daring pjj
617,emang ptm dipaksain
618,pengen ptm
619,tim ptm pelajarannya masuk otak semangat ketemu temen positif ptm
620,baca beritanya lengkap om ganteng pemda kurangi ptm daerah level tua melarang anaknya ptm tanggung om dukung subjektif
621,iyaa iih takut ptm
622,pandemi ribet paksain ptm mendingan modifikasi kurikulum sesuai new normal
623,iya ptm takut
624,pernyataan mas mentri dianggap perihal ptm sadar yuk generasi dibodohkan dimiskinkan alasan corona
625,engga ptm
626,ptm asik capeknya ditahan pjj
627,sekolah test pcr berjamaah kelas negatif kena kelas kemarin ptm kelas pjj kelas eh pjj asu penyebab test pcr berjamaah anak
628,lockdown ppkm diharuskan ptm dihentikan kerumunan dipertontonkan bisanya sengaja membingungkan umat mati ditunjukan azab pedih cerminan
629,daring dijelasin tugasnya bejibun astaghfirullah ptm mah sekolah isinya penjelasan materi kerja kelompok praktek mendingan jarang dapet tugas ngerti materi
630,enak ptm
631,biar masyarakat tau keputusan ptm wewenang pemerintah pusat menyangka
632,kepastian asli ptm
633,ptm paham pelajaran enak gaada kendala grafik jaringan
634,info terima penyesuaian proses ptm menyikapi temuan puskesmas diinformasikan tindak ditutupi
635,ptm ekskul ditiadakan
636,back bangun jam segini seneng ptm akunya produktif huhu sehari harinya tertata
637,seru ptm gasiii butek anjing pjj
638,ptm pjj gapaham materi
639,thank you iyaa dikasih tau ptm semoga dikelompokan
640,emang pjj ptm first time forever pemerintah suruh pjj gegara omicron libur season
641,laksanakan terbaik rakyat hiraukan suara pejabat
642,sekolah pilihan ptm pjj campuran kebaikan anak kontrol pilihlah pjj emg harap pemerintah udahlah lindungin keluarga semoga allah swt tolong
643,pjj enakan ptm
644,daerahku level anak sekolah kena covid ptm jalan aturan liburin yaa luas penyebarannya
645,dok ptm dok sekolah anak tutup gegara terpapar isoman acuan sekolah anak isoman hilang batuknya radangnya positif
646,pjj pjj gampang kontrol ptm cape banget les belajarnya ptm kayaknya belajar les
647,engga wkwk males ptm
648,kangen olahraga huhuhu ptm huhuhu kangen
649,dokumentasi ptm daring
650,mantap ptm dilanjutkan bosan anak anak belajar kasur
651,makan roti ohh langsung ptm hsksks way semangat
652,tanggung peserta didik tenaga kependidikan tumbang gegara permohonan penangguhan ptm ditolak suka suka mumpung kuasa mengatur
653,aaa iya ptm situasi kayaknya perubahan
654,nekat gelar ptm pejabat malu
655,mendukung pembatalkan kebijakan ptm sekolah sekolah menghindari penyebaran virus takutnya anak sekolah zombie korea ngeri jujur kuat lari larinya
656,cape banget ptm tugas kelompok
657,plis ngerasain ptm kasih ptm pjj
658,ptm dihentikan bentuk pencegahan keterpaparan virus covid varian omicron
659,ya allah balikan biar ptm biar liat senyumnya
660,males suka daring tugas suka otak banget capek lipat banding ptm
661,sch halo sekolah semarang pengumuman sekolah jujur sender pengen ptm angka corona naiknya bangett sekolah sender kontak langsung didiemin
662,ptm diterangin ngoding zoom susah ngertinya
663,pengen ptm covid sialan
664,gatau ptm pjj
665,pengen ptm tugas haha
666,adik ptm case covid bali
667,kebalik mah pjj kemarin sakit punggung penuh masuk membaik lahhh ptm kumat sial
668,kemarin ptm full
669,bolos pengen ptm
670,bayangin kurikulum dipakai kurtilas dimana pelajaran even anak sd bogor buta huruf tamatan sd ngajarin anaknya coba bogor pelosok denger ptm distop gemes banget
671,nder wkwk ptm malesnya way pagi pjj susah fokus males pengen ketemu temen
672,yahhh ptm ualahh
673,sedih ya seneng ptm
674,iyaa bener ptm ketolong ketemu temen
675,ptm sekolah jam kosong sibuk bawa barang pagelaran sore nata panggung
676,mikir perjuangan anak pendidikan kehilangan nyawa
677,sekolahnya full ptm pusing online darah
678,anies hentikan ptm dki pasukan kodok dki jkt dibilang lenyapkan harapan anak bangsa anies ptm anies bunuh warga dki wkwk akibat minyak goreng langka nutrisi otak
679,kepala sekolah terhormat kurikulum berganti dinas berganti mentri berganti buah hati tergantikan mohon stop ptm pjj terkasih jaga anak anak
680,bahasa diperbolehkan menghentikan ptm terbatas case ptm catatan skala terbatas kelas lab kampus kadang ga offline ptm menjelang sbmptn ujian pm offline
681,semoga hasilnya negatif bu kesehatan sekeluarga anak ptm kaya ngirim medan perang
682,ptm
683,pengen ptm
684,biar geger emang ptm ditiadakan langsung headline media
685,hiks pjj sedih asik ptm
686,anjing ptm
687,huhu syukurlah sekolah gaada kabupaten daring pengen ptm ujian
688,daring huhu habis ptm sekolah positif
689,pjj pls nanggung sekolah bentar lulus gabisa haha hihi kerjaannya uji nyali bersosialisasi gaperlu tatap muka langsung ptm uji nyali cape stress kena kopit
690,ptm bange paham materi ptm efektif warga sekolah menjaga prokes memburuk
691,emangnya pjj belajar bauk pjj covid turun ptm full takutnya kena covid bumi bener normal virus
692,pls daring jujur  rada capek ptm allah
693,ptm pjj ulangan wkwk
694,baca postingan warganet muak pembatasan pembatasan muak test pcr muak corona nganggap bodo covid giliran pusat setuju usulan gub dki peniadaan ptm ngoceh ngoceh salahin luhut salahin rezim
695,pjj yaa ptm wkwk sesi anjir
696,solo ptm kemarin positif covid ptmnya gatau hilal pjj
697,ptm ehh daring
698,berhentiin ptm
699,ptm sesi sesi  diliburin rapat  bangun way les numpang belajar jam jadwal jam
700,mending ptm
701,ptm pjj tugas gapernah dijelasin
702,plis ptm hold hold ya ya namanya situasi emang bener kayaknya nyaman suasana bangsat
703,iyaa alhamdulillah sekolahku semoga ptm full bertahan ujian
704,baikk by the way sekolahmu ptm pjj
705,kab semarang roman roman pjj anjir ptm doang
706,tenang anak sekolah ptm tertular covid tua murid menangis sedih pintu batu nisan anak dicintainya pemerintah bilang prokes dijalankan sungguh sungguh sesederhana
707,aslinya ptm kak lingkungan kena covid jdi pjj stay safe yaa
708,sebenernya pengen ptm kondisinya banget pilih pjj
709,barusan dilaporin anak sepulang jemput sekolah temennya masuk pasca vaksin om gurunya demam turun untung anak vaksin alhamdulillah sehat ptm anak sungguh lincah sehat
710,engga emang pengen ptm hehe
711,maunya ptm
712,ok ptm ptm encok daring
713,ptm sesi sesi temen deket sesi sesi kebanyakan cowok takut gabisa belajar fokus takut nyaman coba guru kelas sesi eh badmood
714,ptm berjalan memerhatikan dinamika penyebaran covid varian omicron mencermati masukan
715,iyaa pengen banget ptm gegara
716,murid ptm kontol
717,materi gampang ngerti ptm
718,pjj pls suka ptm wifi gratis uang saku potong
719,cape tugas ptm cape fisik
720,to be honest enak ptm pjj
721,njir bener bener
722,kocak psbb diumumin pemerintah ngamuk teel ngamuk pemerintah setuju gub berhentiin ptm
723,aaa yaampun kemarin enak ptm sekarqng belajar rumah
724,bangett sekolah ketat banget sakit ringan sebatas batuk gaboleh masuk kemarin bersyukur banget nilaiku ilmu nambah karna ptm to be honest males banget rumah enak sekolah
725,ujian prakteknya gadir ptm tugasnya seabrek alias emosi ptm kelas kelas pjj ujian praktek
726,ngapain kirim surat pusat tinggal kepala daerahnya keputusan diberhentikan ptm kebijakan ptm kepala daerah mikir lempar tangan pusat
727,ngerti ptm pjj ulangan wkwk
728,semoga virusnya cepat berkurang ptm
729,ptm materi ulangan pts pjj
730,pengennya ptm ujian praktek daring hahaha
731,sekolah gila ujian praktek daring vidio ptm yaa ujian praktek belajar pls vidio
732,pusing sekolah ptm ketemu teman
733,anna ptm temen daring hehe
734,serius mending ptm anjing
735,ptm enak
736,sekolah pjj plis males banget ptm
737,ptm dipulangin anak kelas sebelah positif pjj
738,yaallah ptm tanggal ganti daring ngerasain woe
739,mending pjj ptm sesi
740,ptm virusnya bertambah
741,yahhh sedih sekolah ptm
742,gurunya niat ngajar pertemuan masuk ditelfon walas  anjir ptm masuk mulu
743,emang kudu diberentiin ptm yaa meledak usia usia sekolah fasilitas khusus case terburuk sampsai rs persiapannya dikit fasilitas ikutin lord luhut
744,pjj akrab gamau kenal temen sekelas eh ptm asik
745,nyaman ptm
746,pengen pjj ptm ngeri sirkel anak bawang diem
747,beruntung say good bye capek ptm kangen seru ptm bitj daring  ngerti
748,ptm pengen pjj pjj pengen duit mah
749,anna ptm enak daring
750,ptm  sakit rumah
751,ok sekolah ptm terbatas
752,anjing gamau ptm gila covid drastis
753,anjing ptm
754,nder mencoba berpikir jernih pjj kebanyakan main males offcam merhatiin ptm asik sepi kelasnya kaya bimbingan belajar fokus ditambah catatan mata pelajaran ptm
755,pjj ptm gatau perpanjang
756,ab salah strategi pintar mengubah panggung politik aslinya persetujuan kewenangan daerah ngurangin ptm stop maunya ptm perstujuan lbp ngaco
757,cari jalan biar merugikan dikanal berita bagus idenya ptm usaha dibatasi usaha langgar prokes dibatasi sadari melebih aturan
758,mata pelajaran sesuai jadwal ptm bangsat ngacak
759, nangis males mendengar berita ptm ulangan diundur melulu  sedih bangett
760,morning makji sedih banget ptm
761,ndak tau sekolahku ptm
762,ptm kelas enak kamar
763,ptm stop plis beresiko bangett
764,lupa sarapan mandi pagi semangat pjj ptm kuliah kerja
765,semangat nder semoga cepat ptm
766,semenjak ptm begadang
767,pjj sjdbdjejdifj menyedihkan pjj ptm
768,ptm keinget gapernah ketemu crush sekolah pengen ketemu krass
769,susah memahami jalan pikirannya memprediksi puncak wabah covid omicron februari penerbangan internasional dibuka keramaian mall tingkat hunian rs ptm jalan
770,oh maksudnya suka ptm mah pjj
771,sedih bangett ptm terbatas
772,hahaha ptm online
773,mikir ptm mending covid serem banget sekolah  lockdown positif keluarga  kena stay safe healthy yaa vitamin makan sehat dingin dingin coba tunda sakit panik
774,sch pjj love ptm much
775,ptm lulus bentar
776,amin amin males pjj ptm
777,pjj enak rumah pakai seragam ribet ptm seru bangett
778,abis pjj masuk ptm suka males anjir
779,ptm enak akrab temen sekelas ketawa bareng temen sekelas pjj rebahan susah mengerti materi ofc enak ptm
780,tenaga kesehatan teriak covid disisi ptm anak sekolah batal disisi mall kuliner hiburan pasar rame hehe
781,ngebayangin ptm absen genap aaaaaaa anjing
782,keren ptm
783,ptm denger pjj suka pjj
784,gatau kelanjutannya ptm kagak
785,pjj pjj kaya fleksibel ptm capek banget asli bener bener kuat
786,anak kelas sma keluarkan sekolah memilih mengikuti ptm
787,tim ptm pjj kaya libur gurunya pjj suka kasih materi bentar uh sebel
788, ptm ya
789,ptm seru bareng temen pjj tugasnya
790,ptm semangat ya
791,terlanjur nyaman ptm pulang pulang encok
792,pilihan tua ptm pjj
793,yahhh ptm
794,pls ptm pakai absen ganjil genap mending shshsjdjd
795,ya allah ptm
796,beneran ptm
797,ptm ditempatku ptm bang anak sd buset jajan berkerumun
798,semangat nder semoga cepat ptm
799,aneh banget ptm anak kelas sibuk
800,pjj niss gajadi ptm gegara word
801,anjing ptm dikasih tugas gcr
802,begejala bergejala ringan ptm dki dilanjutkan ngerasa sakit pcr diuntungkan situasi
803,pagi enak banget ptm
804,contohkan ptm ditutup cari uang cafe ditutup omset karyawannya kerja pajak berhenti lho salah contoh pertimbangannya gub
805,iyaa mager ptm nggak temen wkwk
806,pengen cepet cepet ptm
807,kampus aing ptm feb online sekolah sma aing kena
808,yaudah ptm jalan cabut status pendemi biarin rakyat hidup bebas desember berita covid terkendali ehh covid covid tai kucing
809,aaaaa ptm
810,pertimbangnya sektor ekonomi pendidikan pertimbangan ditulis berita
811,ptm mudik awas yaa
812,iya duh takut banget ptm semoga pjj ngeri
813,sadar pjj goblok ptm
814,bener ptm daring ngentot
815,seneng ptm eh pjj
816,ptm ihh enak bangett
817,pjj pjj ptm
818,amin banget pjj mah serem banget liat ptm
819,banget enakan ptm
820,yuk ptm
821,perusahaan menerapkan test tracing prokes kendor ptm mempengaruhi
822,kesehatan keselamatan anak anak dki abaikan penolakan jalankan pjj
823,kasian banget daring alhamdulillah ptm hihi
824,iri iri iri ptm
825,nyaman ptm eh daring
826,gilaa covid banget ptm mampus aduh muka tenggelam
827,sorry suka ptm hybrid ptm mata kuliah praktek
828,sekolah ptm anjing nekat banget sekolah
829,omicron berbahaya ditolak permohonan penghentian ptm menolak perencanaan pembunuhan anak sekolah pendidiknya pendapat
830,sekolah ptm yes
831,ptm kehilangan semangat belajar pjj sekolah ngobrol diskusi temen materi ngerti
832,masuk ptm jaga prokes yes salah pakai masker jaga jarak kena ofc ur fault emg mulutnya anjing nder anggep anjing menggonggong angin semangat sender
833,ptm doang belajar rumah sekolah belajar rumah
834,ptm suka online offline guys
835,bela tolak ptm ditolak pemerintah sisi
836,iya ptm stres pjj mulu
837,ptm sekolah mewajibkan swab antigen mandiri lumayan tua murid keluarkan dana ekstra antigen catatan anak sekolah swab antigen mandiri swab
838,sekolah maksa banget ptm aman
839,iih males banget sekolah ptm
840,sekolah online enak ptm pakai sesi
841,bingung seneng sedih ptm distop
842,ptm dibuka ditutup anies disalahkan pembencinya pilres emang suka dipilih skip narasi pinter memangnya lakukan
843,bentar ptm menghilang
844,iya enak ptm
845,ptm januari eh pjj sedih
846,curiga sekolah jam doang way pjj dibagi ptm pjj
847,taat kesadaran pertimbangan sektor ekonomi pertimbangan usaha buka makan sekolah buka masihlah makan ptm ditutup disalahkan apapun salah anies
848,delta kluster perkantoran sulung omicron kluster ptm lelah
849,temuan klaster corona sekolah sragen ptm berjalan persen
850,tutup dunia malam tutup sasar sekolah stop ptm lh cafe cafe jakarta
851,wkwk liat ptm anak paham anjeng paham zoom pakai laptop siswa web cam dipake internet pakai kuota super duper mega get well soon kuota dipakai rumah paham
852,ptm diy persen wali murid pusing pusing
853,pikir nder ptm
854,daring nyaman ptm jujur
855,ptm susah dipaksain offline online
856,engga ptm ptm pagi
857,nggak suka ptm
858,kelas ipa ambis ambis bangett aktif banget kerasa banget ptm
859,ptm distop bisnis pcr mandeg oh setuju
860,hadeh semoga beneran ptm sanggup pjj
861,nggak masuk ptm seneng nanggung banget libur
862,disekolahku pjj ptm pjj jadwal zoom full pagi milih pjj ngekos
863,asli sumpah ptm
864,seneng ptm gampang nyari nilai taunya pjj
865,pancen menyebalkan berpolitik bahasa kalem santun nyebelin tau ptm kewenangan kapala daerah dilempar luhut alasan skb mentri
866,make alarm otomatis bangun emg ptm bangun jam libur jam
867,sekolah ptm gatau pjj
868,dengerin lbp tanggumg akhirat kelak ptm hentikan perse istana
869,pjj gaya ptm siswa taat prokes wkwk
870,kesehatan keselamatan anak anak dki abaikan penolakan jalankan pjj bogor tangerang bekasi ngadu media
871,ga salah mari dibaca isinya penolakan tua bebas menentukan anak didiknya ptm online kapasitas maksimal
872,ptm please  pjj materi masuk banget langsung konek keterbatasan sinyal kelompok sumpah tuhan repot banget nyantai gasuka ptm capek pulang pergi sekolah kaya seru
873,kemarin nyaman ptm eh pjj
874,beneran gajadi ptm word caper anjir
875,mending ptm lahh kak anaku bangku dasar klu tugas guru mboknya puyeng
876,sebenernya nggak males baca tertulis aturan pusat ptm ppkm level masuk kriteria daerah vaksinnya jkt nggak ngikutin dibilang nurut aturan pusat ha ha ha
877,nganterin sekolah emg jadwalnya hybrid sekolah suruh rumah kebijakan pemerintah stop ptm mantap mamank pegel kaki make mobil manual rumah kesehatan
878,sumpah kemarin ngerasa nyaman ptm pjj
879,kemarin ptm tau omicron coba sesi sesi berkurang
880,syukur daring pusing kena covid moga ujian kelulusan ptm cepet kelar stress covid mulu
881,respon sekolah berhati hati doang ptm even guru gajelas
882,ptm terbatas alias takut ptm sekolah kena covid
883,ptm  males ketemu temen
884,ya ptm omicron angka angka real liat angka satgas telan mentah tolol juta kena omicron ringan ptm tes pcr gedor sekolah min siswa
885,guru daring ngajar negeri sekolahku swasta ptm guru mutusin resign swasta negeri ngajar kelas
886,dunia malam bebas dunia pendidikan ptm distop diganti pelajaran jarak kaya
887,ptm cape
888,tau ptm pjj gantian
889,pengen ptm biar ketemu sayang
890,ptm gatau seru ptm cepet sambung ketemu temen belajarnya kerasa cape kurangnya kebanyakan kerja kelompok mulu
891,evaluasi ptm pimpinan komisi dpr ri kantor kantor wfh ptm ditengah lonjakan covid setuju pendapat komisi dpr ri penyakit musiman virus tingkat kematiannya rendah
892,ptm sarat masuk ptm anak anak vaksin tetiba ptm dibatalkan omicron fungsi vaksin ajujur nanya mah ruwet
893,super duper mega kesel ga ptm
894,nyaman ptm daring ghosting cowok
895,anak kena positif paksa mengikuti ptm materi sekolah kena
896,kehadiran tua berhak memilih anaknya pjj deal sekolah langsung tua siswa pemda disdik memaksa ptm tua memilih pjj
897,ya allah pengen ptm capek pengen ptn
898,sekolah ptm ulangan online
899,nyaman ptm
900,ptm dikasih tugas guru gurunya rapat ngerjain tugas nonton upin ipin
901,sedih ptm dihentikan
902,anjir nyaman ptm gasi
903,wkwk iyaa anjing  males ptm nyaman
904,enak bangett gumoh ptm
905,pengen ptm banget
906,ptm deket temen cepat paham materi duit jajan
907,enak ptm duit jajan eh daring
908,sad banget enak ptm
909,boro boro pjj sekolah agustus ptm haha
910,keran senang dukung banget anak ptm masgub
911,daring guru positif enak ptm
912,ptm berjalan penerus bangsa pendidikan layak semestinya cafe cafe diseluruh
913,cirebon anak sekolah positif info sekolah wkwk ptm pakai masker dokumentasi doang
914,ah seru ptm
915, kangen bangett aaaa gila ptm bener bener day kaya anjir banget buka twt ngikutin anak anak lelah ptm
916,ah ptm jakarta lho usulan anies ditolak luhut hebat
917,enak banget ptm
918,ptm enak dikurangin uang jajan ketemu temen temen belajarnya bener pjj males ngerjain tugas
919,sekolah full ptm
920,nyaman ptm kondisinya nyaman mending pjj
921,enak banget ptm semangat ptm
922,mls ptm semoga sekolah
923,aduh rencana ngekost disuruh nunda virus sekolah disuruh pulang kayaknya dibolehin ptm
924,bener ngerasa nder kemarin perasaan ptm kerasanya uda ptm eh uda pjj kerasa
925,ptm huhu
926,ptm yey diizinin sekolah
927,iyaa bener terbiasa ptm
928,iya emg ribet ga ptm cape pjj interaksi guru chat guru segan banget langsung direspon ptm enak langsung direspon
929,konteks ptm pjj libur semester mah semester genap offline ajaa rumah
930,demen pjj wkwk iya tau emg situasi ga banget ptm
931,wkwk pribadi prefer ptm produktif takut banget pjj
932,ptm tenang hidup
933,pramono ptm jalan aturannya level surat diknas mengatur sekolah pjj masuk antigen akal pengusaha
934,huhu enak ptm kemarin
935,nyaman ptm masuk cari penyakit
936,iya anjing ngeselin banget ptm makasih ilmu eh digituin gigit
937,keliatannya opung lihat jatuh sakit proyek ptm stop berkurang
938,suka ptm ulangannya pjj
939,asli  benci banget ptm anjing
940,gaenak maunya ptm
941,alhamdulillah ptm
942,setuju ptm full seru yaudah pjj menyiksa banget anjir anak smk bentar lulus ngang ngong ngang ngong
943,nyaman banget ptm semoga pjj rada trauma
944,aneh covid ptm dihentikan landai ptm dilanjutkan
945,gamau ptm
946,pjj kemarin tanggal tanggal ptm
947,huhu serentak pjj ptm
948,mantap muff pengen lari kehalang ptm mulu suka
949,iya mahasiswa ptm bentar oh kirain diatas wkwk
950,cape banget ptm eh daring woi kehilangan sma kenolepan
951,ptm jelasin langsung masuk otak
952,vaksin ptm distop berguna
953,semoga ptm secepatnya yaa
954,halah giliran kasih ptm komplain nyalain pusat dasar buzzer dki
955,belom nyobain ptm full
956,pjj aaaa seneng ptm
957,anjir ptm
958,ptm batal anjir daring
959,setuju parah ptm full
960,ptm ulangan bentar
961,daring ptm pjj
962,ptm allah amit amit pjj
963,izin ptm kaya mending bobo
964,ptm pjj pjj ngentot sebel
965,senang ptm eh online
966,jujur enakan ptm materi gampang banget masuk otak enaknya ngerjain tugas gurunya keliling jujur males guru keliling
967,ptm anak sekolah tindakan gegara covid nggak antisipasi sekolah dinas
968,dom serang banten pjj ihh sekolah ptm masuk sesi pagi masuk takut omicron kena kaya mending daring gasi
969,pagi buka grup info covid meningkat daerah kurikulum jadwal berubah blended learning utamanya online ptm eh seneng banget wkwk
970,gamau pjj pls enak ptm
971,kangen ptm
972,semoga sekolah ptm seneng
973,benci banget daring allah liat bangun anjir males mandi kaya semangat sekolah ayolah woi ptm
974,senang ptm pjj sekolah diumumin pjj malem aaaaaaa
975,enakan ptm
976,sebenernya enak ptm ngerti materi ptm nggak istirahat capek
977,anjing ptm
978,sekolah njir nungguin pjj cape banget ptm
979,ptm kelas plis butuh interaksi temen kesusahan
980,membingungkan sisi gembar gembor covid meningkat disisi bersikukuh ptm maunya boss
981,ptm pjj males
982,pjj males ptm kebagian sesi sore mulu
983,kasian banget ptm full ketemu sayang ptm pakai sesi ketemu sayang sesi pjj sayang doyan banget diem dikelas hah cape duduk gatau kangen bentar lulus woy
984,setuju ptm ditunda penularan disekolah kerabat anaknya
985,anjir takut ptm pembagiannya pakai absen ganjil genap anjir temen temenku genap anjir ganjil
986,maksudnya biar siswa terpapar omicron disetujui stop ptm dki lho
987,ptm segitu badan remuk
988,salah alasan ptm pjj
989,sekolah doang kayaknya kekeh ptm hadeh
990,enak ptm
991,aaaaa sedih banget nyaman ptm
992,ptm males banget
993,ptm males dibully
994,nyaman ptm eh daring sumpah
995,ga suka sekolah ptm momen temen kelas bosen bosen obrolan mulu ga bahasan aslinya seneng ptm ketemu srek ono engga risih
996,setuju stop ptm
997,sejujurnya setuju nyaman ptm kaya pandemi anak mudah
998,jujur iyaa ptm ga tau tugasnya lipat
999,khusus pelajaran maunya pjj haha ptm
