date,original_tweet,tweet
2022-01-30 23:41:43+00:00,"smngt sekolah,meskipun PTM 50%'",semangat sekolah meskipun ptm
2022-01-30 23:23:30+00:00,"Oiyaa, aku lupa ada ptm 50%'",oiyaa aku lupa ada ptm
2022-01-30 23:18:37+00:00,"SchApp! pagi! sender masih ptm, tapi jadi 50% https://t.co/xt15Obgbqf'",pagi sender ptm jadi
2022-01-30 22:42:48+00:00," @PKSejahtera: Kasus Covid-19 Terus Meningkat, Kaji Ulang PTM 100%. \xe2\x80\x9cPenghentian PTM merupakan opsi yang bisa dilakukan berbasis kajian. '",kasus covid meningkat kaji ulang ptm penghentian ptm merupakan opsi lakukan berbasis kajian
2022-01-30 22:42:12+00:00,"demi apapun aku mager sekolah... bkn mslh hari kejepit ato liburnya, cmn tuh aku dr 2 minggu yg lalu udh ptm 100% t https://t.co/RAOrDqOsx0'",aku mager sekolah bukan masalah kejepit liburnya cuma aku dari lalu sudah ptm
2022-01-30 18:01:12+00:00, @schfess: sch! Any thoughts? Ada 3 pilihan sih sebenernya kata aku. Balik pjj/50% ptm/lanjut 100% ptm. https://t.co/tKF2w02CMY',thoughts ada pilihan sebenernya kata aku balik pjj ptm lanjut ptm
2022-01-30 17:28:15+00:00,"first ptm 50% setelah hampir 2 tahun lebih cuman sampe jam set 10, lamanya berasa banget udah kek setengah hari. la https://t.co/E3kpIsPLoE'",first ptm setelah hampir lebih cuma sampai jam set lamanya berasa banget udah kayak setengah
2022-01-30 15:21:04+00:00,"@schfess sekalian pjj aja, soalnya kel 50% ptm aku gasik bikin ga mood cekulah aja xixi'",sekalian pjj aja soalnya kalau ptm aku asik mood bekulah jadi xixi
2022-01-30 15:11:44+00:00,"@convomf mingdep ptm 50% lagi jing, padahal kan'",ptm lagi anjing
2022-01-30 15:09:32+00:00,"@convomf 50%, setengah ptm setengah pjj'",setengah ptm setengah pjj
2022-01-30 15:09:05+00:00, @mikahakim3: @Hilmi28 @Adra_silent Jogja kembali berlakukan PTM 50 persen setelah bbrp siswa positif..smg segera landai lagi..', jogja kembali berlakukan ptm persen setelah beberapa siswa positif semoga segera landai lagi
2022-01-30 14:36:54+00:00,eh ada ingfo kalo besok di sesi lg alias ptm 50%',eh ada info kalau besok sesi lagi alias ptm
2022-01-30 14:35:35+00:00,@astronoust yg positif 1 aja trus jdi ptm 50% sm guru guru jdi lebih sering sidak prokes dadakan  ',positif jadi terus jadii ptm sama guru guru jadi lebih sering sidak prokes dadakan
2022-01-30 14:30:19+00:00,@schfess pengennya ptm 50%',pengennya ptm
2022-01-30 14:25:41+00:00,"@schfess akuuu, sekolah bilangnya dari prov jateng, tapi bukan pjj, yang tadinya ptm 100% dikurangi jadi 50% atau p https://t.co/mNJvehDXeP'",aku sekolah bilangnya dari prov jateng bukan pjj tanya ptm kurangi jadi pjj
2022-01-30 14:23:24+00:00,@avhlyyy sblm daring lg gua ge ptm nya 50% blm pernah 100%e',daring lagi gua ptm belum pernah
2022-01-30 14:16:24+00:00,"@schfess Aku jakarta, tapi ptm ga 100% jadi 50% pjj sisahnya ptm. Tapi sekolah lain 100%'",aku jakarta ptm jadi pjj sisanya ptm sekolah lain
2022-01-30 14:03:49+00:00,"ga deng wkakajwj mulai besok ptm 50% lg dan gue ga suka, ptm 100% really really fun tho https://t.co/E1oXeMJvY0'",deng wkwk mulai besok ptm lagi gue suka ptm really really fun tho
2022-01-30 14:00:47+00:00,@schfess Sekolah ku kalbar masih ptm 50% tapi mungkin kedepannya masih ptm 50%',sekolah kalbar ptm mungkin kedepannya ptm
2022-01-30 13:49:26+00:00,"@schfess Bekasi, dari pusat nder, sebenernya sih masih PTM tapi balik 50% lagi'",bekasi dari pusat nder sebenernya ptm balik lagi
2022-01-30 13:47:07+00:00,"@schfess gatau, katanya mau balik ke ptm 50%'",gatau katanya mau balik ptm
2022-01-30 13:45:39+00:00,"@schfess Ptm 50% menurutku gak efisien, sekelas sma aja pasti masih ngelanggar prokes kaya gak jaga jarak apalagi u https://t.co/uhP8A7av2i'",ptm menurutku efisien sekelas sama jadi pasti ngelanggar prokes kaya jaga jarak
2022-01-30 13:43:37+00:00,woii skolahku tbt'jdi ptm 50 persen lgi njrr GW GA SATU SESI ANJG',woi sekolahku tiba tiba jadi ptm persen lgi njir gue sesi
2022-01-30 13:42:36+00:00,udh seneng ptm 100% tau dibikin 50% ya smoga aja ga daring lagi',sudah seneng ptm tau bikin samoga jadi daring lagi
2022-01-30 13:36:59+00:00,"Gue gamau pjj, gamau ptm 100%, maunya ptm 50% ajaaaa'",gue gamau pjj gamau ptm maunya ptm aja
2022-01-30 13:06:10+00:00,"@ailovmintcho eh samaa gua kalo ptm suka mapel mtk, kimia, sm pjok soalnya 50% olahraga sisanya kabur ke kantin'",eh sama gua kalau ptm suka mata pelajaran mtk kimia sama pjok soalnya olahraga sisanya kabur kantin
2022-01-30 13:04:23+00:00,@convomf KESEL PTM 50% MULAI BESOK',kesel ptm mulai besok
2022-01-30 13:03:23+00:00,Loh mulai ptm 50% lagi:]',mulai ptm lagi
2022-01-30 13:02:33+00:00,"Sekolah daring lagi...padahal udah nyaman sama ptm 50%gini,SETIDAKNYA bisa masuk sekolah seminggu 3 kali'",sekolah daring lagi udah nyaman sama ptm setidaknya masuk sekolah
2022-01-30 13:02:21+00:00,"@schfess mending pjj gasih kalo kaya gini, soalnya kalo ptm 50% masi sedikit was was...'",mending pjj gasih kalau kaya soalnya kalau ptm sedikit waswas
2022-01-30 13:02:19+00:00,@schfess klo ga di bolehin pjj yaudah sih 50% aja maksa bgt mau ptm 100%',kalau  bolehin pjj yaudah jadi aja maksa banget mau ptm
2022-01-30 12:59:54+00:00,"@schfess balik full pjj, atau 50% pjj sama ptm, tp yg ptm yang udah vaksin dua kali aja.'",balik full pjj atau pjj sama ptm ptm udah vaksin dua jadi
2022-01-30 12:52:03+00:00,@schfess Dom serang. Masih ptm 50% untungnya blm ada omongan bakal pjj. Kl bisa jangannn',dom serang ptm untungnya belum ada omongan bakal pjj kalau jangan
2022-01-30 12:47:37+00:00,"@raratampan gatau juga si soalnya dari dibukanya ptm 50% sampe 100% ini kasus pertama di sklh gua gitu, tapi semoga https://t.co/hm0W2G24Cf'",gatau soalnya dari bukanya ptm sampai kasus sekolah gua semoga
2022-01-30 12:40:02+00:00,AAAAAA bsk ptm 50% lagiiii... huhu ga seru bgttt pdhl kmrn udh ptm 100%',aaaaaa besok ptm lagi huhu seru bangett kemarin udah ptm
2022-01-30 12:25:05+00:00,@ellzqrjn wih masih ptm full?? :( punya ku udah balik 50% lagi',wih ptm full punya udah balik lagi
2022-01-30 12:20:38+00:00,@schfess Kayanya cuma sekolahku aja deh di satu Malang Entah bene ato ngga Soalnya sekolahku sekarang masi 50% yg m https://t.co/bUj9ttSBaR',kayanya cuma sekolahku jadi deh malang entah bener soalnya sekolahku sekarang
2022-01-30 11:59:23+00:00,"@betterperl aku balik ptm 50%, jadi masuknya gantian lagi gitu'",aku balik ptm jadi masuknya gantian lagi
2022-01-30 11:57:15+00:00,"@schfess Tp ini jg krn ptm 100% dan kantin buka, dulu pas masih 50% kantin tutup alhamdulillah aman2 aja'",karena ptm kantin buka kantin tutup alhamdulillah aman aja
2022-01-30 11:48:35+00:00,"@galvantariksa jujur gue tuh seneng-seneng aja hari senin karena full ptm, tapi baru seminggu full ptm udah disuruh 50% lagi anjj'",jujur gue seneng seneng jadi karena full ptm full ptm udah suruh lagi anjing
2022-01-30 11:48:33+00:00,@schfess Kalo punyaku besok mulai ptm 50% lagi Gak tau juga kenapa',kalau punyaku besok mulai ptm lagi tau
2022-01-30 11:46:32+00:00,"@gianrln ehh asikk, aku jadinya ptm 50% nih karena sma tetangga ada yang positif. mungkin di sekolahku juga ada ...'",eh asik aku jadinya ptm karena sama tetangga ada positif mungkin  sekolahku ada
2022-01-30 11:30:47+00:00,pingin ptm 50% lagiii',pengen ptm lagi
2022-01-30 11:19:39+00:00,"siallll, sekolahku ptm 50% lagiii....'",sial sekolahku ptm lagi
2022-01-30 10:56:59+00:00,"@schfess jdi ptm 50%, pelajaran produktif ajasi yg kayak praktikum gtuu sama ditambah mtk,pjok,bk'",jadi ptm pelajaran produktif aja kayak praktikum sama tambah mtk pjok bk
2022-01-30 10:53:25+00:00,"Kasus Covid-19 Terus Meningkat, Kaji Ulang PTM 100%. Penghentian PTM merupakan opsi yang bisa dilakukan berbasis k https://t.co/yNb6xKGrOl'",kasus covid meningkat kaji ulang ptm penghentian ptm merupakan opsi lakukan berbasis
2022-01-30 10:39:20+00:00,"@gurlllreen SEKOLAH AK GAADA YANG COVID TAPI PTM  50% TRSSS  tapi gpp deh, kalo 100% mah ngeri circle nya'",sekolah aku gaada covid ptm terus deh kalau mah ngeri circle
2022-01-30 10:30:17+00:00,@pusmpkin pjj nya selang seling kak jd sama aja... yg ptm 50% pjj 50% mana aku dapetnya senin anjrit malesss',pjj selang seling kak jadi sama jadi ptm pjj aku dapetnya anjir males
2022-01-30 10:10:49+00:00,Udah nyaman ptm 100% ini mau ptmt 50% huftt',sudah nyaman ptm mau ptmt huft
2022-01-30 07:44:29+00:00,"Moots, ini bukan mau nakut-nakutin ya. Tapi Omicron ini emang cuepet nyebarnya. Salah satu teman di FB, anaknya SD/ https://t.co/fSOLFBMZ9z'",moots bukan mau nakut nakutin omicron emang cuepet nyebarnya salah teman  fb anaknya sd
2022-01-30 06:48:03+00:00,"Anjj sekolah ku gak adil bgt njirr.. ptm 50% lagi, ganjil genap.. minggu kmrn genap sampe jam 10.15 trs minggu beso https://t.co/J7PcOzy1p9'",anjing sekolah al banget njir ptm lagi ganjil genap kemarin genap sampai jam terus besok ganjil
2022-01-30 06:03:22+00:00,"@convomf Balik 50% lagi nder, jadi sehari ptm sehari pjj'",balik lagi nder jadi sehari ptm pjj
2022-01-30 06:02:04+00:00,anjer blik lg ptm 50%',anjir balik lagi ptm
2022-01-30 05:23:00+00:00,padal sedang merasakan indahnya ptm 100% eh malah diubah jadi ptm 50%. taik taikk',sedang merasakan indahnya ptm eh malah ubah jadi ptm tai tai
2022-01-30 04:35:05+00:00,@schfess gw ptm 50% lagii nderr',gue ptm lagi nder
2022-01-30 02:41:29+00:00,"@DKIJakarta Gmn dengan PTM yang 100%....WFH aja 50%...selamat kan jg dong anak"" jangan hanya pekerja aja yg di selamatkan...'",ptm wfh aja selamat dong anak jangan pekerja aja selamatkan
2022-01-30 02:34:16+00:00,w pengen nya 50% pjj 50% ptm',gue pengen pjj ptm
2022-01-30 02:13:58+00:00,@Hilmi28 @Adra_silent Jogja kembali berlakukan PTM 50 persen setelah bbrp siswa positif..smg segera landai lagi..',jogja kembali berlakukan ptm persen setelah beberapa siswa positif semoga segera landai lagi
2022-01-30 02:07:24+00:00,Jujur pengen ptm tapi bukan 100% karena gue takut  orang 50% aja masih pada buka masker apalagi 100%.',jujur pengen ptm bukan karena gue takut jadi buka masker
2022-01-30 01:14:04+00:00,"Sekolahku hari Senin besok mau uji coba pake sistem hybrid 50% ptm 50% pjj, karena ada siswa sekolah sebelah yang k https://t.co/jshGjMd2xn'",sekolahku besok mau uji coba pake sistem hybrid ptm pjj karena ada siswa sekolah sebelah
2022-01-29 23:49:53+00:00,"SchApp! sender udah PTM tapi masih disesi ,Ya Allah sender masuk jam 10.50-14.40 seharusnya sesi 1 jam 07.00-10.40 tapi sesi 2 protesss'",sender sudah ptm disesi ya allah sender masuk jam seharusnya sesi jam sesi protes
2022-01-29 19:26:43+00:00,"aaaaaaa, mau ptm 50 lg jogjaaaa kaaaachhhh'",aaaaaaa mau ptm lagi jogja
2022-01-29 16:07:04+00:00,dih anj ptm 50% lagi....',dih anjing ptm lagi
2022-01-29 14:56:13+00:00,"@haezkith iya deh kayaknya,, di sekolah aku aja banyak yang izin, APALAGI PAS ITU kelas aku yang masuk (masih di fa https://t.co/mctURHcdQF'",iya deh kayaknya  sekolah aku jadi banyak izin kelas aku masuk
2022-01-29 14:05:49+00:00,semoga ptm 50% aja',semoga ptm aja
2022-01-29 13:50:40+00:00,"RT @infinitydipsy: @schfess Hadeh emang serba salah ngadain PTM 100% dimasa sekarang gini, kalau terusin PJJ materi ga paham, PTM 50% cuman '",hadeh emang serba salah ngadain ptm masa sekarang kalau terusin pjj materi paham ptm cuma
2022-01-29 13:44:28+00:00,@schfess emang paling bener ptm 50% ga full online tapi ga full offline juga kan.',memang paling bener ptm full online full offline
2022-01-29 13:30:08+00:00,"JUJUR agak seneng ptm 50% soalnya gajadi penilaian olahraga, aku gabisa cuyyyyy nangis'",jujur agak seneng ptm soalnya gajadi penilaian olahraga aku gabisa coy nangis
2022-01-29 12:46:45+00:00,"@tjapoenglaut Di sekolah anakku, minggu depan mulai online. kebijakan diambil krn kepseknya positif.. Adeknya 50% P https://t.co/92OkSkNdx4'", sekolah anakku depan mulai online kebijadikan ambil karena kepseknya positif adeknya
2022-01-29 12:43:07+00:00,plis ptm lagi kek tpi jgn 50%',plis ptm lagi kayak jangan
2022-01-29 12:02:19+00:00,"b""@kenzkjks ptm 50% gtu, masih setengah' and I hope si Ga pjj lagi ya""",ptm setengah hope pjj lagi ya
2022-01-29 11:44:34+00:00,"@schfess Sekolah aku 50% PTM,Semoga aja gak pjj'",sekolah aku ptm semoga jadi pjj
2022-01-29 11:37:52+00:00,"RT @john_parker26: @jokowi Pak anak sekolah sdh PTM 100%, mohon dipertimbangkan lagi buat PTM 50% dahulu, jangan menunggu di suatu sekolah '",anak sekolah sudah ptm mohon dipertimbangkan lagi buat ptm dahulu jangan menunggu suatu sekolah
2022-01-29 10:18:17+00:00,"@schfess lah sama dom ku juga 50 50 lagi 100% cuma sehari doang, tapii aku bersyukur sih daripada sama sekali ga PTM malah lebih sedih:('",sama dom lagi cuma doang tapi aku bersyukur sama sekali ptm malah lebih sedih
2022-01-29 09:17:34+00:00,ni ptm 50% doang aku jd mager sekolah',ptm doang aku jadi mager sekolah
2022-01-29 08:56:48+00:00,@yaiyagituuu Stay safe ptm 50 tu ga enak bgt',stay safe ptm enak banget
2022-01-29 06:54:38+00:00,"@seashorepeony sekolahku baru mulai full ptm 100% tuh minggu ini, tapi gara-gara Omicron minggu depan mulai 50% lagi'",sekolahku mulai full ptm gara gara omicron depan mulai lagi
2022-01-29 06:33:20+00:00,"@schfess 100% , aku tipe org yg belajar harus diskusi. dan di 50% itu aku gapunya temen diskusi jadi belajarnya ben https://t.co/CxdSe5wosk'",aku tipe belajar diskusi aku gapunya temen skusi jadi belajarnya bentar aja
2022-01-29 06:06:43+00:00,@republikaonline Yang penting itu ptm 100% ditunda dulu 1 bulan dan kantor W.F.H atau W.F.H. 50%.........INI LEBIH https://t.co/5fsuAmOIXk',penting ptm ditunda kantor wfh atau wfh lebih
2022-01-29 05:37:08+00:00,"Sebenernya takut ptm 100% gini, tapi jujur ngga mau PJJ anjir bisa gila kalo PJJ lagi, mending 50% aja lah ya'",sebenernya takut ptm jujur mau pjj anjir gila kalau pjj lagi mending aja
2022-01-29 05:24:40+00:00,@schfess ptm 100% kaloo ptm 50% tuhh mainn circle kaloo udah ketemu sekelas semua. ga seruuu. jadii mending yg 100%',ptm kalau ptm main circle kalau udah ketemu sekelas semua seru jadi mending
2022-01-29 05:05:32+00:00,ni ptm 50% tar lama lama pjj AAMIIN',ptm bentar lama lama pjj amin
2022-01-29 04:52:42+00:00,"@artemisstudy waaa, sebetulnya aku ngerti sih kenapa papamu ngga bolehin, soalnya omicron emang lagi ngejamur bange https://t.co/nO0bPoaeKv'",wah sebetulnya aku ngerti papamu bolehin soalnya omicron emang lagi ngejamur banget
2022-01-29 03:38:31+00:00,"@schfess I prefer 50% karna situasi ga sepenuhnya memungkinkan, aku udah ptm dan asli sebenernya enakan ptm, materi https://t.co/KWFPdTovTf'",prefer karena situasi sepenuhnya memungkinkan aku sudah ptm asli sebenernya enakan ptm materi
2022-01-29 03:26:50+00:00,@schfess Belum pernah ptm 100% 5. Tapi aku pengen ngerasain ptm 100% soalnya temen-temen yg aku kenal ada di sesi 1. https://t.co/kdvtvev73h',belum pernah ptm aku pengen ngerasain ptm soalnya temen temen aku kenal ada  sesi
2022-01-29 02:17:10+00:00,@schfess PTM 50% enak agak sepi',ptm enak agak sepi
2022-01-29 00:41:28+00:00,"@schfess Awalnya 50% soalnya lebih dikit orangnya, lebih tenang. Ternyata seruan ptm 100%, banyak temen di kelas sa https://t.co/ZSHSfXD2Qo'",awalnya soalnya lebih sedikit lebih tenang ternyata seruan ptm banyak temen kelas saya
2022-01-29 00:29:11+00:00,"@schfess 50% biar ada istirahat nya terus aku gk suka yg rame"", tapi mingdep angkatan di sekolah ku PTM 100% '",biar ada istirahat aku suka rame angkatan sekolah ptm
2022-01-29 00:16:47+00:00,semoga bsk senin ga 50 50 lagi deh ptm nya ',semoga besok lagi deh ptm
2022-01-29 00:14:53+00:00,"@schfess PTM 50% SUMPAHHHH, LEBIH TENANGG'",ptm sumpah lebih tenang
2022-01-28 20:59:32+00:00,@schfess PTM 50% karena di sesi lain banyak masalaahhh gak mau kebawa bawa',ptm karena sesi lain banyak masalah mau kebawa bawa
2022-01-28 18:36:34+00:00,"@schfess tergantung , kalau masih 50% mending pjj aja sekalian semua , soalnya kalau setengah2 gtu yg daring ga kep https://t.co/jLy0vSTpiE'",tergantung kalau mending pjj jadi sekalian semua soalnya kalau setengah daring
2022-01-28 17:46:37+00:00,"@schfess engga, pengennya PTM tapi 50% aja ga kaya sekarang 100%. soalnya selain karena masih pandemi &amp; tren kasus https://t.co/6NMHHBHVyk'",pengennya ptm jadi kaya sekarang soalnya selain karena pandemi tren kasus
2022-01-28 17:20:40+00:00,"@schfess 50 50 sihh, soalnya klo ptm fisik kerasa bgt capeknya, klo pjj capek mental'",soalnya kalau ptm fisik kerasa banget capeknya kalau pjj capek mental
2022-01-28 17:18:06+00:00,"@schfess aku mau, tpi ptm 50% g mau 100% alias 50% GW DH CPEK KLI ANJIM 1 hari sekolah 1 hr daring gitu. g tw lg g https://t.co/ll91akWNqX'",aku mau ptm mau alias gue dah capek sekali anjir sekolah daring tau lagi
2022-01-28 15:47:19+00:00,"@schfess Enakan ptm sih tugasnya ga terlalu banyak,pjj enak juga lebih santai tapi tugasnya video terus jadi mendin https://t.co/XGNMpdPscl'",enakan ptm tugasnya terlalu banyak pjj enak lebih santai tugasnya video jadi mending
2022-01-28 15:29:20+00:00,"@schfess 50 50,  kebanyakan kelompok/presentasi kalau ptm, tp gphm materi klau pjj'",kebanyakan kelompok presentasi kalau ptm paham materi kalau pjj
2022-01-28 15:13:37+00:00,@schfess dikelasku aja tadi yg izin ada 7. gara  itu sekolahku balik lagi ptm 50%. Alhamdulillah aku udh sembuh sih',kelasku jadi izin ada gara sekolahku balik lagi ptm alhamdulillah aku udah sembuh
2022-01-28 15:08:56+00:00,@schfess ptm 50% soalnya kalau ptm 100% susah bagi waktuu:(',ptm soalnya kalau ptm susah bagi waktu
2022-01-28 15:01:09+00:00,"RT @shiningmoment18: @schfess 50 50~ ptm sekarang tugas kelompoknya too much (mana seringnya kerja sendiri ), di sekolah nugas, di rumah pr '",ptm sekarang tugas kelompoknya much seringnya kerja  sekolah nugas rumah pr
2022-01-28 14:26:24+00:00,"@schfess sering banget beda pendapat, trus berasa beda kelas, bercircle, trus aku ngerasa kurang adil sih soalnya p https://t.co/iNASd9Wkvp'",sering banget beda pendapat berasa beda kelas bercircle aku ngerasa kurang adil soalnya
2022-01-28 14:23:23+00:00,"@schfess gamauu, pengennya ptm tp cuma 50%. kl 100% gakuat bgtt rasanya kelas tu penuhh sekolah penuhhh.'",gamau pengennya ptm  cuma kalau gakuat bangett rasanya kelas penuh sekolah penuh
2022-01-28 13:49:17+00:00,@schfess soalny ptm ny cm 50% doang klo 100% asik aja deh',soalnya ptm cuma doang kalau asik jadi deh
2022-01-28 13:47:49+00:00,APAKAH SENIN PTM AKAN 50% LAGI??  males',ptm lagi males
2022-01-28 13:45:56+00:00,sekolah gua masih 50% ptm tp sekolah lain udah di kasih surat buat pjj  dn skolah gw blm skolah gw udh kek tahu 'https://t.co/bGSiliXsV',sekolah gua ptm  sekolah lain udah  kasih surat buat pjj sekolah gue belum sekolah gue udah kayak tahu
2022-01-28 13:35:37+00:00,"gue mau cerita, KEMAREN KAN GUE 50% PTM. KABAR BAIK NYA ADALAH GUE UDAH MULAI BISA AKRA'SAMA TEMEN2 SE SESI GUEEE! https://t.co/EQ1bl5Jnbh'",gue mau cerita kemarin gue ptm kabar baik gue sudah mulai akrab sama temen se sesi gue
2022-01-28 13:19:04+00:00,Sebenernya lebih enakan PTM 100% gasi jadi sekalian capek??? Daripada PTM 50% terus pulang-pulang mesti sekolah lagi!????',sebenernya lebih enakan ptm jadi sekalian capek ptm pulangpulang mesti sekolah lagi
2022-01-28 13:08:48+00:00,"RT @john_parker26: @jokowi Pak anak sekolah sdh PTM 100%, mohon dipertimbangkan lagi buat PTM 50% dahulu, jangan menunggu di suatu sekolah '",anak sekolah sdah ptm mohon pe imbangkan lagi buat ptm dahulu jangan menunggu  suatu sekolah
2022-01-28 13:02:25+00:00,"RT @KSPgoid: ""Jika angka kasus di Jakarta semakin naik dan level PPKM jadi level 3, maka otomatis PTM dibatasi maksimal 50 persen. Tapi jik '",jika angka kasus  jadika a semakin naik level ppkm jadi level maka otomatis ptm batasi maksimal persen
2022-01-28 12:55:03+00:00,"btw sekolah gue emg belum ptm 100% masi 50% 50%, tp karena kemarin ada yg positif inimah gue yakin gabakal ptm 100% https://t.co/ncaDf8Wq45'",way sekolah gue emg belum ptm  karena kemarin ada positif inimah gue yakin gabakal ptm
2022-01-28 12:30:57+00:00,@schfess Awalnya pas mau ptm 100% gw ngeluh krn pasti bakal berisik dan gw udh nyaman 50-50. Tapi begitu dijalanin https://t.co/8ervqkSyPy',awalnya mau ptm gue ngeluh karena pasti bakal berisik gue udah nyaman begitu jadilanin
2022-01-28 12:29:34+00:00,@schfess ptm 50% tuh sepi bangeeet gue ga se sesi sama temen gueee\xf0\x9f\x98\xad ptm 100% rame banget kdg kalo nunggu jemputan t https://t.co/kg6fIxaMRq',ptm sepi banget gue se sesi sama temen gue ptm rame banget kalau nunggu jemputan
2022-01-28 12:24:01+00:00,"@schfess ngga , ptm 100% cuma seminggu , abis tu 50% lagi huhu'",ptm cuma abis lagi huhu
2022-01-28 12:22:42+00:00,"@jokowi Pak anak sekolah sdh PTM 100%, mohon dipertimbangkan lagi buat PTM 50% dahulu, jangan menunggu di suatu sek https://t.co/G01hwnbUc1'",anak sekolah sdah ptm mohon pe imbangkan lagi buat ptm dahulu jangan menunggu  suatu sekolah
2022-01-28 12:19:21+00:00,"@collegemenfess belum ada info resmi, tapi rumornya prodi sebelah bakalan pake sistem gilir gitu (50% ptm sampai ut https://t.co/47kaEi2ej1'",belum ada info resamai rumornya pro sebelah bakalan pake sistem gilir ptm sampai ut
2022-01-28 12:11:11+00:00,kalo ptm nya masih 50% terus mah mending pjj  https://t.co/QgJgD5SqSA',kalau ptm mah mending pjj
2022-01-28 12:08:05+00:00,"b""Bener kata tiara, kelas 12 bikin stress Ini juga masih ptm 50% Gimana kalo ptm full 100% coba:')""",bener kata tiara kelas stress ptm kalau ptm full coba
2022-01-28 12:06:07+00:00,"@convomfs aku yg biasanya 50% trs kmrn ada coba ptm 100% malah pusing nder, biasanya sepi krikkrik jd rame+berisik https://t.co/zEZymXN9YY'",aku biasanya terus kemarin ada coba ptm malah pusing nder biasanya sepi krikkrik jadi rameberisik
2022-01-28 12:01:50+00:00,pengen balik ptm 50% lagi tolongggg :((',pengen balik ptm lagi tolong
2022-01-28 11:56:48+00:00,@schfess 50% krna hmpir stngah tahun udh ptm jd udh menyesuaikan dirii sm sesi A ini',karena hampir setengah sudah ptm jadi udah menyesuaikan diri sama sesi
2022-01-28 11:54:20+00:00,"@schfess 50% ofc GUE JADI TERLIHAT OLEH GURU, SOALNYA KELASAN GUA BACOT BGT BABYCK BERISIK ORANG ORANGNYA CARI MUKA https://t.co/gU1qBWdHzm'",gue jadi terlihat oleh guru soalnya kelasan gua bacot banget babi berisik orangnya cari muka
2022-01-28 11:45:38+00:00,"@schfess PTM 100%, 50% bnr2 ga efektif mnrt gue'",ptm bener efektif menurut  gue
2022-01-28 11:11:51+00:00,"@schfess ptm (50%) enak karna materi bisa masuk ke otak, bisa interaksi langsung sama temen &amp; guru. pjj juga enak k https://t.co/tFkU0dBH4C'",ptm enak karna materi masuk otak interaksi langsung sama temen amp guru pjj enak
2022-01-28 11:11:41+00:00,"@schfess Adek aku jdi ptm 50% skrng krn tmnnya +.. masalahnya minggu +, senin - ,selasa orngnya sekolah.. gk kasian apa sama tmn2 yg lain?'",adek aku jadii ptm sekarang karena temannya masalahnya orngnya sekolah kasian sama teman lain
2022-01-28 11:08:42+00:00,"RT @kyawoocute: @schfess Menurut aku nggak, semenjak ptm tugas hampir berkurang 50% nan menurut aku, kaloe pjj 100% tugas terus karena eman '",menurut aku semenjak ptm tugas hampir berkurang menurut aku kalau pjj tugas karena aman
2022-01-28 10:53:45+00:00,"@schfess 50 50 si, ptm seru bgtt tp capeknya ituloh klo pjj capek bisa langsung tiduran'",ptm seru bangett  capeknya kalau pjj capek langsung tiduran
2022-01-28 10:52:19+00:00,"@schfess sejujurnya ngga, tp kl msh 50% gini terus juga capek. kl gurunya bisa bagi diri secara adil bagi yg ptm ma https://t.co/I9OahIiO6p'",sejujurnya kalau capek kalau gurunya bagi diri secara adil bagi ptm
2022-01-28 10:49:30+00:00,"@schfess ptm 100% biar bisa deket sama semua tmn di kelas, kalo 50% kan di bagi 2 sesi jadii ga kenal aja gitu cang https://t.co/rzlXVRAh8q'",ptm biar deket sama semua teman kelas kalau bagi sesi jadi kenal jadi canggung
2022-01-28 10:39:23+00:00,@schfess PTM tapi tidak 100% maunya cuman 50% supaya lebih dekat dulu sama teman - teman baru yang ikut PTM',ptm maunya cuma supaya lebih dekat sama teman teman ikut ptm
2022-01-28 10:31:47+00:00,"@schfess pengen ga pengen, gue maunya 50% kaya kemaren2. soalnya semenjak ptm 100% tugas kelompok gue makin ngadi2 https://t.co/q9yTFPNLkc'",pengen pengen gue maunya kaya kemarin soalnya semenjadik ptm tugas kelompok gue makin nga
2022-01-28 10:19:36+00:00,"@schfess 100% persen soalnya temen gua di sesi satu semua dan gua di sesi dua, terus klo ptm 50% kek gaenak jauh jauhan bener duduknya'",persen soalnya temen gua  sesi semua gua  sesi dua kalau ptm kayak gaenak jadiuh jadiuhan bener duduknya
2022-01-28 10:18:37+00:00,@schfess buatku lebih enak 50% ptm',buatku lebih enak ptm
2022-01-28 10:17:50+00:00,"@schfess Sama kayak sekolahku, walau masih ptm 50% ada yang positif. Malah sekolahku rencananya mau ptm 100% minggu depan'",sama kayak sekolahku walau ptm ada positif malah sekolahku rencananya mau ptm depan
2022-01-28 10:00:01+00:00,@schfess Ptm 50%  Gua ga sanggup kyknya kalo ptm 100%',ptm gua sanggup kyknya kalau ptm
2022-01-28 09:58:31+00:00,sedih bgt masa ptm nya 50% lagi :((((((',sedih banget masa ptm lagi
2022-01-28 09:56:50+00:00,@schfess Wkwkwkw gak sih pengen ptm 50% lagi aja',wkwk pengen ptm lagi jadi
2022-01-28 09:51:41+00:00,@schfess Ternyata ada untungnya juga ptm 50% tiap hari jadi ikut takut kalo ptm 100%',ternyata ada untungnya ptm tiap jadi ikut takut kalau ptm
2022-01-28 09:46:49+00:00,"@schfess 100% PTM, kalo 50% PTM tu penyampaian materinya ngga sama rata, ini dikelas gue sendiri aja udah ngerasain https://t.co/JBDKopzxxh'",ptm kalau ptm penyampaian materinya sama rata kelas gue  jadi udah ngerasain
2022-01-28 09:45:43+00:00,@schfess Enakan 100% jelass.. ptm 50% yang di rumah kaya orang dongo :)',enakan jelas ptm  rumah kaya dongo
2022-01-28 09:40:56+00:00,"@schfess gamau, maunya sih 50% aja soalnya lebih bisa fokus. Anak anak kls gua pas ptm 100% berisik banget sampe gu https://t.co/KLuePJhKYh'",gamau maunya jadi soalnya lebih fokus anak anak kelas gua ptm berisik banget sampai guru marah
2022-01-28 09:35:12+00:00,"Yashhhhh, mingdep PTM masih 50%, alhamdulillah  '",yeah ptm alhamdulillah
2022-01-28 09:32:21+00:00,@schfess Ga tapi pengen ptm nya 50% aja Jadi tetep ada 2 sesi engga di gabung 6',pengen ptm aja jadi tetep ada sesi  gabung
2022-01-28 09:31:44+00:00,bisa gasih ptm 50% ajhhhh',gasih ptm aja
2022-01-28 09:23:53+00:00,"@schfess Mungkin aku 50%, tugas ptm 100% ga ngotak parah'",mungkin aku tugas ptm ngotak parah
2022-01-28 08:47:34+00:00,@schfess sama nder tp ak ptm nyamasih 50%',sama nder aku ptm nyaman
2022-01-28 08:05:21+00:00,"@schfess ptm 50%, krn g rame &amp; lebih mudah ngerti materinya'",ptm karena rame lebih mudah ngerti materinya
2022-01-28 07:40:00+00:00,Persatuan Guru Republik Indonesia mendesak pemerintah mengambil langkah bijak terkait merebaknya Covid-19 varian Om https://t.co/rGhhlal8VH',persatuan guru republik indonesia mendesak pemerintah mengambil langkah bijadik terkait merebaknya covid varian om
2022-01-28 07:25:02+00:00,"Pemerintah Kota Depok mengajukan surat kepada menteri pendidikan agar PTM 100 persen kembali dievaluasi, dan dikem'https://t.co/y0oIrNZeUV'",pemerintah kota depok mengajukan surat kepada menteri penkan agar ptm persen kembali evaluasi kem
2022-01-28 06:10:42+00:00,"Kasus Covid-19 Melonjak, PTM di Kabupaten Purwakarta Kembali 50 Persen https://t.co/37KtX9WSUE'",kasus covid melonjadik ptm  kabupaten purwaka a kembali persen
2022-01-28 05:45:27+00:00,"@subschfess Udah pas semester 1 ptm 50%. Btw semangatt sender, semoga nilainya memuaskan'",udah semester ptm way semangatt sender semoga nilainya memuaskan
2022-01-28 05:44:05+00:00,"@schfess Waktu ptm 50% sering deg degan tapi setelah ptm 100% jadi nggak, paling kadang males aja kalo ada mapel yg https://t.co/HglsmAqRNM'",ptm sering deg degan setelah ptm jadi paling kadang males jadi kalau ada matapelajaran
2022-01-28 05:32:48+00:00,"@schfess sekolahku masih ptm 50%, itupun ga wajib.. boleh ptm boleh ngga, tapi byk yg milih gak ptm jadi yaagitu:"") takuutt banget sih...'",sekolahku ptm wajib boleh ptm boleh banyak milih ptm jadi yaagitu takuutt banget
2022-01-28 04:54:36+00:00,berat badan gue biasanya tuh 49/50 dan sebenernya i felt very confident dengan b'segitu. badan gue bagus i know th https://t.co/4bACklR65m',berat badan gue biasanya sebenernya felt confident bsegitu badan gue bagus know th
2022-01-28 04:18:14+00:00,@SQOURG1FY sama bgtt beberapa sekolah nerapin 100% pasti ada aja yg kena dan kebijakan beberapa sekolah langsung pt https://t.co/FhBzN3Zsh',sama bgtt beberapa sekolah nerapin pasti ada jadi kena kebijadikan beberapa sekolah langsung pt
2022-01-28 04:14:27+00:00,Udah melakukan daring buat anak2 seminggu ini walau sekolah memaksakan PTM 100% (setelah sebelumnya komitmen sekola https://t.co/HFNlIyzDew',udah melakukan daring buat anak walau sekolah memaksakan ptm setelah sebelumnya komitmen sekola
2022-01-28 03:05:36+00:00,@schfess 50% nihh masih ptm tapi juga pjj',nihh ptm pjj
2022-01-28 03:00:58+00:00,@bingiung yadongg ptm masih 50% jadi lebih cpet pulangnya yhahhaa iri gk loe',yadongg ptm jadi lebih cpet pulangnya yhahhaa iri loe
2022-01-28 02:55:45+00:00,@tjapoenglaut @nadiemmakarim Anakku PTM baru 50% capt. Hari ini online dari rumah',anakku ptm capt online dari rumah
2022-01-28 02:18:14+00:00,"@Benedictuswinn1 @muhammadariel_r @CNNIndonesia Menurut saya, jangan hentikan ptm 100 persen. AKAN TETAPI, pemda di https://t.co/7xbRrZETf8'",menurut saya jangan hentikan ptm persen tetapi pemda 
2022-01-28 01:46:10+00:00,"@drpriono1 dgn makin melonjaknya kasus harian akibat varian Omicron, ditambah dgn subvarian baru ini, akan lbh baik https://t.co/px0MuvOMaG'",makin melonjadiknya kasus harian akibat varian omicron tambah subvarian lbh baik
2022-01-27 23:51:54+00:00,"RT @hariankompas: Kurang dari sebulan PTM 100 persen diadakan, banyak sekolah ditutup akibat kasus penularan. Perhimpunan Pendidikan dan Gu '",  kurang dari sebulan ptm persen adakan banyak sekolah tutup akibat kasus penularan perhimpunan penkan gu
2022-01-27 23:45:00+00:00,"Kurang dari sebulan PTM 100 persen diadakan, banyak sekolah ditutup akibat kasus penularan. Perhimpunan Pendidikan https://t.co/q8CgO4UiKw'",kurang dari sebulan ptm persen adakan banyak sekolah tutup akibat kasus penularan perhimpunan penkan
2022-01-27 23:32:28+00:00,"@tsetiady Ya itulah, selama status pandemi blm dicabut seharusnya sekolah PTM tetap 50%, kembalikan keputusan pd ma https://t.co/cDN0DLYAGP'",itulah selama status pandemi belum cabut seharusnya sekolah ptm tetap kembalikan keputusan pd
2022-01-27 22:04:20+00:00,@schfess ptm dan pjj wkwkwk alias ptmt 50% lagi',ptm pjj wkwkwk alias ptmt lagi
2022-01-27 20:45:58+00:00,"RT @kumparan: Jadi seingat saya ya kalau kasusnya naik, PPKM-nya naik, dia harus turun dari 100 ke 50 persen. Kalau dia naik lagi, turun l '",  jadi seingat saya kalau kasusnya naik ppkmnya naik turun dari persen kalau naik lagi turun
2022-01-27 20:38:33+00:00,"Jadi seingat saya ya kalau kasusnya naik, PPKM-nya naik, dia harus turun dari 100 ke 50 persen. Kalau dia naik lag https://t.co/cdFcweO0sy'",jadi seingat saya kalau kasusnya naik ppkmnya naik turun dari persen kalau naik lag
2022-01-27 16:23:36+00:00,"Kenapa beberapa daerah langsung berani PTM 100% dah, daerah gw masih 50% anjr'",beberapa daerah langsung berani ptm dah daerah gue anjr
2022-01-27 15:48:33+00:00,"@subschfess Sedih ga sih aku hampir 2 tahun SMA sekolah full siswa sama guru cuma sehari, itupun bersih-bersih kela https://t.co/hKO7tT8U4V'",seh aku hampir samaa sekolah full siswa sama guru cuma sehari bersihbersih kela
2022-01-27 15:25:28+00:00,"pjj, ptm oke kalo 50% https://t.co/JjTNthcf0u'",pjj ptm oke kalau
2022-01-27 15:03:19+00:00,Jujur PJJ lebih efektif. PTM 50% aja ga efektif apalagi 100% https://t.co/0Zhq1J9i1Q',jujur pjj lebih efektif ptm jadi efektif
2022-01-27 15:00:53+00:00,"RT @KompasTV: Menkes Budi Gunadi: Kalau Kasusnya Naik, PTM 100 Persen Harus Turun Jadi 50 https://t.co/tmK6nfRGX2 https://t.co/FsPrBCau99'",  menkes bu guna kalau kasusnya naik ptm persen turun jadi
2022-01-27 14:49:02+00:00,"RT @KompasTV: Menkes Budi Gunadi: Kalau Kasusnya Naik, PTM 100 Persen Harus Turun Jadi 50 https://t.co/tmK6nfRGX2 https://t.co/FsPrBCau99'",  menkes bu guna kalau kasusnya naik ptm persen turun jadi
2022-01-27 14:44:36+00:00,"RT @KompasTV: Menkes Budi Gunadi: Kalau Kasusnya Naik, PTM 100 Persen Harus Turun Jadi 50 https://t.co/tmK6nfRGX2 https://t.co/FsPrBCau99'",  menkes bu guna kalau kasusnya naik ptm persen turun jadi
2022-01-27 14:43:05+00:00,"Menkes Budi Gunadi: Kalau Kasusnya Naik, PTM 100 Persen Harus Turun Jadi 50 https://t.co/tmK6nfRGX2 https://t.co/FsPrBCau99'",menkes bu guna kalau kasusnya naik ptm persen turun jadi
2022-01-27 13:48:45+00:00,"Saran yg sangat baik dr Perhimpunan Pendidikan dan Guru (P2G), yg berada di ujung tombak pendidikan Semoga Gubern https://t.co/hR5I477QJR'",saran sangat baik dari perhimpunan penkan guru pg berada  ujung tombak penkan semoga gubern
2022-01-27 13:44:21+00:00,"seharian ini isinya sambat mulu ttg tugas sekolah. tapi emang secapek itu. tadi pulang ptm jam 11.15, lanjut kerja https://t.co/rddeWWXRlX'",seharian isinya sambat mulu ttg tugas sekolah emang secapek pulang ptm jam lanjut kerjadi
2022-01-27 13:37:01+00:00,"ahh shit binder catetan mtk gue ketinggalan di laci kelas, mana bsk pas ngga ke sekolah lagi gegara balik lagi ptm nya 50%'",ahh shit binder catetan mtk gue ketinggalan  laci kelas bsk sekolah lagi gegara balik lagi ptm
2022-01-27 13:13:05+00:00,"@kompascom Hhmmm...\xf0\x9f\xa4\x94  Yth, Pak .@BudiGSadikin  .@KemenkesRI  Prof .@ProfesorZubairi  PTM siswa2 di Pekanbaru : SMP, https://t.co/TfUieA5VCl'",hhmmmxfxfxax yth prof ptm siswa  pekanbaru samap
2022-01-27 12:44:39+00:00,"@Dokyeomiinee kayaknya ga otomatis diliburin dehh, tetep ptm 50% gitu :(( soalnya tempetku gituu :( stay safe ya waa!!!'",kayaknya otomatis liburin dehh tetep ptm soalnya tempetku gituu stay safe waa
2022-01-27 12:14:47+00:00,"@dirgarambe No 2 susah dihindari Dok. Bekasi PTM 100%, dan masih WFO 50%.'",susah hindari dok bekasi ptm wfo
2022-01-27 12:08:23+00:00,RT @irasjafii: @PerkasaHabsyah Sebagai ibuk2 yg suka memantau kepatuhan prokes di sekolah  dan juga dulu aktif memantau kedisiplinan nakes ',  sebagai ibuk suka memantau kepatuhan prokes  sekolah aktif memantau kesiplinan nakes
2022-01-27 12:08:00+00:00,@PerkasaHabsyah Sebagai ibuk2 yg suka memantau kepatuhan prokes di sekolah  dan juga dulu aktif memantau kedisiplin https://t.co/IHyhDiXc3V',sebagai ibuk suka memantau kepatuhan prokes  sekolah aktif memantau kesiplin
2022-01-27 12:07:30+00:00,"Tiga Siswa Terpapar Covid-19, PTM Turun 50 Persen https://t.co/6Odih700P8 via @radarjogja'",tiga siswa terpapar covid ptm turun persen via
2022-01-27 11:20:16+00:00,stress ptm mau back 50%',stress ptm mau back
2022-01-27 11:11:37+00:00,@convomf Jangan sampe minimal mah 50% PTM sisanya pjj jangan terus terusan pjj anjir',jangan sampai minimal mah ptm sisanya pjj jangan terusan pjj anjir
2022-01-27 10:52:04+00:00,@schfess gaada nder aku masih ptm 50%',gaada nder aku ptm
2022-01-27 09:47:01+00:00,"Kasus Covid-19 Kembali Melonjak, Asosiasi Guru Desak PTM Cukup 50 Persen https://t.co/eHVk6x5VbV'",kasus covid kembali melonjadik asosiasi guru desak ptm cukup persen
2022-01-27 09:36:55+00:00,"90 Sekolah Ditutup karena Covid-19, P2G Mendesak Anies PTM 50 Persen https://t.co/5NNps47M0z'",sekolah tutup karena covid pg mendesak anies ptm persen
2022-01-27 09:32:40+00:00,"Kasus Naik, Asosiasi Guru Desak PTM 50 Persen https://t.co/R79nSB5Lwx'",kasus naik asosiasi guru desak ptm persen
2022-01-27 06:51:54+00:00,@__Sridiana_3va Daerah mana sich...klo cilacap jateng ptm 50% dan di bagi dua sift masuknya',srianava daerah sichkalau cilacap jaditeng ptm  bagi dua sift masuknya
2022-01-27 05:48:53+00:00,@txtdrimedia PTM 50% jd baru masuk sdikit muridnaa wkwkwkwkk @nadiarastafary @dyahdewaayu @crowdinthespace',ptm jadi masuk sakit muridnya wkwkk
2022-01-27 04:04:32+00:00,"gue uda gila, ini gue gila banget, gue butuh pjj. atau ptm 50% tapi absen 1-19, 20-37 gue udah ga tahan dengan sega https://t.co/iV5ZhUTzyv'",gue uda gila gue gila banget gue butuh pjj atau ptm absen gue udah tahan sega
2022-01-27 04:04:13+00:00,"Sejak anak sekolahan full ptm, kerasa bangeeeettt capeknya pp sda - sby krn jalanan bener2 macet tiap pagi. Yang bi https://t.co/DPOPYWgCBX'",sejak anak sekolahan full ptm kerasa bangettt capeknya pp sda sby karena jalanan bener macet tiap pagi
2022-01-27 03:51:14+00:00,@choisantay Iya aku juga denger antara ga ada PTM atau ga PTM 50%',iya aku denger antara ada ptm atau ptm
2022-01-27 03:44:16+00:00,"@drpriono1 @nadiemmakarim tapi apakah TIMING-nya tepat ?  di tengah melonjaknya kasus harian Covid-19, PTM dipaksak https://t.co/81Keg4WrgI'",apakah timingnya tepat  tengah melonjadiknya kasus harian covid ptm paksakan
2022-01-27 02:51:53+00:00,@mawardinurullah @ProfesorZubairi liat dulu dilapangan pelaksanaan aslinya kyk gmn.. tiap hari balik sklh ruwet kyk https://t.co/MGm30lBZUr',liat lapangan pelaksanaan aslinya kayak tiap balik sekolah ruwet kayak
2022-01-27 02:43:16+00:00,"@woochyze ptm tapi 100%, soalnya kalo 50 doang flop'",ptm soalnya kalau doang flop
2022-01-27 02:01:17+00:00,@AmamiMichiChan @schfess sama banget udah PTM 100% sekarang PJJ dan PTM 50%',sama banget udah ptm sekarang pjj ptm
2022-01-27 00:50:15+00:00,"@notsamwitiwicky @atjandrasa @ProfesorZubairi Btw sebelum PTM 50:50, wali murid disurvey mau daring atau luring, da https://t.co/mMW8Buzy7g'",way sebelum ptm wali murid survey mau daring atau luring da
2022-01-27 00:35:27+00:00,sekolah rin balik ke 50% ptm gegara ada yg c word. trs hari ini rin milih buat ga masuk sekolah krn takut e',sekolah rin balik ptm gegara ada word terus rin milih buat masuk sekolah karena takut
2022-01-26 22:50:06+00:00,"@subschfess Kami minggu lalu udh  Tapi gegara kabupaten kami level 2 Omicron , jadinya kami dibuat PTM 50%'",lalu udah gegara kabupaten level omicron jadinya buat ptm
2022-01-26 22:03:21+00:00,ptm jdi 50% jngn bilang gw duduk jdi di depan',ptm jadii jngn gue duduk jadii  depan
2022-01-26 20:36:15+00:00,@shashitsu Kalau gitu balik lagi ke kebijakan masing-masing sekolah. Sekolahku menetapkan selama semester 1 kemaren https://t.co/MJkboJvqDE',kalau balik lagi kebijadikan masingmasing sekolah sekolahku menetapkan selama semester kemarin
2022-01-26 18:17:34+00:00,mulai mencium aroma aroma ptm 50% nih',mulai mencium aroma aroma ptm
2022-01-26 18:14:20+00:00,"@schfess aku 50:50 sih. masing2 ada kurlebnya. pjj alu jenuh, tp enak jd lebih ga cape fisik. ptm asik ktmu tmn2, 'https://t.co/tCqWP8Jdt0'",aku masing ada kurang lebihnya pjj aku jenuh enak jadi lebih cape fisik ptm asik ketemu teman
2022-01-26 16:29:06+00:00,"@schfess males, ngotorin seragam, buang bensin, soalnya pas hari itu tuh cmn pensi doang gt jd ya ngapain mending d https://t.co/erKhWBafie'",males ngotorin seragam buang bensin soalnya cmn pensi doang jadi mending
2022-01-26 16:11:05+00:00,ptm 50% mending kl ada ulhar online semua aja',ptm mending kalau ada ulhar online semua jadi
2022-01-26 15:51:15+00:00,@schfess PTM 50% nder. Kelas 10 sama 11 gantian masuknya per Minggu udah gitu dibagi dua sesi selang seling sehari https://t.co/yXhqxLI279',ptm nder kelas sama gantian masuknya per udah bagi dua sesi selang seling sehari
2022-01-26 15:37:57+00:00,jujurrr lebih suka ptm yang 50% tapiii temen gueee bedaa sesiii dan gue gapunya temen lg di sesi yg sama kaya gueee',jujur lebih suka ptm tapi temen gue beda sesi gue gapunya temen lagi  sesi sama kaya gue
2022-01-26 15:26:25+00:00,besok pengen ijin bleh gak ya tapo ptm udah 50% aku gadapet duit tiap hari lg tapi serius lg period ga enakkk bange https://t.co/EahXHhP1M',besok pengen ijin bleh tapo ptm udah aku gadapet duit tiap lagi serius lagi period enak banget
2022-01-26 15:10:20+00:00,"sch! sender 50% pengen pjj, tapi 50% pengen ptm'",sender pengen pjj pengen ptm
2022-01-26 15:08:09+00:00,"b""balik ptm 50% lg krn ada yg + :')""",balik ptm lagi karena ada
2022-01-26 14:55:29+00:00,drpd 50% ptm mending 100% pjj',ptm mending pjj
2022-01-26 14:45:03+00:00,  sekolah sender mau balik ptm 50% lagi huhu padahal udah enak full :(',sekolah sender mau balik ptm lagi huhu udah enak full
2022-01-26 14:40:00+00:00,"""Itu kami evaluasi. Ketentuannya kalau di level 3 baru 50%,"" katanya di Balai Kota DKI Jakarta, Rabu (26/1).  Sumbe https://t.co/13J1mpOBnm'",evaluasi ketentuannya kalau  level katanya  balai kota dki jadika a sumbe
2022-01-26 14:38:30+00:00,bsk ptm 50% lagi tp kok ak galaux LAGIAN KPN JD BANYAK YG POSITIF SIH ELAH',bsk ptm lagi  ak galaux lagian kpn jadi banyak positif elah
2022-01-26 14:30:07+00:00,@schfess ga ada temen sebangku krn masih ptm 50%',ada temen sebangku karena ptm
2022-01-26 14:06:39+00:00,@e100ss kenapa yg kuliah masih ptm terbatas 50/50 sedangkan tingkatan PAUD dan TK yg jelas ngatur diri nya sendiri https://t.co/UimAPz8MJo',kuliah ptm terbatas sedangkan tingkatan paud tk jelas ngatur ri 
2022-01-26 12:51:32+00:00,untuk anak-anak sekolah di Jakarta yg rada khawatir karena masih PTM full 100% (atau 50%) padahal kasus covid lagi https://t.co/zydX5a1IH6',anak anak sekolah jakarta rada khawatir karena ptm full kasus covid lagi
2022-01-26 12:27:27+00:00,"50/50 deh, suka ptm karna ketemu crush, pjj karna seru di rumah belajar https://t.co/33pfri2TlZ'",deh suka ptm karna ketemu crush pjj karna seru  rumah beljadir
2022-01-26 12:10:10+00:00,@aniesbaswedan assalamualaikum sehubungan dengan naik nya angka covid di DKI apakah masih layak PTM 100% sementara https://t.co/23bseWGB2f',assalamualaikum sehubungan naik angka covid  dki apakah layak ptm sementara
2022-01-26 12:09:34+00:00,"@TirtoID Ngajar 50% gini sumpah capek banget. Wes mending 100%. Entah semua PJJ atau semua PTM, asal jangan separoh2'",ngajadir sumpah capek banget wes mending entah semua pjj atau semua ptm asal jangan separoh
2022-01-26 12:07:13+00:00,"@DKIJakarta Trus bagaimana dengan PTM..? kasus udh tambah begini ko PTM masih di lanjutkan..kasian lah anak"" sement https://t.co/SlC1GkLtvv'",terus ptm kasus udah tambah begini ko ptm  lanjutkankasian anak sement
2022-01-26 12:02:34+00:00,@newsplatter Kl ga distop..minimal jadi ptm 50% lah....',kalau stopminimal jadi ptm
2022-01-26 11:09:23+00:00,besok gua ptm 50% lg anjir menggabut',besok gua ptm lagi anjir menggabut
2022-01-26 10:59:44+00:00,"Sch!  GUYSS doain daerah ku tetap safe yaa, biar sekolahku tetep jalann walau cuma 50% 50%, yg penting tetep PTM!!! https://t.co/sWyF9qjDUk'", guyss doain daerah tetap safe yaa biar sekolahku tetep jadilann walau cuma penting tetep ptm
2022-01-26 10:56:02+00:00,@schfess ptm tapi 100%  50% ga asikkk',ptm asik
2022-01-26 10:11:23+00:00,"Bekasi ketularan sih kayanya nanti.. br 2 minggu ptm, msh 50% pula, udh disuruh bdr lg aja krn ada guru yg positip https://t.co/nPgRm9LBHe'",bekasi ketularan kayanya nanti ptm pula sudah suruh belajar dari rumah lagi jadi karena ada guru positif
2022-01-26 09:52:31+00:00,"""Ketentuannya kalau (PPKM) di level 3, baru PTM bisa kami turunkan jadi 50 persen,"" kata Riza.   https://t.co/ASf0Aga5hH'",ketentuannya kalau ppkm  level ptm turunkan jadi persen kata riza
2022-01-26 06:56:29+00:00,"@schfess PTM tapi 50% soalnya kalo 100% menurutku ga kondusif banget, kelasku tu bener-bener serame itu'",ptm soalnya kalau menurutku kondusif banget kelasku benerbener serame
2022-01-26 04:15:18+00:00,"kalau ptm kmrn sih cepet gegara 1 matkul doang, trs yg dijadiin ptm cuma 2sks, 2sksnya lg yg sisa tetep daring  tp https://t.co/5s5XhofOOw'",kalau ptm kemarin cepet gegara mata kuliah doang terus jadiin ptm cuma sks sksnya lagi sisa tetep daring 
2022-01-26 03:05:33+00:00,"@schfess pjj, kmrn ptm masih 50% masih enak, skrg 100% gaenak cape'",pjj kemarin ptm enak sekarang gaenak cape
2022-01-26 02:32:16+00:00,"RT @ferdymad: @aik_arif PTM 50% jg menjadi resiko penyebaran Omicron.., dan anak2 kita yg terdampak'",ptm menjadi resiko penyebaran omicron anak terdampak
2022-01-26 02:24:19+00:00,alias gue udah pewe banget sama ptm 50%',alias gue udah pewe banget sama ptm
2022-01-26 02:11:27+00:00,LAH katanya mau ptm 50% lagi awokwkwkkw ngabrut!! ngakak brutallll',katanya mau ptm lagi wkwk ngabrut ngakak brutal
2022-01-26 01:50:47+00:00,"@fulllsun0_0 yah, emang udah bener ptm 50% deh drpd 100% tp ujung ujungnya bakal pjj semua lagi'",emang udah bener ptm deh  ujung ujungnya bakal pjj semua lagi
2022-01-26 01:46:33+00:00,"@satorvx oiya gw soalnya lgi skolah onlen, ini klian udh ptm 100% atau ptm 50%?'",oiya gue soalnya lgi sekolah onlen klian udah ptm atau ptm
2022-01-26 01:45:05+00:00,"@asaM1CC Udh ptm, tapi baru 50% jdi kaya seminggu ptm seminggu pjj gituu'",udah ptm jadii kaya ptm pjj gituu
2022-01-26 01:26:49+00:00,"@jihoonsay PJJ. Kalo PTM minusnya terlalu banyak tugas sampe kelimpungan, tapi plusnya jadi lebih rajin sih. Kalo P https://t.co/IBNDCl6s8k'",pjj kalau ptm minusnya terlalu banyak tugas sampai kelimpungan plusnya jadi lebih rajin kalau
2022-01-25 23:31:37+00:00,"@kabjagiband kayaknya ga semua deh.. mungkin pas awal awal, terus ketika ada siswa yang kena c word jadi pjj lagi atau ptm 50%'",kayaknya semua deh mungkin awal awal ketika ada siswa kena word jadi pjj lagi atau ptm
2022-01-25 23:26:36+00:00,"sch! Sekolah sender mulai bsk PTM nya 50% lagi, sedih bgt padahal lebih asik PTM '",sekolah sender mulai besok ptm lagi sedih banget lebih asik ptm
2022-01-25 16:55:52+00:00,"@schfess SEKOLAHKU MALAH PTM IH, asalnya 50 skrg jadi 100'",sekolahku malah ptm ih asalnya sekarng jadi
2022-01-25 16:08:24+00:00,ya allah baru sehari ptm 50% tau tau kakel gue positip 3 orang',allah sehari ptm tau tau kakel gue positif
2022-01-25 16:08:10+00:00,@schfess aku justru mau ptm terus aja tapi sekolahku masih ptm 50%. soalnya aku tipe yg bakal rajin kalo liat langs https://t.co/bxa8coDBED',aku justru mau ptm jadi sekolahku ptm soalnya aku tipe bakal rajin kalau liat langsung
2022-01-25 15:55:06+00:00,"@schfess masih pjj malah, ptm juga masih 50%, semoga jangan 100% dulu deh'",pjj malah ptm semoga jangan deh
2022-01-25 15:03:02+00:00,jujur gue tambah stres ptm 50% ga jelas gini',jujur gue tambah stres ptm jelas
2022-01-25 14:54:37+00:00,"@schfess baru jalan 2 hari sih, masih fine fine aja soalnya masih 4 jam an doang. tugasnya udah mulai ke tolong, ud https://t.co/Ej4kvNh6hE'",jadilan fine fine jadi soalnya jam doang tugasnya udah mulai tolong ud
2022-01-25 14:52:27+00:00,@schfess Ptm 100% tp kalau keadaan g memungkinkan mending daring sekalian daripada 50% :(',ptm  kalau keadaan memungkinkan mending daring sekalian
2022-01-25 14:51:13+00:00,@schfess 50%.... jujur semisal sekolah aku udah ngadain ptm 100% aku takut banget.... mana protokol udah mulai kend https://t.co/uVKLWI6Ru1',jujur semisal sekolah aku udah ngadain ptm aku takut banget protokol sudah mulai kendali
2022-01-25 13:33:30+00:00,"Besok ptm 100%?? hadeh 50% aja aku dh tertekan, gimana kalo 100%'",besok ptm hadeh jadi aku dah terekan kalau
2022-01-25 13:19:14+00:00,@schfess Kemarin dikabarin ptm 50% hari ini dikabarin pjj 100%',kemarin kabarin ptm kabarin pjj
2022-01-25 13:16:34+00:00,sch! Sedih besok sekolah 50% lagi padahal udah seneng 100% ptm https://t.co/HMOkdajZbG',sedih besok sekolah lagi udah seneng ptm
2022-01-25 12:59:18+00:00,"Daripada PJJ lagi mending PTM tapi 50% terus dikasih jeda setiap sesi 1 minggu, soalnya kalo balik PJJ 100% nilai g https://t.co/cyh38HJzO8'",pjj lagi mending ptm kasih jeda setiap sesi soalnya kalau balik pjj nilai
2022-01-25 12:18:15+00:00,jgn ptm 50% dong aku gabetah dirumah',jangan ptm dong aku gabetah rumah
2022-01-25 11:54:40+00:00,Vaksin dosis 2 harus tercapai sekitar 80% bagi guru dan tenaga pendidikan lainnya. Dan 50% bagi masyarakat lain.  J https://t.co/FcaBcO9Rbg',vaksin dosis tercapai sedikitar bagi guru tenaga penkan lainnya bagi masyarakat lain
2022-01-25 11:48:49+00:00,"@stuwithdy wahh padet bangetaku yang baru ptm 50% aja udah capee huhu, semangat kamuu'",wah padat bangetaaku ptm jadi udah cape huhu semangat
2022-01-25 11:34:40+00:00,"@ninoriano Gantian WFH seminggu sekali (50%). Eh, sekarang total karena suite sebelah ada yang positif... bocah jug https://t.co/u12WNTXuXx'",gantian wfh sekali eh sekarang total karena suite sebelah ada positif bocah
2022-01-25 10:56:23+00:00,kapan ptm 100% njirrrr?? udah agak ga tahan kalo 50% terus',ptm njir udah agak tahan kalau
2022-01-25 10:46:14+00:00,"@subschfess kalo di sklh aku udh ptm full nder tapi buat yg kelas 12 doang, 10 sama 11 masih 50%'",kalau  sklh aku udah ptm full nder buat kelas doang sama
2022-01-25 10:25:47+00:00,AHHH ANJJRRR MALES BANGET PTM 50%',ahhh anjing males banget ptm
2022-01-25 09:55:19+00:00,"@schfess kangen, TP ENAKAN PTM 50%'",kangen  enakan ptm
2022-01-25 09:43:24+00:00,@sug4rxicetea sekolahku balik lagi ke ptm 50% kesel banget :(',sekolahku balik lagi ptm kesel banget
2022-01-25 08:56:48+00:00,"JUJURLY GASIAP PTM 50% KRNNN GBS KETEMU ARIP, PPUPUTTTT AAAA AKU GABISA LENDOTAN KE PUPUT LAGI GABISA NGAKAK NGAKAK AMA ARIP LAGI'",jujur gasiap ptm karenann gbs ketemu arif puput aaaa aku gabisa lendotan puput lagi gabisa ngakak ngakak sama arif lagi
2022-01-25 08:27:57+00:00,"@subschfess Lah kan udah pada di vaksin toh? Saran yg klise sih, tapi ya selama mereka taat prokes pasti aman2 aja. https://t.co/d97UE1f7Zt'",udah  vaksin toh saran klise selama taat prokes pasti aman jadi
2022-01-25 08:11:14+00:00,Sekolah gw mau balik ke ptm 50% lagi,sekolah gue mau balik ptm lagi
2022-01-25 06:03:03+00:00,"mending ptm please... aku ptm baru 50% sih di sekolah, tapi asli jangan sampe online lagi semangat belajar aku 'https://t.co/Wp90GDWrfK'",mending ptm please aku ptm  sekolah asli jangan sampai online lagi semangat beljadir aku
2022-01-25 06:00:01+00:00,yah mau 50% ptm lagi :(  padahal udah nyaman 100% ptm hufftt',mau ptm lagi udah nyaman ptm hufftt
2022-01-25 05:46:41+00:00,mana ini kan msih ptm 50% :D PULANGNYA PADA JAM 1 LAGI AH ELAH',msih ptm pulangnya jam lagi ah elah
2022-01-25 05:41:16+00:00,"ga berharap pjj, tapi ptm 50% lagi bisa g siex https://t.co/MATsfcWXjZ'",berharap pjj ptm lagi
2022-01-25 03:32:15+00:00,Kembalikan PTM 50%',kembalikan ptm
2022-01-25 03:29:54+00:00,"@loveliuest Samaa, sekolahku juga masih 50% ptm nya'",sama sekolahku ptm
2022-01-25 03:28:16+00:00,"@kilangambis 50/50 sih kalo akuu udah nyaman pjj , cuma materi lebih ngerti kalo ptm  kl km gimanaa kil?'",kalau akuu udah nyaman pjj cuma materi lebih nge i kalau ptm kalau km gimanaa kil
2022-01-25 03:26:21+00:00,@convomf aku malah pengen ptm 100% soalnya bestie ku di sesi 1 :( aku ptm 50% malah diem dieman',aku malah pengen ptm soalnya bestie  sesi aku ptm malah em eman
2022-01-25 03:25:02+00:00,"  pengen ptm 50% lagi pls, kelas brisik banget'",pengen ptm lagi pls kelas brisik banget
2022-01-25 02:47:00+00:00,"@snwkasep bener juga, tapi kalo ptm 50% bisa lah ya'",bener kalau ptm
2022-01-25 02:05:58+00:00,"@schfess jujur kalo pjj 100% bakal enak si, teratur gt loh. soalnya di sekolahku masih 50% pjj 50% ptm. kadang ada https://t.co/RO1KTdymeX'",jujur kalau pjj bakal enak teratur soalnya sekolahku pjj ptm kadang ada
2022-01-24 23:41:16+00:00,@schfess 50% cocok banget buat aku yang dikit dikit rasanya mau bolos. tapi 50% malah bikin aku tambah capek soalny https://t.co/iXOIKX9y0t',cocok banget buat aku dikit dikit rasanya mau bolos malah aku tambah capek soalnya
2022-01-24 23:38:12+00:00,"sumpah kalo ptm gua bangunnya jam 4.50 :"") untung pjj'",sumpah kalau ptm gua bangunnya jam untung pjj
2022-01-24 14:26:45+00:00,pls ptm 50% lagi',pls ptm lagi
2022-01-24 13:42:57+00:00,@alsunsky Iya T_T padahal baru ptm 50% 2 minggu rasanya capek banget',iya ptm rasanya capek banget
2022-01-24 11:34:14+00:00,"@subschfess skola sy dah ad yg kena, minggu kmrn dah pjj, minggu ini ptm jd 50% lagi ga 100% sampe seterusnya :""('",sekolah saya dah ada kena kemarin dah pjj ptm jadi lagi sampai seterusnya
2022-01-24 11:09:24+00:00,"@subschfess Ga suka pjj, tapi suka ptm 50% aja",suka pjj suka ptm jadi
2022-01-24 03:22:31+00:00,RT @fireworkID: @mediaindonesia @chairulachir PTM 100% itu cara lama. Harusnya 50-50. Sekolah dan walimurid harus adaptasi betul bahwa 50-5 ',ptm cara lama harusnya sekolah wali murid adaptasi betul bahwa
2022-01-24 00:38:53+00:00,"@LetsPlayBallNCT Anj, sabtu diumumin ptm 100% minggunya langsung ganti 50% cuk sekolah gw, gegara kasus koped naik lagi sial'",anjing diumumin ptm langsung ganti cuk sekolah gue gegara kasus kopid naik lagi sial
2022-01-24 00:32:05+00:00,"@convomfs Sekolah gue kaga ptm 100% si, jadi selang seling luring daring gitu. Cuma sekolah temen gue ada yg kaya g https://t.co/D0bg9aeD7J'",sekolah gue kaga ptm jadi selang seling luring daring cuma sekolah temen gue ada kaya
2022-01-24 00:21:28+00:00,ptm 50% sepi bnget kelas akuu',ptm sepi banget kelas aku
2022-01-24 00:12:40+00:00,ANJIR PTM 50%',anjir ptm
2022-01-23 15:44:29+00:00,"@champagnedrinks Stuju juga klo 50%  PTM, gurunya pada mikir kita main aja, jadinya tugasnya ditumpukin terus, ditambah ulangan lagiii.'",setuju kalau ptm gurunya mikir main jadi jadinya tugasnya tumpukin tambah ulangan lagiii
2022-01-23 15:22:28+00:00,"Bismillah semoga PTM 100% disekolahku beso aja, hari selasa kembali sesi A sesi '(50%). Plisss Bismillah.  Aamiin'",bisamaillah semoga ptm sekolahku besok jadi kembali sesi sesi plis bisamaillah amin
2022-01-23 14:10:18+00:00,"ya ptm 50% aja, lebih baik daripada ptm 100%'",ptm jadi lebih baik ptm
2022-01-23 14:01:46+00:00,@xslnau tapi seru kan ya ptm 100% huhu aku masih 50% ngga asik banget',seru ptm huhu aku asik banget
2022-01-23 13:47:34+00:00,@dayuinds Aku baru mau PTM lagi day haha Tdnya 100% terus banyak yang ga setuju. Akhirnya 50% dulu. Eheheee masih a https://t.co/PWvdUDgCdK',aku mau ptm lagi day haha tadinya banyak setuju akhirnya eheheee
2022-01-23 11:48:50+00:00,"Dih serius dah.. SUMPAH MENDING PTM 50% GPP ASLI ANJIR INI TAKUTT AKU TEH, tapi kangen sm temen'",dih serius dah sumpah mending ptm asli anjir takut aku teh kangen sama temen
2022-01-23 11:47:33+00:00,"Tadi kesel gegara ptm nya msih 50%, skrng ptm nya diubah udah jdi 100% saya mlh takut?! YA ALLAH CAPEK SM DIRI AING'",kesel gegara ptm msih sekarang ptm ubah udah jadi saya malah takut allah capek sama diri aing
2022-01-23 11:33:33+00:00,KESELL GA SIE PTM JADI 50% LAGI PDHL UDH SENENG FULL LOHH',kesel ptm jadi lagi udah seneng full loh
2022-01-23 10:14:14+00:00,@schfess SKOLAH GWEHHHH PTM 50% LG ANJJJJJJ',sekolah gue ptm lagi anjing
2022-01-23 09:20:12+00:00,@schfess masih 100% cape banget. semoga aja deh sekolah aku jadi 50% lagi ptm nya',cape banget semoga jadi deh sekolah aku jadi lagi ptm
2022-01-23 09:04:18+00:00,@schfess sekolahku udah stop ptm 100% dari minggu kmrn. jadi 50% skrg persesi',sekolahku udah stop ptm dari kemarin jadi sekarang persesi
2022-01-23 08:45:51+00:00,"semua gr2 polan, jd ptm 50% lg asooo'",semua gara polan jadi ptm lagi asu
2022-01-23 08:23:28+00:00,"@schfess Masihh ptm 100%, berharap 50% aja boleh gak sih'",masih ptm berharap jadi boleh
2022-01-23 07:22:56+00:00,"@schfess seminggu yang lalu sekolahku ptn 100%, minggu kemarin katanya gaboleh jdnya 50% dan minggu depan kembali ptm 100% ..'",lalu sekolahku ptn kemarin katanya gaboleh jadinya depan kembali ptm
2022-01-23 07:08:02+00:00,@schfess gatau deh nder ini udh 2 minggu sklh dan kelas 12 baru 100% ptm. dan skrg senin depan kls 10 sm 11 juga ik https://t.co/tAHr5d64Or',gatau deh nder sudah sekolah kelas ptm sekarang depan kelas sama ikut
2022-01-23 07:03:21+00:00,@tiqqquee ptm 50% dibagi berdasarkan yang makan diaduk dan ga diaduk',ptm bagi berdasarkan makan aduk diaduk
2022-01-23 06:15:09+00:00,kenapa ptm 50% lagi sih',ptm lagi
2022-01-23 04:58:44+00:00,"Cape anjir kalo 50% ptm, di sekolah isinya presentasi ma kuis dadakan, sampe rumah ngerjain tugas di gc'",cape anjir kalau ptm  sekolah isinya presentasi sama kuis dadakan sampai rumah ngerjain tugas  gc
2022-01-23 04:56:40+00:00,"@schfess Kalau ngasih info suka dadakan, kadang h-berapa jam gitu baru dikasih tau. Sekolahku awalnya ptm 100% tapi https://t.co/YHIdfRFrR3'",kalau ngasih info suka dadakan kadang berapa jam dikasih tau sekolahku awalnya ptm
2022-01-23 04:40:35+00:00,SchApp! besok sender bakal ptm 100%.... Takut banget AAAAAAAAAAAAAAAAAA ntar ga ditemenin gimana ya ((nangis),besok sender bakal ptm takut banget aaaaaa bentar temenin nangis
2022-01-23 03:46:22+00:00,"sekolah gua agak mencla-mencle ya, kmrn bru full PTM 2 minggu, pas minggu ketiga diganti ke PTM 50%. baru seminggu,  https://t.co/VDysZAOwHw'",sekolah gua agak mencla mencle kemarin full ptm ketiga ganti ptm
2022-01-23 01:56:09+00:00,BESOK PTM 100% ALGSKDGELSBSLDHLD BOLOS AJA APA YAAA  MENDING 50% AJA GAK SIIII,besok ptm algskdgelsbsldahld bolos jadi yaa mending jadi si
2022-01-22 15:15:37+00:00,pantesan aja anjing mingdep gue ptm 50%',pantesan aja anjing gue ptm
