,tweet,Perbaikan
0,pjj lgi aja deh ptm terbatas juga ptm gua kaget capek dihajar tugas pembagian jadwal,pjj lagi aja deh ptm terbatas juga ptm gua kaget capek dihajar tugas pembagian jadwal
1,sedih udah ptm terbatas,sedih usah ptm terbatas
2,sekolah anak ptm karna vaksin dosis kelas infonya lonjakan besok ptm jadwal tua keberatan info serba dadakan sekolah,sekolah anak ptm karena vaksin dosis kelas typonya lonjakan besok ptm jadwal tua kebejatan info serta dimakan sekolah
3,ptm udah capek banget tugas kelompok menerus habis belajar cepet,ptm usah capek banget tugas kelompok menerus habis belajar cepet
4,sekolahku ptm terbatas aaaa,sekolah ptm terbatas yaaaa
5,semangat pagi ptm terbatas,semangat pagi ptm terbatas
6,horor banget bangun pagi kasih info ptm terbatas,horor banget bangun pagi kasih info ptm terbatas
7,tergantung tuanya cabut anak suruh daring sekolah marah karna anaknya daring laporkan sekolah kepolisi kadisdikbudnya laporkan ndak repot anak walau sekolah wajib ptm sdh th tetap daring hak tua,tergantung tuanya cabut anak suruh daring sekolah marah karena apanya daring laporkan sekolah polisi sibuknya laporkan ndak repot anak walau sekolah wajib ptm sd ta tetap daring hai tua
8,sekolah rin ptm gegara word trus rin milih masuk sekolah karna takut,sekolah rip ptm gegara word terus rip milih masuk sekolah karena takut
9,anak sd bolehkan masuk sekolah ptm sedihnya sekolah meniadakan daring ptm diperbolehkan ptm dikasih tugas harian,anak sd bolehan masuk sekolah ptm sedihnya sekolah meniadakan daring ptm perolehan ptm dikasih tugas varian
10,usul ptm argumentasi ptm anak divaksin ptm tuanya vaksin lengkap protokol kesehatan sekolah diawasi sekolah online ketimpangan pendidikan parah,usul ptm orientasi ptm anak vaksin ptm tuanya vaksin lengkap protokol kesehatan sekolah digresi sekolah life ketimpangan pendidik parah
11,kakak keponakan ptm tugas apapun gurunya barusan kasih kabar tua selamatkan anak anak,kakas ponakan ptm tugas ampun gunanya barusam kasih kabar tua selamatkan anak anak
12,kemaren kemaren ptm begadang sampe semenjak ptm badan capek bnget,kemarin kemarin ptm begadang sampul semenjak ptm badan capek inget
13,sekolah anak berani hentikan ptm kemarn anak positif covid sekeluarga ptm dihentikan pejabatnya tenang aja mikirnya ah kena anak,sekolah anak berani hentikan ptm kemarin anak positif covid berkeluarga ptm dihentikan sahabatnya tenang aja dikira dah kena anak
14,kalau pjj makan ku teratur soalny plang kmpung masak kaluptm jdi anak kosan mles masak beli rugii wkwk,kalau pjj makan kuy teratur soalnya plong kalung masak kalut adi anak bosan mls masak beli rugi wkwk
15,sekolah anak anak bersedia vaksin diperbolehkan ptm koq perbedaan,sekolah anak anak bersedia vaksin perolehan ptm kot perbedaan
16,sekolah gua udah kena covid sekolah tetap kekeuh ptmt kalo udah libur nunggu tumbal gimana sekolah bayar biaya perawatannya kah kalo kena ngegantiin nyawa kalo sampe,sekolah gua usah kena covid sekolah tetap kukuh ptmt kado usah libur nunggu timbal wimana sekolah bayar biaya persyaratannya dah kado kena ngertiin nyawa kado sampul
17,anjrit kmrn kakel gua skrng temen seangkatan gua kena cororong untung aja kmarin emak gua ijinin masuk ptm,angit keren kakek gua serang teman angkatan gua kena borong untung aja kemarin emak gua ijinkan masuk ptm
18,top bu juga isi form vaksin kalau vaksin menjad syarat ptm anak online aja dibilang pembelajarn online yaa udah anak kluar ehhdihub masuk sekolah sekolah,top ibu juga isi forum vaksin kalau vaksin menjaga sarit ptm anak life aja dibuang pembahasan life ya usah anak keluar pedih masuk sekolah sekolah
19,pjj enak santai memahami materi suka kesusahan ptm males sakit perut males ketemu,pjj enak santai memahami materi suka kesusahan ptm males sakit perut males ketemu
20,guru agama kemarin ptm saking ngantuk gua ketiduran kayanya first time gua tidur kelas deh wkwkwk,guru agama kemarin ptm saking ngantuk gua ketiduran katanya fiesta tipe gua tidur kelas deh wkwkwk
21,anak ptm diundur feb ptm belajar bingung dimasukin group kelas tt,anak ptm diundur rem ptm belajar bingung dimakan grup kelas tt
22,anaknya pjj silahkan jngan recoki anak semangat ptm saran anak kena omicron gejalanya bapil anaknya disuruh istirahat minum obat flu jangan disuruh swab tokh obatnya juga obat flu,apanya pjj silahkan angan recok anak semangat ptm saran anak kena omicron gejalanya babil apanya disuruh istirahat minum obat flu jangan disuruh swab tak otaknya juga obat flu
23,jakarta masuk ppkm level sekolah ptm sekolah anak berani ubah kebijakan mengacu skb kementerian,jakarta masuk poko lever sekolah ptm sekolah anak berani ubah kebijakan mengacau sob ketenteraman
24,udah mingguan ptm diumumin malem disuruh pjj hehehe,usah gangguan ptm diduain malem disuruh pjj jebeh
25,gimana sekolah ptm undur feb pjj gimana belajar dimasukin group kelasnya,wimana sekolah ptm andur rem pjj wimana belajar dimakan grup kelasnya
26,ptm enak tau tugasnya aneh bahas materi karna kebagian sesi pjj tugasnya aneh,ptm enak tau tugasnya aneh bahas materi karena kebagian sesi pjj tugasnya aneh
27,dimana sekolah anak sehat ptm lancar anak cerdas ribu anak sekolah dikecamatan jagakarsa jaksel prof pjj privilege smartphone kuota kecuali modalin sampe pelosok,diamana sekolah anak sehat ptm lancar anak cerdas rabu anak sekolah kekeramatan jakarta akses prosa pjj prigel smartphone kuota kembali medali sampul pelosok
28,halo ptm alias anjing males banget,halo ptm rias anjing males banget
29,anak semangat bnget ptm karna merasakan pake jas lab masuk lab smp berseloroh anak ipa masuk lab sehat jaug lbh kalau kakaknya lbh worrt lagi takut kuliah plonga plingo kalau masuk lab indo senasib kayak,anak semangat inget ptm karena merapatkan paket jasa lau masuk lau smp berseloroh anak ira masuk lau sehat jauh lah kalau kayaknya lah word lagi takut kuliah plong longo kalau masuk lau indo sensi kayak
30,gagal ptm trus wisuda online gajadi offline asik,gagal ptm terus mewisuda life gajadi fine asik
31,kasian anak pandemi temen mainnya sepupu doang ngaji ptm seneng banget ceria,kasian anak pandemi teman mainnya sepuh doang ngopi ptm seneng banget ceria
32,alhamdulillah skrng udah normal semenjak ptm lagiipas ptm tidur diatas jam gituan,alhamdulillah serang usah normal semenjak ptm lagian ptm tidur hiatus jam gituan
33,lintang sekolah mengaji ngajinya semester full ptm semester online,liang sekolah mengaji naiknya semester full ptm semester life
34,schapp anak kelasku gamasuk woyy sakit takut ptm,selap anak kelabu gamak why sakit takut ptm
35,ptm pjj mls dh asli,ptm pjj mls dah asli
36,sw temen ptm pjj nyaa elu ajaaa pjj fokus salahin ptm,sd teman ptm pjj nyawa elu ajang pjj fokus disalahin ptm
37,ptm ngerjain tugas,ptm ngerjain tugas
38,dihabiskan ptm tidur sksksk sika tudey ngapain niii,dimakan ptm tidur wkwkwk sisa tulen ngatain hiii
39,iyaaaakkk selolah drea pjj td sekolahan dibelakang rumah ptm,yaaaa sekolah ira pjj ta sekolah dibelakang rumah ptm
40,pjj santai ptm cepet paham materi,pjj santai ptm cepet paham materi
41,seneng ptm ulangan ptm karna berita duka gmn,seneng ptm ulangan ptm karena berita duka gang
42,kenape guru guru ptm ngeselin ngasik tugas aneh aneh,kenal guru guru ptm ngeselin ngasih tugas aneh aneh
43,mending ptm she,mending ptm shy
44,skolah swasta gtw mreka msi ptm ato hti dah ato negri,sekolah swasta gue reka isi ptm atom hai dah atom negeri
45,suka pjj santai males malesan bosen pengen ptm biar paham,suka pjj santai males malesin bosen pengen ptm biar paham
46,semangat ptm anehaneh sekolah,semangat ptm angan sekolah
47,yeochin wii semangatt aq ptm karna dikelas kena covid pjj,cercaan wiih semangat tq ptm karena ikhlas kena covid pjj
48,semoga ptm diberentikan deh kak jakarta udah sekolah ditutup gegara positif,semoga ptm dihentikan deh kak jakarta usah sekolah ditutup gegara positif
49,iya sihsy ngijinin anak vaksin mbak karna anak dr rawat rssy ambil resiko tau besok ptm,iya sisa giniin anak vaksin muak karena anak dr rawat shy ambil resiko tau besok ptm
50,kemarin ptm sesi pulang jam sekolah karna rapat pramuka,kemarin ptm sesi pulang jam sekolah karena rapat paduka
51,wduch kayanya beneran ptm meja udh wkwkw,duh katanya beneran ptm eja ugh wkwkwk
52,gajadi wkwk harapan ptm kalo sampe besok,gajadi wkwk harapan ptm kado sampul besok
53,kkl kalo ujungnya piknik males bnget dkn persiapan luring ptm kost dll,kzl kado gunanya pikir males inget daun persiapan luring ptm lost dol
54,ptm kebanyakan tugasnya kelompok,ptm kebanyakan tugasnya kelompok
55,udah aja awali semangat sekolah udah ptm belajar,usah aja awal semangat sekolah usah ptm belajar
56,anj lahh dah siapsiap taunya ptm,ana lah dah sia-sia maunya ptm
57,ak heran sm skolah ad kopit skolahny tetap adain ptm,fk heran smp sekolah sad kopi sekolah tetap daim ptm
58,ptm seindah diharapkan,ptm seindah disarankan
59,enak banget ptm ptm,enak banget ptm ptm
60,gua udh ptm jam tdrnya berubah ajaa parah,gua ugh ptm jam tuanya berubah aja parah
61,pjj gatau semenjak ptm semangat gua hilang trus ngga niat,pjj gatau semenjak ptm semangat gua hilang terus nggak kiat
62,ni kebijakan ptm ditinjau sekolah anak dah kejadian sd sma habis ptm keesokannya positif jadi merepotkan ptm kena tracing hrs sekeluarga pcr dll kenanya sekolah jadi cluster,ini kebijakan ptm dipantau sekolah anak dah kejadian sd sma habis ptm kesiannya positif jadi merapatkan ptm kena cacing ira berkeluarga pcr dol katanya sekolah jadi blaster
63,mangatzzz ptm zaaa have great day jugak yaaa,mangut ptm ana hate great dah juga yaaaa
64,wow temen sekolah ll uda positive mericon,wow teman sekolah lo upa positif merinin
65,positif kena tracing lbh seminggu ptm trus daringthn kemaren anak sistemnya,positif kena cacing lah seminggu ptm terus daring kemarin anak sistem
66,gamau pjj anjng udah enak bnget ptm,gamau pjj anjg usah enak inget ptm
67,duhhh cinta bersemi ptm kah,ihhh cinta bersemi ptm dah
68,sch ngga ptm capeek bgttt bentaran doang sekolahnya,sih nggak ptm capek butut bentakan doang sekolah
69,ak masi ptm full niii,fk nasi ptm full hiii
70,ptm belajarnya normal blik jam,ptm sewajarnya normal baik jam
71,enakk ptm pagi,enak ptm pagi
72,semangat ptm nyaa,semangat ptm nyawa
73,full ptm udah suruh pjj tugas kelompok benerr,full ptm usah suruh pjj tugas kelompok bener
74,ptm males bngt,ptm males begu
75,huaaa pjj trus nder huhu nyobain ptm,kuala pjj terus nder hulu iyain ptm
76,kalo bangun pjj ngantuk bngt ptm ngga,kado bangun pjj ngantuk begu ptm nggak
77,smoga ahok join ptm yaa,semoga ahli join ptm ya
78,okeyy deh udh ptm keknya,okeey deh ugh ptm kena
79,ptm dikasih uang jajan sepuasnya jadi ngambil trus sisanya simpen,ptm dikasih uang jajan semuanya jadi gembil terus bisanya simpan
80,kalo kaka mo ptm hehehe,kado kakas lo ptm jebeh
81,suka ptm capee poll,suka ptm cape pol
82,seminggu daring seminggu ptm daring gitu,seminggu daring seminggu ptm daring gitu
83,cuman mo sekarng giliran kls ak daring tinggal absen doangk kmren udah kasi tugas ptm,cuma lo sekarang giliran mls fk daring tinggal absen doang keren usah kasi tugas ptm
84,ptm huwaaaaaaa,ptm yuwaraja
85,ih bentar ptm bertemu ras manusia berasal ras trkuat muka bumi readwibu,hih bentar ptm bertemu rias manusia berasal rias terkuat muka bumi ready
86,semangat ptm,semangat ptm
87,enak jink maunya pjj cape bget ptm,enak jin maunya pjj cape inget ptm
88,pjj aih ptm mulu jaba tugas kelompok wae,pjj hih ptm mulu caba tugas kelompok tae
89,tau semenjak ptm males,tau semenjak ptm males
90,enak dongk absen doangk kmarin udah kasi tugas ptm,enak dongok absen doang kemarin usah kasi tugas ptm
91,ptm gara guru positif sekola tutup,ptm gara guru positif sekolah tutup
92,pjj jugaa hiks pengen ptm,pjj juga hias pengen ptm
93,ptm diberlakukan namanya nekat,ptm dibelakang namanya nekat
94,pjj udah mending seminggu masuk sistem absensi ganjil genap ketimbang ptm,pjj usah mending seminggu masuk sistem sensi ganjil genap setimbang ptm
95,semenjak ptm atm nyetor mulu,semenjak ptm atom menyetor mulu
96,pjj lagi tu sekolah aja ko skolahku masi ptm,pjj lagi tua sekolah aja kot salahku nasi ptm
97,knp hrs disaat ptm,ana ira saat ptm
98,enak sekalie msie ptm,enak sekali usia ptm
99,cityx sedihhh giliran udh nyaman ptm,cita sedihhh giliran ugh nyaman ptm
100,ptm seru tugas kelompok tepar,ptm seru tugas kelompok tepar
101,males bnget ptm dahh tidur,males inget ptm dahh tidur
102,ptm yaallah nyesek aksa kemana,ptm yaelah nyesek aksa seman
103,anak kelas sebelah kena sembuh biar ptm,anak kelas sebelah kena sembuh biar ptm
104,ptm ptm sakit gara kecapean dsb,ptm ptm sakit gara kecapan desa
105,camat pagi dri pjj huft semoga anak sebelah sembuh biar ptm amin,gamat pagi iri pjj hulu semoga anak sebelah sembuh biar ptm amin
106,semangatt ptm,semangat ptm
107,alo selamat pagi pjj enakan ptm,alot selamat pagi pjj enakan ptm
108,masuk ptm,masuk ptm
109,nataru dilonggarin sekolah dibuka ptm temen gua story swab udah rame abis liat,gatau dilonggarin sekolah dibuka ptm teman gua stori swab usah rame abis liat
110,ptm dapet jajan,ptm dapet jajan
111,temanku pda males berusaha bnget biar ptm smpe chat grup,teman ada males berusaha inget biar ptm smp chat grup
112,ptm tetep kesekolah karna kegiatan high semanga,ptm tetap sekolah karena kegiatan hih semangat
113,baca cerita tua curhat kegiatan ptm sekolah anaknya pusing bener dah nyawa anak,baca cerita tua curhat kegiatan ptm sekolah apanya pusing bener dah nyawa anak
114,ptm sakit badan materi nemplok kepala,ptm sakit badan materi rempak kepala
115,ngasih info ptm pagi pagi anjg gua udah rapih,ngasih info ptm pagi pagi anjg gua usah rapi
116,bayangin kesel ak kmrn libur tpi ngsih tugas aja karna guru pergi skrng tbtb disuruh,bayangin kesel fk keren libur api ngasih tugas aja karena guru pergi serang tt disuruh
117,ptm menyenangkan ulangan pake kertas,ptm menyenangkan ulangan paket keras
118,ptm tpi males jdi daring,ptm api males adi daring
119,pjj dah seruan ptm,pjj dah keruan ptm
120,ngga ptm capeek bgttt bentaran doang sekolahnya,nggak ptm capek butut bentakan doang sekolah
121,ptm seru seru bangun pagi,ptm seru seru bangun pagi
122,ptm anjir ni sangking emosi sampe typo,ptm anjir ini langking emosi sampul typo
123,pjj ptm ak sadar klau sekolah ku bener bener loss prokres,pjj ptm fk sadar lau sekolah kuy bener bener lost prokes
124,ngeri banget takut semester ptm,ngeri banget takut semester ptm
125,ngantuk banget untung ptm,ngantuk banget untung ptm
126,page of ptm temen temen ngira galak pantesan ngga deket ptm,page ok ptm teman teman nira galak pantesan nggak deket ptm
127,capek ptm ih iyaaaa,capek ptm hih yaaaa
128,udh gegara kabupaten level omicron ptm,ugh gegara taburan lever omicron ptm
129,pjj aja ptm ribet ngga santuy tugas makalah hard file,pjj aja ptm ribet nggak santun tugas masalah haru fine
130,ptm hihi semangatttt,ptm hih semangatin
131,jam tidur udah normal semenjak ptm,jam tidur usah normal semenjak ptm
132,alhamdulillah ptm sampe pjj deh,alhamdulillah ptm sampul pjj deh
133,bangun pagi gosok gigi cuci muka ptm,bangun pagi gosok gigil cuci muka ptm
134,semenjak ptm jatuh hati kafein,semenjak ptm jatuh hati kabin
135,semenjak ptm jarang mam mie instan,semenjak ptm jarang mam mil istan
136,bersin mulu takut covid parno aja ggra ptm,bersin mulu takut covid parno aja gara ptm
137,ptm istirahatnya gaada coba,ptm istirahat gaada coba
138,muridnya covid sekolahnya tutup wkwk lucu bnget suka bnget ptm buu,muridnya covid sekolah tutup wkwk lucu inget suka inget ptm buku
139,sehari ptm full ajshdnhddndjbd,sehari ptm full andini
140,ptm nambah ilmu dibuku internet walopun agk oot materi dipelajari,ptm tambah ilmu dibuka interes yampun agak bot materi pelajar
141,nggakk maksudnya feel kalo ptm gua siapin mapel sm mandi pagi eh kaga,nggak maksudnya rewel kado ptm gua biarin gatel smp mandi pagi teh kada
142,malesnya ptm gini bocil bngsat pd mencetin bel rumah gua asuuu pengen takol,balesnya ptm gini bedil bangsat kpd mencekik beol rumah gua sudu pengen takul
143,harian tetep maksain ptm terbatas,varian tetap makian ptm terbatas
144,untung dah dah ptm tidur suka jam,untung dah dah ptm tidur suka jam
145,yuhuuu pjj rumah ptm lagi mari siapsiap,huhuu pjj rumah ptm lagi mari sia-sia
146,mls ptm,mls ptm
147,ptm jdi jngn gua duduk jdi,ptm adi angan gua duduk adi
148,filing gua trakhir ptm,guling gua taksir ptm
149,enak ptm full anak smk kayak tu skolah jm smpe jm sore jdi plng skolah udh capek bgtt tpi hrus maksain,enak ptm full anak smk kayak tua sekolah jam smp jam sore adi plong sekolah ugh capek bot api harus makian
150,aaa malas bnget ptm,ana malas inget ptm
151,kyknya ptm distop lagi deh,kayaknya ptm distop lagi deh
152,dietkenapa semenjak ptm susah bnget,dekap semenjak ptm susah inget
153,ptm langsung jebret anak sekolah dijadiin kelinci percobaan omicron gimana,ptm langsung jebeh anak sekolah kejadian gelincir cercaan omicron wimana
154,ptm nder materi tugasnya ngerti ketimbang pjj abis ptm belajarnya asik bareng temen,ptm nder materi tugasnya ngerti setimbang pjj abis ptm sewajarnya asik bareng teman
155,cape habis kisaran ptm full,cape habis isapan ptm full
156,asli capek ptm ulangan math indo trus latihan sore sampe jam nyicil ngerjain tugas,asli capek ptm ulangan mahh indo terus latihan sore sampul jam nihil ngerjain tugas
157,ribet bnget coi udh kebiasa ptm,ribet inget doi ugh biasa ptm
158,nunggu positif ngelonjak gitu stop ptm gitu heran waras,nunggu positif gelopak gitu stop ptm gitu heran waras
159,kalo liat liat sekolah batu anjir udh tau kena covid ptm diliburin aja,kado liat liat sekolah batu anjir ugh tau kena covid ptm ditidurin aja
160,koko cov terdeteksi sekolah imho mas menteri mengevaluasi ptm,poko covid mendeteksi sekolah maho pas menteri mengawasi ptm
161,ptm enak ngerti materi tugas kelompok individu,ptm enak ngerti materi tugas kelompok individual
162,semenjak ptm bnget kebangun tidur abis reflek nangisngeluh capek,semenjak ptm inget kebangun tidur abis refleks tangguh capek
163,semoga jogja ikutan aduhhh udah enak ptm,semoga juga ikutan aduh usah enak ptm
164,laahhh sekolah diterapkan diharuskan dipaksa vaksin ptm,yahhh sekolah diterangin disarankan dipaksa vaksin ptm
165,ngga temen sebangku udah ptm full sekelas duduknya tetep kasih jarak gitu,nggak teman memangku usah ptm full sekolah lucunya tetap kasih jarak gitu
166,ptm karna uang jajan paham materi pelajari plusnya ketemu mas crus,ptm karena uang jajan paham materi pelajar punya ketemu pas arus
167,naiknya covid varian omicron sekolah online sdh landai kasusnya ptm,naiknya covid varian omicron sekolah life sd pandai kasus ptm
168,please pjj please pengen ngehabisin tersisa sblm lulus,please pjj please pengen penghabisan tersiksa silu lulus
169,jgn smpe ni tmn kmps terpapar gegara ptm awas ja dibatalkan ptm karna nunggu kena dlu,jin smp ini tun kompas terpapar gegara ptm awas ua disarankan ptm karena nunggu kena flu
170,bobo anjingg besok ptm,bodo anjing besok ptm
171,mencium aroma aroma ptm,mencium roma roma ptm
172,pagi ptm tidur,pagi ptm tidur
173,kurlebnya pjj alu jenuh enak jadi cape fisik ptm asik ktmu tmn,karena pjj lalu penuh enak jadi cape bisik ptm asik kamu tun
174,besok ptm anjirr gimana gabisa tidur,besok ptm anjir wimana gausa tidur
175,ptm berenti pliss stress gua dirumah tai,ptm berenti plis stress gua rumah tai
176,besok ptm gabisa tidur anyink,besok ptm gausa tidur andini
177,distop penularannya cepat pjj,distop penjelasannya cepat pjj
178,kalau ptm enaknya bs ketemu guru praktek ayey,kalau ptm naiknya es ketemu guru praktis yes
179,gueeee apaya suka ptm kbm aja sekolah,gue apanya suka ptm kam aja sekolah
180,sumpah gua ptm,sumpah gua ptm
181,sumpah kalo ptm prank banget semesta,sumpah kado ptm prank banget semesta
182,huh capek banget semenjak ptm udah jarang ngefangirl kaya ih bosen bnget kaya gini,hih capek banget semenjak ptm usah jarang ngeang kaya hih bosen inget kaya gini
183,ptm sorenya les skrng tidur,ptm soalnya yes serang tidur
184,siang tv an murid kena weh serem ptm persen,siang ta ana murid kena teh serem ptm persen
185,ihh besok ptm males banget,ihh besok ptm males banget
186,kampus gua rencananya semester udh ptm jujur seneng bnget degdegan juga udah masuk kelas,kampus gua rencana semester ugh ptm jujur seneng inget kedepan juga usah masuk kelas
187,omicron naiknya pencegahan ngga maksain ptm dlu nunggu kena,omicron naiknya pencegahan nggak makian ptm flu nunggu kena
188,kalo ku ptm penjelasan dipahami tugas dikit karna menekan pemahaman kalau pjj gila tugas,kado kuy ptm penjelasan dipahami tugas dikit karena menekan pembahasan kalau pjj gila tugas
189,ptm pelajaran meresap,ptm pelajaran meresap
190,semenjak ptm jdi jrng baca au,semenjak ptm adi jreng baca lau
191,sekolahku ngeluh sakit sendi flu batuk badan anget gitu udh ngalamin ptm,sekolah ngeluh sakit sedi flu batuk badan inget gitu ugh ngatain ptm
192,semenjak ptm kerjaan gua kalo tidur ketiduran,semenjak ptm kerjaan gua kado tidur ketiduran
193,wkwk tidur jam segitu kaaa wahaaa enak kaa males banget ptm,wkwk tidur jam segitu kada bahasa enak kada males banget ptm
194,pjj ptm gimana intine gitu,pjj ptm wimana insinye gitu
195,kemarin ngotot ptm kasusnya covid sekolah ngumpet,kemarin ngotot ptm kasus covid sekolah mengumpat
196,sekolah ptm kek healing ketawa cekikikan rumah kek gitu,sekolah ptm keki memaling ketawa pemikiran rumah keki gitu
197,udah semester ptm full tugasnya kek daring bedanya sekrang tugas,usah semester ptm full tugasnya keki daring berdansa serang tugas
198,cape ptm jujur,cape ptm jujur
199,gua msh main hp besok ptm,gua ish main php besok ptm
200,speechless pemda dki ngotot ptm ngotot jakarta lockdown,spesialis pemuda daki ngotot ptm ngotot jakarta lock
201,menemukan pelanggaran prokes pelaksanaan ptm persen,menemukan berlanggaran prokes pelaksanaan ptm persen
202,semenjak ptm stress stress anjng,semenjak ptm stress stress anjg
203,ky ponakan sy mak dok sy bersikeras ortunya jgn vaksin ptmdaring aja,kuy ponakan shy tak dok shy berkeras ortunya jin vaksin daring aja
204,yyy sbnrnya pjj enak ptm juga enak skrng omicorn mending pjj dlu deh ngeri cuy,yes gunanya pjj enak ptm juga enak serang omicron mending pjj flu deh ngeri kuy
205,gatau deh kelebihan gua butuhin pjj for uhuas dkk ptm gampang dimengerti,gatau deh kelebihan gua butuhin pjj asor muas dok ptm gampang mengerti
206,kemarin dah kena sekarng ptm,kemarin dah kena sekarang ptm
207,audeh nangis besok ptm huuuuuuuuuuuu,hadeh nangis besok ptm urut-urutan
208,shift lelah banget nget nget sekarng ngerjain tugas kalau pagi ngerjainnya takut selesai,shit lelah banget inget inget sekarang ngerjain tugas kalau pagi ngerjain takut selesai
209,aa udah lumayan nyaman ptm bentar otak ku bodoh,ana usah lumayan nyaman ptm bentar otak kuy bodoh
210,ptm pengen sesi aja hapalan bahasa inggris keagamaan pusing,ptm pengen sesi aja capaian bahasa linggis kelamaan pusing
211,teguran ingatkan berkali prokes diterapkan sekolah sanksi,teguran ingatan berahi prokes diterangin sekolah saksi
212,wagubnya ngotot ptm full time,maunya ngotot ptm full tipe
213,males ngotorin seragam buang bensin cmn pensi doang gt jadi ngapain mending rumah,males pengotoran seragam buang bersin sun sensi doang tt jadi ngatain mending rumah
214,ni kyknya sekolah udh pjj sekolah tetep ptm aneh,ini kayaknya sekolah ugh pjj sekolah tetap ptm aneh
215,cewe mending ptm tar biar bucin plek plek plek,rewel mending ptm tak biar kucing pilek pilek pilek
216,romansablue takut udah ptm,mangau takut usah ptm
217,sekelas positif covid kantin ama kopsis sekolah ditutup tpi tetep disuruh ptm,sekolah positif covid kantin ana krisis sekolah ditutup api tetap disuruh ptm
218,schfess ptm sakit pilek batuk dll,stress ptm sakit pilek batuk dol
219,schfess pjj karna ptm tmn ku asik tpi kalau pjj capek kuat ngerjain tugas masuk otak tpi kalau,stress pjj karena ptm tun kuy asik api kalau pjj capek kuat ngerjain tugas masuk otak api kalau
220,lemes bre ptm isinya kerja kelompok praktek laporan presentasi niatnya kejar materi isinya gitu,lemes bye ptm bisanya kerja kelompok praktis laporan presentasi nanya kejar materi bisanya gitu
221,ptm ganti belajar online trus pelajar vaksin kemarin dipaksa,ptm ganti belajar life terus pelajar vaksin kemarin dipaksa
222,wow bercandain ptm dadakan nyaman ptm tugas numpuk numpuk,wow berdandan ptm dimakan nyaman ptm tugas numpuk numpuk
223,udh ptm ekskul jadi keteteran,ugh ptm kukul jadi ketetapan
224,ptm males banget,ptm males banget
225,ptm mending kl ulhar online aja,ptm mending kzl ulah life aja
226,takut pjj jjur sebenernya juga maless ptm ni tugas kelompok bnget gua males kalau ngerjainnya onlen onlenan ribet,takut pjj jujur sebenernya juga males ptm ini tugas kelompok inget gua males kalau ngerjain talen talenan ribet
227,semangat ptm gaada ayang,semangat ptm gaada ajang
228,nangis aja sekolahku sistem pjj bismillah ptm,nangis aja sekolah sistem pjj bismillah ptm
229,ptm kalo pjj nilai ku kesalip anak anak bersirkel,ptm kado pjj nilai kuy kesal anak anak bersendel
230,schfess males siswa guru buka masker ptm,stress males siswa guru buka master ptm
231,hoo kentut ptm kentut kentut,hot kentut ptm kentut kentut
232,dengar ptm tatap muka belajarnya kerjanya wfh udah,dengar ptm tatap muka sewajarnya kiranya wah usah
233,temen sebangku duduk karna blum ptm,teman memangku duduk karena blur ptm
234,prov ptm sekolahsekolah ditunda peningkatan harian,prosa ptm bersekolah itunya pengangkatan varian
235,ptm pjj membuatku malas belajar,ptm pjj membuat malas belajar
236,mending turu besok ptm tai kucing,mending turun besok ptm tai kucing
237,yolahh seneng pjj tpi ptm seruu,yodah seneng pjj api ptm seru
238,progress sempet up ptm fullday kebanyakan kerja kelompok,protes sempit upa ptm fulan kebanyakan kerja kelompok
239,wkwk ptm kali doang seminggu,wkwk ptm tali doang seminggu
240,enak bener ptm,enak bener ptm
241,maskeran muka berasa ad jerawat gitu semenjak ptm gegara pke masker jdi pengap yh,maherat muka berasa sad jerawat gitu semenjak ptm gegara oke master adi pengap yg
242,update terkini wes bosen ptm,udara terkini yes bosen ptm
243,bayangin km ptm tetep dikasih tugas,bayangin kam ptm tetap dikasih tugas
244,udah aja awalai semangat sekolah udah ptm belajar,usah aja sawala semangat sekolah usah ptm belajar
245,ptm membuatku sibuk,ptm membuat sibuk
246,es pjj kayaknya kangen ptm,es pjj kayaknya kangen ptm
247,besok ptm males banget pengen bobo,besok ptm males banget pengen bodo
248,udah seruseru ptm,usah selusur ptm
249,hadehh udh sibuk gegara sekolah udh ptm bentar wisuda kshakahsa seneng bnget wisudanya offline,hadeh ugh sibuk gegara sekolah ugh ptm bentar mewisuda kakas seneng inget bisanya fine
250,oke aja sekolah ptm udah kena,oke aja sekolah ptm usah kena
251,masi ptm smga ptm amin,nasi ptm smga ptm amin
252,ptm sekolah udh kena omnicorn yaudah yukk pjj wkwk,ptm sekolah ugh kena omicron yaudah yukk pjj wkwk
253,sekolah png ptm february wkwk aja denger temen,sekolah gang ptm februari wkwk aja denger teman
254,dahlah dri juga sdh ptm awet,dahlah iri juga sd ptm awet
255,smoga besok brkg pagi biar pilih tmpt duduk cuz ptm uda bkl ad perebutan tmn duduk,semoga besok buku pagi biar pilih amit duduk gue ptm upa buku sad perebutan tun duduk
256,smoga besok brkg pagi biar pilih tmpt duduk cuz ptm uda bkl ad perebutan tmn duduk,semoga besok buku pagi biar pilih amit duduk gue ptm upa buku sad perebutan tun duduk
257,of course ptm seneng bnget ptm paham materi ketawa ketawa ngobrol sinii healing menurutkuu,ok couple ptm seneng inget ptm paham materi ketawa ketawa ngobrol sensi memaling menurunkan
258,dampak positifnya cepet ngerti materi uang jajan dampak negatifnya cape,dampak positif cepet ngerti materi uang jajan dampak negatif cape
259,jam semenjak ptm cepet,jam semenjak ptm cepet
260,ambil positifnya alhamdullah ptm full,ambil positif alhamdulilah ptm full
261,jujur suka ptm tapiii temen beda sesi gapunya temen lagi sesi kaya sebelumya,jujur suka ptm api teman beda sesi apanya teman lagi sesi kaya sebetulnya
262,boop gaenak lahh ptm belajar narik ingus mulu,beol gaenak lah ptm belajar tarik inget mulu
263,gara ptm julid suka lupa pls,gara ptm jilid suka lupa pls
264,semenjak ptm suka lupa deadline tugas kalo pjj inget,semenjak ptm suka lupa dendang tugas kado pjj inget
265,ayolah hentikan ptm kesehatan warga jakarta,yodah hentikan ptm kesehatan wara jakarta
266,pjj ptm pahamnya aja kurangnya kl ptm tugas byk fokus materi,pjj ptm jahatnya aja memangnya kzl ptm tugas bye fokus materi
267,gilaa ngeri banget skolah ptm dn bru kabarin kalau siswai positif covid untung milih ptm karna dilarang tua,gilak ngeri banget sekolah ptm dr baru babaran kalau siswa positif covid untung milih ptm karena dilarang tua
268,baikk tapii besokk ptm lgi ihh mls bnget,baik api besok ptm lagi ihh mls inget
269,ptm terbatas jadi lirik lirikan senyam senyum maskernya,ptm terbatas jadi sirik bisikan senyap senyum naiknya
270,anjay besok ptm,anjay besok ptm
271,iya anjir kerja kelompok mulu ptm,iya anjir kerja kelompok mulu ptm
272,sekolah udah bangkit ptm sampe varian omicron hadir ln menyebar sekolah,sekolah usah bangkit ptm sampul varian omicron hadir lo menyelar sekolah
273,enak ptm belajar lab komputer lemot lancar jaya dingin fokus,enak ptm belajar lau populer lemot lancar jaya dingin fokus
274,ptm cape tau ahaha,ptm cape tau bahasa
275,terbitnya dipertengahan ptm ribet real udah nyusun skripsi,tercinta pertentangan ptm ribet real usah nusuk deskripsi
276,ah anjirlah besok ptmt udah nyaman ptm,dah anjuran besok ptmt usah nyaman ptm
277,fifty fifty kalau ptm enak bnget tugas kelompoknya anying capek bnget,fit fit kalau ptm enak inget tugas kelompok anjing capek inget
278,adaptasi sma ptm udah masuk full wlaupun pulangnya cepet tt,adaptasi sma ptm usah masuk full yampun memangnya cepet tt
279,besok pengen ijin bleh ptm udah gadapet duit lagi serius lagi period enakkk banget,besok pengen ijin boleh ptm usah dapet duet lagi serius lagi perih enak banget
280,semenjak ptm diriku gampang pegel gampang mumet ndyas gampang ngantuk jarang makan pagi,semenjak ptm dirimu gampang pegal gampang mumet ndak gampang ngantuk jarang makan pagi
281,hadeh udh enak ptm wkwk,hadeh ugh enak ptm wkwk
282,pjj ptm kalo enjoy,pjj ptm kado enjoy
283,gimana pgn pjj org kasusnya kasusnya trus bbrp sekolah udah positif,wimana pgen pjj ora kasus kasus terus baru sekolah usah positif
284,kalo pjj enak makandengerin musikbisa selingin belajar tpstka susah mahami mater,kado pjj enak dengerin muskil seringing belajar pita susah mahal master
285,ptmtapi pengennya kejar kerja kelompok tugas individu numpuk,tetap pengguna kejar kerja kelompok tugas individual numpuk
286,yes besok ptm,yes besok ptm
287,suka ptm jujur sihh rajin alias mageran,suka ptm jujur sihh rajin rias maherat
288,ptm bngsat,ptm bangsat
289,knp ptm capek bnget,ana ptm capek inget
290,sekolahku ptm nder ademm banget keknya covid,sekolah ptm nder adek banget kena covid
291,ptm ngerasa hidup ekekekekekek,ptm ngerasa hidup kejelekan
292,pjj mkan msh teratur ptm kacau mkan karna hrus cepet brngkt pulangnya jajan kenyang mkan dha,pjj makan ish teratur ptm acau makan karena harus cepet bangkit memangnya jajan kenyang makan dia
293,kayak konsisten bnget gt pjj pjj ptm ptm,kayak konsistensi inget tt pjj pjj ptm ptm
294,pengen ptm mama,pengen ptm mama
295,nyamannya ptm,namanya ptm
296,takut full ptm disana tugastugas udah baris ngejar,takut full ptm diamana tugasnya usah garis gelar
297,ptm enaknya kelompokan,ptm naiknya kelompok
298,pengen pjj pengen ptm,pengen pjj pengen ptm
299,ptm lagi karna positif,ptm lagi karena positif
300,online siii aaa iya seru juga sihh ptm,life hiii ana iya seru juga sihh ptm
301,iyaa capek ptm,iyak capek ptm
302,anjir kalau pjj emg bet tugasnya kek ptm,anjir kalau pjj emg bot tugasnya keki ptm
303,sebulan ptm tpi udh remuk anjir badan,sebulan ptm api ugh remuk anjir badan
304,ptm pelajarannya masuk otak kalo pjj jujur aja guruku jarang banget zoom ngasih materi,ptm pelajaran masuk otak kado pjj jujur aja gubuk jarang banget zoom ngasih materi
305,pjj tpi ptm seru tpi capek badan remuk kumpul extra,pjj api ptm seru api capek badan remuk tumpul citra
306,karna udah ptm bnyak sibuk nugas,karena usah ptm banyak sibuk tugas
307,sumpah dah ptm tenang bnget anjir disuruh presentasi hafalan tampil hrs lgsg,sumpah dah ptm tenang inget anjir disuruh presentasi harapan tampil ira lost
308,syarat ptm vaksin covid anak paksaan,sarit ptm vaksin covid anak paksa
309,ptm jemput adek jujur seneng bnget liat sekolah interaksi temen seumuran,ptm jeput adek jujur seneng inget liat sekolah interaksi teman semburan
310,drpd ptm mending pjj,drum ptm mending pjj
311,bngsat doain skolah gua biar pjj males bangun pagi anj kalau ptm,bangsat doain sekolah gua biar pjj males bangun pagi ana kalau ptm
312,gua pengen pjj aja ptm,gua pengen pjj aja ptm
313,udh ptm jdi ptmt sialan,ugh ptm adi ptmt sialan
314,positif sekolah tenang ptm spt rambut gondrongdicat pulang dl mas mbak dibenerin dl rambutnya nggih,positif sekolah tenang ptm sput rambut pendongkrak pulang dr pas muak disentri dr albumnya nggak
315,kembaliin tidurku woiiii anjir ptm aja ni tugas,kembali tidur komisi anjir ptm aja ini tugas
316,sekolahku tetep ptm nai positif,sekolah tetap ptm hai positif
317,males besok ptm,males besok ptm
318,gua bosen cmn ngerasa seru ptm aja,gua bosen sun ngerasa seru ptm aja
319,kalo ptm jam segini udah ngantuk,kado ptm jam begini usah ngantuk
320,srius moga ptm gasih dah bosen gt,serius moga ptm asih dah bosen tt
321,udah gt skolah dah ptm trus gegara lagi kasusnya omicron,usah tt sekolah dah ptm terus gegara lagi kasus omicron
322,kelasnya kena word iya ptm in bs aja papasan dijalan gt sm temen,kelasnya kena word iya ptm ini es aja paparan dimakan tt smp teman
323,ptm omg kayaa rame bgtt suka,ptm oma kayak rame bot suka
324,sekolah sender ptm huhu,sekolah santer ptm hulu
325,hadueee mtk menyusahkan untung besok pjj kalo besok ptm ketar ketir ngerjain pr mtk,hadeh tk menyusahkan untung besok pjj kado besok ptm ketar kelir ngerjain dr tk
326,ptm biar semangat belajar,ptm biar semangat belajar
327,gatau bingung ngapain rumah ptm,gatau bingung ngatain rumah ptm
328,enak ptm full anak smk kayak tu skolah jm smpe jm sore jdi plng skolah udh capek bnget,enak ptm full anak smk kayak tua sekolah jam smp jam sore adi plong sekolah ugh capek inget
329,besok ptm ak galau kpn jadi positif elah,besok ptm fk gatau kpd jadi positif ulah
330,lelah ptm,lelah ptm
331,kirain ptm tugasnya eh kesana kesini kesitu kedepan hadeh,kirain ptm tugasnya teh kesian begini kesi kedepan hadeh
332,selesai magang dihantam laporan proposal kuliah udah masuk sistem ptm,selesai malang dipantau laporan protokol kuliah usah masuk sistem ptm
333,lingkungan sekolahsekolah memberlakukan ptm pjj sakit,lingkungan bersekolah memperkacaukan ptm pjj sakit
334,males banget ptm besok,males banget ptm besok
335,surat edaran ptm bru ptm udh febuari,surat edaran ptm baru ptm ugh februari
336,ncerna materi menurutku enakan ptm kalo pjj ketinggalan pemalas kayak huhu,cerna materi menurut enakan ptm kado pjj ketinggalan pemalak kayak hulu
337,besok skolah ptm malesnya ampe tulang,besok sekolah ptm balesnya ampel tulang
338,ethypnos gua mikirnya ptm khawatir kek gini,empos gua dikira ptm khawatir keki gini
339,sekolah stop ptm aja anak usia vaksin,sekolah stop ptm aja anak usia vaksin
340,ptm kah,ptm dah
341,dlu wktu sblm korona karna terbiasa ptm sukanya ptm skrng korona dah terbiasa pjj,flu watu silu karena karena terbiasa ptm gunanya ptm serang karena dah terbiasa pjj
342,pjj ptm langsung tipes,pjj ptm langsung tips
343,semenjak ptm kerjaan kalo stress nahan laper,semenjak ptm kerjaan kado stress nahan laper
344,kwkwk sekolah positifnya sekolah juga korban seminggu ptm eh skrng udh pjj,wkwkwk sekolah positif sekolah juga korban seminggu ptm teh serang ugh pjj
345,nugas besok ptm tugasnya dibawa,tugas besok ptm tugasnya dikara
346,ptm seru pjj enak,ptm seru pjj enak
347,sekolah sender ptm eh murid positif,sekolah santer ptm teh murid positif
348,ngebet ptm pake masker bener,ngebet ptm paket master bener
349,suka ptm udah kebiasa ptm paham materi tugasnya ngga pjj,suka ptm usah biasa ptm paham materi tugasnya nggak pjj
350,semoga pjj sampe ajaran allah gatau suka ptm,semoga pjj sampul jajaran allah gatau suka ptm
351,kmrn ptm kak cmn ad covid online semoga skolah adeknya covid yaa,keren ptm kak sun sad covid life semoga sekolah apanya covid ya
352,serba salah kalo pjj masuk otak kalo ptm maksain,serta salah kado pjj masuk otak kado ptm makian
353,sedih sebenernya kalo emang jalan yaudah deh sekolah sehat ptm,sedih sebenernya kado memang jalan yaudah deh sekolah sehat ptm
354,sekolah gua positif ptm,sekolah gua positif ptm
355,temanku takut ptm covid jalan jalan bali,teman takut ptm covid jalan jalan bali
356,pribadi lbh suka ptm hiks seru materi lbh nyantol nanya temen ngerti,prima lah suka ptm hias seru materi lah banyol nanya teman ngerti
357,kuliah ptm terbatas tingkatan paud tk ngatur aja susah,kuliah ptm terbatas ingatan lau tk natur aja susah
358,kalau ptm enak ngobrol bareng temen sharing materi gampang tpi santai,kalau ptm enak ngobrol bareng teman sharing materi gampang api santai
359,udaah capeek udah ptm soalnyaa,usah capek usah ptm soalnya
360,kasian banget pcr ku dibolehin masuk ptm karna sembuh,kasian banget pcr kuy disalahin masuk ptm karena sembuh
361,skolah nugas sii sklhnya udh ptm yaa trus plngnya sore,sekolah tugas sir susahnya ugh ptm ya terus gunanya sore
362,omicron sekolah maksain ptm,omicron sekolah makian ptm
363,ptm sekolahku tugasnya emang nambah repot,ptm sekolah tugasnya memang tambah repot
364,ptm tugas kelompoknya ampun banget,ptm tugas kelompok ampun banget
365,pjj ptm aja capeknya,pjj ptm aja apanya
366,bajingan ptm gini tugas presentasi banget ngentot,bajingan ptm gini tugas presentasi banget ngentot
367,ptm walopun remuk badan sosialisasi gurunya enak ngajarinnya kalo pjj pda males,ptm yampun remuk badan spesialisasi gunanya enak naiknya kado pjj ada males
368,gua dlu stan grup hapal update an semenjak ptm cuman fokus grup doang,gua flu sian grup kapal udara ana semenjak ptm cuma fokus grup doang
369,apan anjir udah ptm aja tetap dapet uang jajan,awan anjir usah ptm aja tetap dapet uang jajan
370,ko bingung nambah moment sekul ko harapannya sampe ptm,kot bingung tambah someng dekil kot harapanya sampul ptm
371,ptm tetap aja ak memilih ptm pjj,ptm tetap aja fk memilin ptm pjj
372,enak ptm tpi alias disesi,enak ptm api rias digresi
373,ptm enak dah,ptm enak dah
374,ptm udh online lagi gegara tua murid positif,ptm ugh life lagi gegara tua murid positif
375,daya ketertarikan baca au ku menurun drastis kayaknya karna ptm nyatet sm nuga,daya ketertarikan baca lau kuy menurun drastis kayaknya karena ptm nyata smp juga
376,sekolah udah ptm juga pgn ngampus,sekolah usah ptm juga pgen kampus
377,kelas ptm kena udh masuk sekolah berharihari,kelas ptm kena ugh masuk sekolah berhati-hati
378,pjj teratur ptm teratur separah pjj,pjj teratur ptm teratur separuh pjj
379,apapun gua udh liat org igs pd post result pcr positive gegara ptm ak sarjana cvd jadi parno,ampun gua ugh liat ora ira kpd lost mesut pcr positif gegara ptm fk durjana covid jadi parno
380,teguran ingatkan berkali prokes diterapkan sekolah sanksi,teguran ingatan berahi prokes diterangin sekolah saksi
381,im takut bismillah positif udh nyaman ptm anjirr,tim takut bismillah positif ugh nyaman ptm anjir
382,ptm seru cape bnget trus guru kalo tugas mending mandiri aja deh sebel bnget kalo dikelompok,ptm seru cape inget terus guru kado tugas mending mandiri aja deh sebel inget kado kelompok
383,pgn kena kopit lagi ah anjg biar pjj lagi males ptm,pgen kena kopi lagi dah anjg biar pjj lagi males ptm
384,ptm njirr pjj aiu gapunya wifi kuota miskin ptm malasku pergi kehidupanku,ptm njir pjj abu apanya kisi kuota miskin ptm malak pergi ketiduran
385,sumpah ptm seru bnget sieeeee,sumpah ptm seru inget sepele
386,ptm maunya pjj aja cape crush gapeka,ptm maunya pjj aja cape crash apek
387,pjj teratur ptm berantakan cmn makan sarapan,pjj teratur ptm berantakan sun makan harapan
388,segobloknya ptm mending ptm genuine pjj bener bener kena mental gamau,soalnya ptm mending ptm gending pjj bener bener kena mental gamau
389,kuat ptm tolongg haloo kameranya dimana melambaikan tangan,kuat ptm tolong haloo katanya diamana melarikan tangan
390,males bnget anjing bsok ptm,males inget anjing besok ptm
391,kek abis skolah dinyatain terpapar covid skolah tibatiba dibatalin ptm nyaaaa,keki abis sekolah dikatain terpapar covid sekolah tetiba dikatain ptm yaaaa
392,bahaya udh sebulan ptm sekarng bosen,bahaya ugh sebulan ptm sekarang bosen
393,kalo ulangan ptm kalo ulangan pjj tetap hati,kado ulangan ptm kado ulangan pjj tetap hati
394,keren mananya enak ptm,keren matanya enak ptm
395,bingung mbah udah paksin ptm anak sd logikanya mahasiswa mudah diatur,bingung ubah usah vaksin ptm anak sd naiknya mahasiswa mudah donatur
396,covid tetep ptm hadeh kontol,covid tetap ptm hadeh kontol
397,nie ak kalo ptm tepar,nice fk kado ptm tepar
398,arusnya sekolah online ptm dah gila online kecuali swasta,akunya sekolah life ptm dah gila life kembali swasta
399,besok udh ptm lagii tpi males bnget,besok ugh ptm lagi api males inget
400,eneran deh dr ptm belajar jadi teratur bnget ngerasa progress samsek ueeee,beneran deh dr ptm belajar jadi teratur inget ngerasa protes sampuk perek
401,ebenernya suka pjj kalo ptm cuci mata,sebenernya suka pjj kado ptm cuci mata
402,capek banget tugas kalo pjj ptm ae anjing,capek banget tugas kado pjj ptm tae anjing
403,ptm dah tertanda kakak kesepian adeknya rumah,ptm dah pertanda kakas kesepian apanya rumah
404,badan sakit ptm,badan sakit ptm
405,ptm serukalo temen,ptm berakal teman
406,hmm ngawi ptm diliburkan dariing,rem ngopi ptm liburan daring
407,gua doa buruk buruk semoga sekolah gua kena covid gagal ptm,gua doa buruk buruk semoga sekolah gua kena covid gagal ptm
408,plis deh udah nyaman ptm ketemu temenmsih kerja kelompok ujian bentar mesti pjj,plis deh usah nyaman ptm ketemu temenin kerja kelompok ujian bentar meski pjj
409,gua dikibulin guru pjok taunya beneran daring awikwikwik ptm yhaaa kocak,gua ditidurin guru pojok maunya beneran daring wkwkwk ptm yaaaa kocak
410,ak kalau tugas suka pjj kalau ptm suka keburu lupa males aneh tpi nyata,fk kalau tugas suka pjj kalau ptm suka keburu lupa males aneh api nyata
411,eh bener bnget sumpah ptm xcxb mapel tugas gila,teh bener inget sumpah ptm xx gatel tugas gila
412,pengen ptm,pengen ptm
413,sekolah kaga ptm udah pjj anjeng,sekolah kada ptm usah pjj anjeng
414,allah ptm,allah ptm
415,pusing bnget semenjak ptm knp tugasnya ngotak diatasin juga seburuk,pusing inget semenjak ptm ana tugasnya nggak diapain juga buruk
416,semenjak ptm full tidur siang malemnya jadi gampang ngantuk,semenjak ptm full tidur siang balesnya jadi gampang ngantuk
417,gajadi ptm,gajadi ptm
418,ptm guru lagi ad rapat pjj siang sesuai jadwal sesi ngerjain latihan,ptm guru lagi sad rapat pjj siang sesuai jadwal sesi ngerjain latihan
419,samaaa besok ak ptm males,sambar besok fk ptm males
420,pagi ptm yeayy alhamdulilah bebas tugass kegiatan lumayan singkat,pagi ptm ready alhamdulilah bebas tugas kegiatan lumayan singkat
421,allah ngeri bnget skskssk kemaren sekolah ku udh kena seminggu online lgi tpi ptm,allah ngeri inget wkwkwk kemarin sekolah kuy ugh kena seminggu life lagi api ptm
422,sumpah sbm cacat bet cacat tai udh ad kena covid masi aja ptm,sumpah rem cacat bot cacat tai ugh sad kena covid nasi aja ptm
423,mendukung kebijakan melanjutkan ptm terbatas ancaman learning loss berbaya,mendukung kebijakan lanjutkan ptm terbatas ancaman daring lost berjaya
424,ptm sekolah terancam turun duit jajan kekumpul sejuta,ptm sekolah teranyar turun duet jajan berumpun juta
425,jujur ptm numpuk tugas iniiii pjj ajaa cape banget bong,jujur ptm numpuk tugas intrik pjj aja cape banget boong
426,semenjak ptm jam segini udah ngantuk,semenjak ptm jam begini usah ngantuk
427,ptm kalo pjj bisanya plangaplongo doang kaga paham,ptm kado pjj bisanya plonga-plongo doang kada paham
428,jamannya masuk sekolah pakai ijin tua ptm masuk pakai alasan diijinin tua,jahatnya masuk sekolah pakai ijin tua ptm masuk pakai alasan diajarin tua
429,jujur ptm capek bnget,jujur ptm capek inget
430,pemerintah sekolah mutusin ptm terbatas udah mikir resikonya aja,pemerintah sekolah putusan ptm terbatas usah mikir beresikonya aja
431,udah ptm masi aja ngambil jam istirahat daring,usah ptm nasi aja gembil jam istirahat daring
432,setujuu hentikan ptm daring,setuju hentikan ptm daring
433,ptm capek banget,ptm capek banget
434,ptm stress tetep ketawa kalo stress temen aokwaowk,ptm stress tetap ketawa kado stress teman wkwkwk
435,duh males bngt ptm,duh males begu ptm
436,udah nyaman sm ptm,usah nyaman smp ptm
437,udah fix hybrid ptm domisili kota smg,usah fit nyari ptm komisi kota smga
438,ptm ngabisin uang gua ahhh nambah,ptm najisin uang gua ihhh tambah
439,ptm capek ptm ngerti pelajaran,ptm capek ptm ngerti pelajaran
440,ngerasa butuh tambahan kaya padet banget semenjak udah ptm,ngerasa butuh tambahan kaya paket banget semenjak usah ptm
441,udh nyaman ptm seru banget ngerti materi materinya,ugh nyaman ptm seru banget ngerti materi hatinya
442,gua kalo udh ptm jadi seneng deh ketemu temen wkwkwk,gua kado ugh ptm jadi seneng deh ketemu teman wkwkwk
443,sekolah anak bagus menerapkan prokes muridmuridnya anak sekolah wlopun dpn sdh ujian sdh ptm elemen sekolah juga mengantarkan senang ptm,sekolah anak bagus menetapkan prokes muridnya anak sekolah lopak api sd ujian sd ptm lemes sekolah juga menganjurkan senang ptm
444,seneng deh tmn kelas seru bnget huhu gamau pjj ptm aja libur seminggu,seneng deh tun kelas seru inget hulu gamau pjj ptm aja libur seminggu
445,convoms narasi picture covid ptm gamau libur,konveks narasi pinter covid ptm gamau libur
446,tepar ptm,tepar ptm
447,ptm kalo dibagi kelas tetep jauhan duduknya,ptm kado bagi kelas tetap jauhin lucunya
448,guru suka ptm karna anak didik keliatan kemampuan menerima pelajaran kayak gimana,guru suka ptm karena anak didik keliatan kemampuan menerima pelajaran kayak wimana
449,yeyyy vaksin ptm walopun mentalnya,ready vaksin ptm yampun mantannya
450,allah pr bnyk bnget semenjak ptm,allah dr bonyok inget semenjak ptm
451,kepikiran gitu jujur seneng bangeeeettt ptm tetap aj takut,pemikiran gitu jujur seneng bangett ptm tetap aja takut
452,ptm tai kucing,ptm tai kucing
453,bismillah kampus gajadi ptm ptm seminggu seminggu gitu sayang kucingku,bismillah kampus gajadi ptm ptm seminggu seminggu gitu sayang kucing
454,adinya online offline trus kemaren form ptm,apanya life fine terus kemarin forum ptm
455,sekolah ptm please kasihan anakanak sakit kasih opsi aja ptm offline udah stabil,sekolah ptm please kasihan anakan sakit kasih api aja ptm fine usah stabil
456,alias semenjak ptm bener kerja kelompok,rias semenjak ptm bener kerja kelompok
457,biar pelarangan ptm anak divaksin,biar penerangan ptm anak vaksin
458,dengar ptm tatap muka belajarnya kerjanya wfh kondisi stabil bngt,dengar ptm tatap muka sewajarnya kiranya wah komisi stabil begu
459,emg taiiii udah swab sekolah hasilnya negatif prokes ketat eh sekolah ptm,emg tafsir usah swab sekolah hatinya negatif prokes ketat teh sekolah ptm
460,ptm masuk materinya,ptm masuk hatinya
461,dirindukan emak ptm anak mandiri bawa minum segede gentong worksheet seberat beban hidup,kerinduan emak ptm anak mandiri bawa minum segeh sentong boksen segera beban hidup
462,jujur ptm pikiran burukku sekolah berkurang capek pikiranku kerasa ringan,jujur ptm pikiran buruk sekolah berkurang capek pikiran berasa ringan
463,pls iya bnget sekolah ku pjj positif ptm cvd tbl tbl tbl,pls iya inget sekolah kuy pjj positif ptm covid tol tol tol
464,pribadi ptmt kebijakan sekolah,prima ptmt kebijakan sekolah
465,capek bnget plis energinya kebuang interaksi udh mah kelasnya panas pulang sekolah nugas,capek inget plis senengnya keluang interaksi ugh dah kelasnya panas pulang sekolah tugas
466,asus omicron yaa aduh mah pjj sedih udah nyaman ptm,kasus omicron ya aduh dah pjj sedih usah nyaman ptm
467,pjj mah ptm tremor banget,pjj dah ptm rumor banget
468,kalo ptm maybe covid,kado ptm mayit covid
469,ptm ngabisin energi masi lebi cape sm pjj,ptm najisin energi nasi lebih cape smp pjj
470,pls jgn smpe sekola tutup gua suka ptm ngerti pelajaran,pls jin smp sekolah tutup gua suka ptm ngerti pelajaran
471,sekolahku aneh bnget tbtb ptm,sekolah aneh inget tt ptm
472,mkin lmaaa skolah ptm mkin capek,makin yaaaa sekolah ptm makin capek
473,ua ngeri ptm tu tau kalo sma deket rumah ditutup positif,ua ngeri ptm tua tau kado sma deket rumah ditutup positif
474,brp anak indonesia mengalami learning loss nearip ptm,ira anak indonesia mengalami daring lost nyari ptm
475,kena anak temanku jaktim pulang sekolah suhu tubuh tenggorokan radang periksa ptm,kena anak teman takzim pulang sekolah sudu tubuh menggelikan radang periksa ptm
476,anakanak sekolah jakarta rada khawatir ptm full covid,anakan sekolah jakarta raya khawatir ptm full covid
477,iyaaa kakk neya kamisjumat pjj gitu anak kelas positif huuff sedih gaakk sekolah,iyak kaki naena kismat pjj gitu anak kelas positif heula sedih gaada sekolah
478,nderr jujurr ptm produktif tidur seharian rajin,nder jujur ptm produktif tidur sehari rajin
479,bingung tua mudah parnoan sekolah ditutup anak elo dah vaksin takut ptm,bingung tua mudah parno sekolah ditutup anak ego dah vaksin takut ptm
480,serem dh tmn online kn ptm trus abis cek trus positif anying,serem dah tun life ken ptm terus abis cek terus positif anjing
481,dentjii ptm libur jdi daring sehari rumah tpi tugas byk bgtt asksk,dengki ptm libur adi daring sehari rumah api tugas bye bot asik
482,eneran dah ptm energi gua terkuras habis bgtt membiasakan sisa stamina sekolah,beneran dah ptm energi gua terkuak habis bot membiasakan sisa stamina sekolah
483,capekk gua bosenan cerita ptm,capek gua bosan cerita ptm
484,hahaha ptm capek,bahasa ptm capek
485,asli berani aja ptm undur ina,asli berani aja ptm andur ira
486,dr buka ptm dihimbau ditutup seminggu anak sd smpai skrng daring walau temannya ptm wajib ptm sy mengizinkan anak sd divaksin kecuali man pt sdh divaksin sy izinkan ptm,dr buka ptm dirimu ditutup seminggu anak sd smpai serang daring walau temennya ptm wajib ptm shy mengizinkan anak sd vaksin kembali man tt sd vaksin shy ijinkan ptm
487,ptm udah muak banget belajar pjj shit udah bego bego,ptm usah muak banget belajar pjj shit usah bego bego
488,online nder ptm aja sekolah,life nder ptm aja sekolah
489,jujur engene ptm ketar ketir broo,jujur ngenes ptm ketar kelir beol
490,ptm,ptm
491,gweh dh nyaman ptm woe aisjaishksjs,gres dah nyaman ptm soe bisikan
492,plis ptm terbuka banget ngelatih mental biar takut or khawatir,plis ptm terbuka banget pelatih mental biar takut dr khawatir
493,capeknya milih ptm karna cepat paham,apanya milih ptm karena cepat paham
494,pengen ngomong ttg kebijakan pjjptm tpi keknya kapasibilitas,pengen ngomong tt kebijakan pjj api kena kapabilitas
495,ptm pjj susah ngerti pelajaran trus screentime gampang cape ngga ngapain mending ptm,ptm pjj susah ngerti pelajaran terus sentimen gampang cape nggak ngatain mending ptm
496,disuruh daring big noo mauuuu ptm capek bnget suka produktif,disuruh daring bir nol maujud ptm capek inget suka produktif
497,keterlambatan booster beresiko ptmt harap diperhatikan,keterlibatan blaster berisik ptmt harap perhatian
498,adek gua ptm offline jam doang,adek gua ptm fine jam doang
499,ptm susah belajar utbk udah capeeeeee duluan cape bnget dipaksain belajar sakit,ptm susah belajar usik usah cemeeh duluan cape inget dipaksa belajar sakit
500,ptm temen kelas seru seru banget,ptm teman kelas seru seru banget
501,taun ptm seminggu ptm full dibatalin gara tua murid setuju,taun ptm seminggu ptm full dikatain gara tua murid setuju
502,aaaaa ptm bln februari,yaaaa ptm sun februari
503,kopid nanjak lagi ptm tetap dilakuin knp,kopi manja lagi ptm tetap dimakan ana
504,cepet cepet ptm deh gua gila anj kalo pjj isiannya kelompok,cepet cepet ptm deh gua gila ana kado pjj kesiannya kelompok
505,daring skola ptm tutup huhhh capek,daring idola ptm tutup ihhh capek
506,ptm emosi stabil,ptm emosi stabil
507,gejala gejala swab antigen swab pcr tau tau positifsadar efek ptm,gejala gejala swab antigen swab pcr tau tau positif efek ptm
508,dilematis ptm dilaksanakan pemrintah waspadalah omicron bertambah kontradiksi,dilema ptm melaksanakan pemerintah waspada omicron bertambah kontradiksi
509,tebak hbs ptm full daring,tebak gbs ptm full daring
510,sekolahku tetep ptm nder guru and siswa positif,sekolah tetap ptm nder guru ana siswa positif
511,ni sma pgn ptm eh kuliah mending pjj anjir,ini sma pgen ptm teh kuliah mending pjj anjir
512,ni covid udah kekeh ptm,ini covid usah jebeh ptm
513,istirahat minum obat ptm deh bahaya get well soon,istirahat minum obat ptm deh bahaya got beol oon
514,hahahaha kuat ntr bunda ptm demo bersilid silid,mahabah kuat sir bunda ptm demo bersilih silit
515,pesimis ptm berjalan kalo gini,gerimis ptm berjalan kado gini
516,pjj ptm asik sekarng,pjj ptm asik sekarang
517,ptm serius seru banget temen paham materi bgo bngt kimia skrng kayak master,ptm serius seru banget teman paham materi bego begu kisi serang kayak master
518,cov terdeteksi sekolah imho mas menteri mengevaluasi ptm,covid mendeteksi sekolah maho pas menteri mengawasi ptm
519,udah nyaman bnget ptm pjj goblok doang,usah nyaman inget ptm pjj goblok doang
520,celah sekolah diadakan ptm dimasukkin muridmurid hadir,celah sekolah dimakan ptm dimakan mucikari hadir
521,ngajar gini sumpah capek banget wes mending pjj ptm separoh,ngajak gini sumpah capek banget yes mending pjj ptm separuh
522,fairuzsalwa koko bener bangetsampe bocil divaksin sekolah ptm,barusam poko bener bangsat bedil vaksin sekolah ptm
523,pls ak daring aja ketimbang ptm,pls fk daring aja setimbang ptm
524,trus ptm udh ko ptm lanjutkankasian anak,terus ptm ugh kot ptm lanjutkan anak
525,schfess pjjtau kondisi ngotot ptm,stress putau komisi ngotot ptm
526,both are good pjj fleksibel belajarnya ambis ptm materi masuk materi matematika,bot aru good pjj sensibel sewajarnya ambisi ptm materi masuk materi matematika
527,ptm stres bareng bareng,ptm stres bareng bareng
528,penerapan ptm kn dah zona hijau dn ptm kesiapan dn prokes ketat,peresapan ptm ken dah nona hijau dr ptm kesialan dr prokes ketat
529,kl distopminimal ptm,kzl minimal ptm
530,sebenernya negara berani banget ptm,sebenernya negara berani banget ptm
531,sekolah stop ptm aja anak usia vaksin,sekolah stop ptm aja anak usia vaksin
532,kena covid ptm aja udah aneh,kena covid ptm aja usah aneh
533,convomfs sekolah ptm banyakan sekolah siswa guru abai,konveks sekolah ptm kebanyakan sekolah siswa guru abai
534,kendati ditemukan sekolah guru siswa tenaga kependidikan ptm distop,kendati dimakan sekolah guru siswa tenaga berpendidikan ptm distop
535,pelaksanaan ptm bebani psikologis guru tua,pelaksanaan ptm beban seksologis guru tua
536,jichakyu samaaa kak ak juga aja tt ak semenjak sekolah udh ptm tiaap capek bnget trus jdi mood,rahayu sambar kak fk juga aja tt fk semenjak sekolah ugh ptm tilap capek inget terus adi mood
537,terpantau tdak kuat ptm,terpana ndak kuat ptm
538,allah gamau ptm kalo pjj gamau,allah gamau ptm kado pjj gamau
539,males ptm main sirkel anjrit pilih pilih temen banget ngerti,males ptm main simpel angit pilih pilih teman banget ngerti
540,enakenak udah ptm eh pjj sabar,naena usah ptm teh pjj sabar
541,lelah juga ptm,lelah juga ptm
542,pjj aj anjing kesel ptm mulu asuuuuuuuuuuuuuuu,pjj aja anjing kesel ptm mulu sungguh-sungguh
543,dilema banget ngisi survei kampus okein setuju ptm maksud males gitu kalo nyari kosan,dilema banget ngopi suri kampus oke setuju ptm maksud males gitu kado nyari bosan
544,allah ptm,allah ptm
545,pls bpk jngn daring sya udh nyaman sma ptm hati gonjang ganjing ktmu guru killer,pls buku angan daring ya ugh nyaman sma ptm hati genjang anjing kamu guru kial
546,jabodetabek bandung ketar ketir dikaji ptm nyatt iyasih dirumah enak aing bego,jelabak banding ketar kelir dihati ptm nyata iyasih rumah enak daing bego
547,enaknya kalau pjj konsen belajar kalo ptm ketemu tementemen diskusi bareng gitu,naiknya kalau pjj kosen belajar kado ptm ketemu temenan ilusi bareng gitu
548,ptm dijelasin masuk dibanding pjj,ptm disalahin masuk banding pjj
549,schfess ptm kalo pjj kadang jaringan error devicenya macem materi masuk otak rumah,stress ptm kado pjj kadang jaringan error detailnya macem materi masuk otak rumah
550,allah berharap banget skul pjj kuat ptm lelah,allah berharap banget kuy pjj kuat ptm lelah
551,ptm enak,ptm enak
552,benerr semenjak ptm muka leher belang,bener semenjak ptm muka leher belang
553,dah mending ptm kalau kaya gini mah ngadi emng sekolahan,dah mending ptm kalau kaya gini dah ngadu emg sekolah
554,pjj enak santai memahami materi suka kesusahan ptm males sakit perut males ketemu,pjj enak santai memahami materi suka kesusahan ptm males sakit perut males ketemu
555,sekolah ptm please kasihan anakanak sakit kasih opsi aja ptm offline,sekolah ptm please kasihan anakan sakit kasih api aja ptm fine
556,njir knp besok kga ptm asu,njir ana besok kgk ptm asu
557,ptm tetep dilanjutin pembelajaran maksain,ptm tetap dilanjutkan berpelajaran makian
558,so far ptm ketemu temen ketawa tawa produktif juga kl pjj tu jenuh trus jadi kek males malesan,lo fair ptm ketemu teman ketawa rawa produktif juga kzl pjj tua penuh terus jadi keki males malesin
559,pengen ptm,pengen ptm
560,udah enak ptm daring,usah enak ptm daring
561,kelar kasian asli ptm kek gimana pusat kehidupan rakyat ibukota,kelar kasian asli ptm keki wimana pusat ketiduran rakaat bukat
562,emang ngga sekolah tpi jakarta udh bnyk gt pjj lagi tpi doang nanti ptm lagii,memang nggak sekolah api jakarta ugh bonyok tt pjj lagi api doang nanti ptm lagi
563,kalo nama skolah gua positif kasusnya disembunyiin jadi tetep ptm,kado nama sekolah gua positif kasus membunyikan jadi tetap ptm
564,suka ptm,suka ptm
565,sekolah ptm,sekolah ptm
566,udah enak ptm daring,usah enak ptm daring
567,ptm ditiadakan salah siswa terpapar virus covid,ptm ditiadakan salah siswa terpapar murus covid
568,pls tolonglah ptm ngeri anjir namanya jaga jarak gerombol mulu,pls golongan ptm ngeri anjir namanya jaga jarak gerombol mulu
569,iya ptm aja patuh protokol,iya ptm aja patuh protokol
570,guyss doain daerah ku safe yaa biar sekolahku tetep jalann tetep ptm,guys doain darah kuy kafe ya biar sekolah tetap jalang tetap ptm
571,sridianava chan bu dok ptm kali annakku pjj info sekolah kmrn sore,diamana chat ibu dok ptm tali ngaku pjj info sekolah keren sore
572,drastis yh skola jgan ptm dlu ppkm,drastis yg idola angan ptm flu poko
573,ptm sebulan ngerasa banget anak kemajuan tau ngerjain matematika khususnyapas ptm shock anak,ptm sebulan ngerasa banget anak kemaluan tau ngerjain matematika kesenyapan ptm hack anak
574,setuju pemerintah msh belajar dr melonjaknya delta juni diperingatkan dr maret mengindahkan pakar pandemi skr berulang semoga kali separah kemarin melepas anak anak ptm,setuju pemerintah ish belajar dr hendaknya desa suni meringankan dr maret mengingatkan pakar pandemi sir belulang semoga tali separuh kemarin melepas anak anak ptm
575,telat bnget semangat ptm berat bnget asli deh,telat inget semangat ptm berat inget asli deh
576,suka bnget sm ptm,suka inget smp ptm
577,udah nyaman bnget ngajar ptm tbtb pjj kek ah udahlah wkwk,usah nyaman inget ngajak ptm tt pjj keki dah dahlah wkwk
578,ptmkarna kalo pjj jarang belajar,perkara kado pjj jarang belajar
579,tpi suka ptm xfxfxxb,api suka ptm xx
580,ngerasa semenjak ptm tugas jdi jujur maih pjj tugas ku santai bngt,ngerasa semenjak ptm tugas adi jujur raih pjj tugas kuy santai begu
581,pls mls bgtt ptm,pls mls bot ptm
582,smandu pjj suka ptm,sadu pjj suka ptm
583,laj lgsg pjj kalau ketauan satgas lgsg gboleh ptm lagi akwoakwokaowla,lau lost pjj kalau ketauan bagas lost boleh ptm lagi adakala
584,ptm tingkat kemalasan bertambah,ptm tingkat kemaluan bertambah
585,dki jakarta ptm sekolah jalan teruskemana akal pikiran pemimpin,daki jakarta ptm sekolah jalan terkemuka akal pikiran mimpian
586,gajadi ptm huft covid knp km sgt mengesalkan,gajadi ptm hulu covid ana kam saat menyesalkan
587,muridmurid ptm positif covid dahh adiknya temenku diganti online aja apaa,mucikari ptm positif covid dahh naiknya temenan diganti life aja apas
588,takut ptm gara gara gaada temen belajar dapet hikmahnya doang,takut ptm gara gara gaada teman belajar dapet hikmah doang
589,ah giliran udh pw ptm pjj dhlah,dah giliran ugh pa ptm pjj dahlah
590,siswa kena cvid pjj ptm,siswa kena covid pjj ptm
591,gua udh nyaman ptm anjing,gua ugh nyaman ptm anjing
592,kaga ptm pls amin,kada ptm pls amin
593,sumpah seseru ptm telat masuk langsung ulangan kimia abis tu praktek fisika seru banget,sumpah seteru ptm telat masuk langsung ulangan kisi abis tua praktis fisika seru banget
594,semenjak ptm berasa capek banget,semenjak ptm berasa capek banget
595,sumpah ptm pjj sepi bnget anjg seru,sumpah ptm pjj sepi inget anjg seru
596,ptm enak kalau nangkep materi nanya,ptm enak kalau mangkel materi nanya
597,besok ptm mls,besok ptm mls
598,bekasi ketularan kayanya br ptm msh udh disuruh bdr lagi aja karna guru positip,bekasi ketularan katanya dr ptm ish ugh disuruh dr lagi aja karena guru positif
599,sekolah ptm capeknya double double seru,sekolah ptm apanya couple couple seru
600,sekolah efektif buka tutup penemuan covid,sekolah efektif buka tutup perempuan covid
601,kalo paham materinya paham pjj ptm tergantung gurunya jelasin aja,kado paham hatinya paham pjj ptm tergantung gunanya jelas aja
602,sekulaku ptm positif parno bnget kalau sekolah berani pegang tangga tangganya curam bnget butuh pegangan,perilaku ptm positif parno inget kalau sekolah berani pegang tangga tandanya guram inget butuh pegang
603,sumpah kl sekolah online jadi produktif gt jadi kek mending ptm,sumpah kzl sekolah life jadi produktif tt jadi keki mending ptm
604,pjj ptm bahagia banget,pjj ptm bahagia banget
605,sekolah sender pjj lagi sampe ditentukan alias gabakal ptm lagi nangis seminggu ptm,sekolah santer pjj lagi sampul dihentikan rias gabakal ptm lagi nangis seminggu ptm
606,lonjakan omicron ptm,lonjakan omicron ptm
607,lrt msh paham ptm msh dilaanjuttt gitu allah,lot ish paham ptm ish dilanjutkan gitu allah
608,tai lahhh udh nyaman ptm,tai yahhh ugh nyaman ptm
609,gua ptm ad sebulan udah tutup lagi anjg,gua ptm sad sebulan usah tutup lagi anjg
610,ngeri kalo nanti pengumuman smt ptm wkwk,ngeri kado nanti pengumuman smp ptm wkwk
611,sekolahnya mikir capek tau sehari ptm sehari pjj tugasnya terlantar,sekolah mikir capek tau sehari ptm sehari pjj tugasnya telantar
612,ptm terbatas gini worth it mapel dibatasin cmn jammapel puas nerima materi,ptm terbatas gini toreh tt gatel dikatain sun ampel puas terima materi
613,ptm terbatas efektif jdi guru kalau nerangin materi fokusnya terbagi dimana kelas satunya rumah gimana namanya how about,ptm terbatas efektif adi guru kalau berangan materi solusinya berbagi diamana kelas katanya rumah wimana namanya hot alot
614,satuan pendidikan tingkat paud sd butuh bnget ptm terbatas penelitian pjj optimal resiko learning loss dampaknya diluar kondisi psikologis yuk bismillah prokes jalan,laluan pendidik tingkat lau sd butuh inget ptm terbatas pengertian pjj timpal resiko daring lost apanya keluar komisi seksologis yuk bismillah prokes jalan
615,enapa ptm terbatas diselenggarakan tua mengeluh program pjj sekolah online efektif nonton youtube anak sekolah online guru menerangkan anaknya ketiduran hahaha,napa ptm terbatas selenggara tua mengelih prosa pjj sekolah life efektif tonton tutup anak sekolah life guru menegangkan apanya ketiduran bahasa
616,semoga ptm terbatas berjalan lancar disetiap daerah buatku efektif belajar disekolah anak konsentrasi belajar belajar dirumah disiplin ujungnya main gadget prokes jalan,semoga ptm terbatas berjalan lancar setiap darah buku efektif belajar sekolah anak konsultasi belajar belajar rumah disiplin gunanya main kaget prokes jalan
617,gua udh nyaman bnget ptm disiplin knp pjj sumpah sumpah gua kesel bnget,gua ugh nyaman inget ptm disiplin ana pjj sumpah sumpah gua kesel inget
618,keseeeelllanak gua malem dah siapin ptm wa sekolahptm ditiadakan,kecemerlangan gua malem dah biarin ptm ua sekolah ditiadakan
619,tpi bneran pgn ptm gila pjj capek capek mental pjj kerjaannya sambaaatt mulu kemaren ptm bahagia,api beneran pgen ptm gila pjj capek capek mental pjj kerjaan sambaran mulu kemarin ptm bahagia
620,planning pjj pastikan seefektif ptm,pelanting pjj pastikan selektif ptm
621,kalo pjj enak santai ngumpul tugas juga materi masuk sangking santai nyakalo ptm capek,kado pjj enak santai tumpul tugas juga materi masuk langking santai yakali ptm capek
622,berat pemerintah bagus persiapan menghadapi omicron poin ptm alot disuratin asosiasi profesi udah dikasih saran ahli via back channel juga udah disindir who udah tau mesti gimana gini,berat pemerintah bagus persiapan mengharap omicron poin ptm alot diliatin asosiasi protes usah dikasih saran ahli dia hack amandel juga usah sindir why usah tau meski wimana gini
623,ngantuk bener capek ptm gini kayak gaada istirahatnya tugas bejibun,ngantuk bener capek ptm gini kayak gaada istirahat tugas lebun
624,kebanyakan isi form endingnya kaga ptm,kebanyakan isi forum senengnya kada ptm
625,juga sampe sekarng ptm aje buset,juga sampul sekarang ptm gaje busut
626,ptm pls udh kls gamau pjj lagii ngerasain sma,ptm pls ugh mls gamau pjj lagi ngerasain sma
627,wqwq temennya adek udh org positive covid ptm yauda la,wkwk temennya adek ugh ora positif covid ptm yauda lau
628,doakan semoga cepet sembuh jujur dah nyaman ptm gusyysys bangun pagi,loakan semoga cepet sembuh jujur dah nyaman ptm guys bangun pagi
629,pjj as murid kelas mending pjj asli dah ptm capek tugasnya,pjj asa murid kelas mending pjj asli dah ptm capek tugasnya
630,enakan ptm,enakan ptm
631,antesan virusnya melonjak diadakan ptm akal bulus licik,pantesan kiranya melanyak dimakan ptm akal bulus cicik
632,pengen pjj stress ama tugas ptm tiada habisnya tugas sampe mapel mepet banget,pengen pjj stress ana tugas ptm tiada hatinya tugas sampul gatel cepet banget
633,ptm aasik bat enakan daring,ptm asik obat enakan daring
634,ptm udah curigaptm gampang koordinasikan vaksin ajahabis online,ptm usah curiga gampang koordinasikan vaksin jahatin life
635,mls ptm apapun,mls ptm ampun
636,ak ptm plis help,fk ptm plis help
637,isi positif anak sekolah ptm jadi keliatan pintar dumay duta,isi positif anak sekolah ptm jadi keliatan pintar cuma duka
638,ptm ku malas kos,ptm kuy malas kaos
639,wakil rakyat ngomong mencermati kenaikan kasusnya bolak ptm online ptm online seenteng mulut,akil rakaat ngomong mencemat kenaikan kasus tolak ptm life ptm life senteng mulut
640,sekolah adik udah ditutup gara terkena covid sekolah ditutup,sekolah asik usah ditutup gara terkenal covid sekolah ditutup
641,senengnya ptm eh full pjj,senengnya ptm teh full pjj
642,ptm ribet bawa bawa aja tugas,ptm ribet bawa bawa aja tugas
643,ptm gampang paham suara kalo pjj sekolahan meet,ptm gampang paham suara kado pjj sekolah meet
644,sekolah ditutup sekolah gua informasiin kalo ptm what,sekolah ditutup sekolah gua informasi kado ptm what
645,sekolah sy terpantau ptm jakarta,sekolah shy terpana ptm jakarta
646,secapek capeknya ptm mending dibanding stres pjj,setapak apanya ptm mending banding stres pjj
647,ptm aja,ptm aja
648,semenjak ptm jadi gampang bnget sakit emg bener imunitas lemah susah,semenjak ptm jadi gampang inget sakit emg bener komunitas lemah susah
649,nentuin ptm pjj sekolah kepsek kalo iya mah enak anj diruangan aman anak murid sekelas anak dempetan anjng udh olahraga lapangan lepas masker,bantuin ptm pjj sekolah kenek kado iya dah enak ana sorangan awan anak murid sekolah anak dempet anjg ugh bahasa lapangan lepas master
650,duanya mix aja pjj enak ptm enak wkwk,tuanya mil aja pjj enak ptm enak wkwk
651,seneng senengnya ptm,seneng senengnya ptm
652,ptm plusnya tpi badan mendukung bgttttt temen kelasku sakit gegara jdi sampe izin karna jujur badanku gakuat banget sblm pandemi orangnya gabisa diem gitu jarang sakit semangat nder,ptm punya api badan mendukung buntut teman kelabu sakit gegara adi sampul izin karena jujur badan gakuat banget silu pandemi orangtua gausa diem gitu jarang sakit semangat nder
653,mbl males banget ptm,mil males banget ptm
654,menolak pjj karna anjrit mending ptm tugas kalo lu pjj tugas stres,menolak pjj karena angit mending ptm tugas kado lau pjj tugas stres
655,abud emang rencana jahat senang kalo jakarta kasusnya mewajibkan ptm sekolah dki dalih skb menteri urusan adu domba rusuh emang jagonya doi kebijakan pakai otak tempuh misinya,abur memang rencana jahat senang kado jakarta kasus mewajibkan ptm sekolah daki dalih sob menteri putusan adu domba rusuh memang jatohnya doi kebijakan pakai otak tempoh bisanya
656,ptm ajgg gua ngomong org aja gemeter,ptm ajang gua ngomong ora aja gemetar
657,ptm plis semoga prenggggg,ptm plis semoga renggang
658,menangis lemah besok ptm,menangis lemah besok ptm
659,asli banget ptm dapet kabar ngeriii takut ketauan gobloknya takut lingkungan takut adaptasi,asli banget ptm dapet kabar ngeri takut ketauan pokoknya takut lingkungan takut adaptasi
660,ptm tolong,ptm tolong
661,iap jujur ptm tugas tmbah ngerasa,siap jujur ptm tugas tambah ngerasa
662,jujur ptm,jujur ptm
663,gimana yaa belom ptm tpi kalo ptm bodoh,wimana ya belom ptm api kado ptm bodoh
664,pliss besok ptm,plis besok ptm
665,besok ptm hhh tpi yasudalah,besok ptm ihhh api yaudahlah
666,seriusan ptm sangup menghadapinya elah bahas gua intinya gakkk,keriuhan ptm sanggup menghalang ulah bahas gua hatinya gamak
667,plis ptm besok mendadak bngt hiks,plis ptm besok menjarak begu hias
668,alias ptm anjeeeeng,rias ptm anjeng
669,sumpah ptm anjir udah sekolah juga kek takut bnget left out,sumpah ptm anjir usah sekolah juga keki takut inget lost lost
670,ptm asli takut plonga plongo kl dtanyain,ptm asli takut plong longo kzl dandan
671,ptm ih no bnget,ptm hih lo inget
672,apapun ptm langsung sekelas,ampun ptm langsung sekolah
673,udah pergantian daaannn sekul allah cepet banget udah mo sekul ptm,usah perhatian dalang dekil allah cepet banget usah lo dekil ptm
674,sya ptm,ya ptm
675,anak usia paudsd pembelajaran online optimal resiko gagal memahami pelajaran berdampak jangka motivasi belajar mengadakan ptm terbatas,anak usia pudar berpelajaran life timpal resiko gagal memahami pelajaran tercampak jangka motivasi belajar meniadakan ptm terbatas
676,tua menolak kebijakan ptm terbatas takut anakanak terkena virus corona sekolah,tua menolak kebijakan ptm terbatas takut anakan terkenal murus borong sekolah
677,ptm terbatas banget eman kayak jam doang masuk pulang habis ngobrol temen terbatas banget mikirnya gitu emang udah kondusif situasinya,ptm terbatas banget seman kayak jam doang masuk pulang habis ngobrol teman terbatas banget dikira gitu memang usah koneksi solusinya
678,mikir gitu nderr sudut pandang beda mikir kalo tatap muka mapel ajarin gmpng masuk drpd online trus tua kdng mikir kalo online tu main hp trus kaga belajar,mikir gitu nder sundut pandang beda mikir kado tatap muka gatel biarin gang masuk drum life terus tua gang mikir kado life tua main php terus kada belajar
679,anak pjj ikutin kekep rumah tipe belajarnya kinestetik butuh interaksi beneran bergerak beneran siapkan ptm terbatas donk,anak pjj ikutan kenek rumah tipe sewajarnya estetik butuh interaksi beneran berkerak beneran suapan ptm terbatas dong
680,please kebijakan sekolah pertemuan tatap muka ditinjau ulanganak anaknya ketularan gejalanya ringan ringan aja anggota keluarga gimana,please kebijakan sekolah pertemuan tatap muka dipantau ulangan apanya ketularan gejalanya ringan ringan aja anggota keluarga wimana
681,beneran nanya sekolah persetujuan tua kalo tua gamau dipaksa tatap muka,beneran nanya sekolah persetujuan tua kado tua gamau dipaksa tatap muka
682,garagara ompunggung tangan jari telunjuk mengarah kanan omicron sekolah tatap muka banten maks hmm online in aja deh biar aman,gara-gara punggung tangan jari tunjuk mengarah kanan omicron sekolah tatap muka banten maksa rem life ini aja deh biar awan
683,maksa anak vaksin ancaman sekolah ptm dinas pendidikan anak vaksin sekolah pertemuan tatap muka,maksa anak vaksin ancaman sekolah ptm dina pendidik anak vaksin sekolah pertemuan tatap muka
684,silakan aja dilanjutkan tatap mukanya covidnya rendah mendukung sekolah tatap muka karna terbaik berhenti cepat penularannya,silakan aja dilanjutkan tatap gunanya covid rendah mendukung sekolah tatap muka karena terbaik berhenti cepat penjelasannya
685,hidup ikuti aturan instruksi tutup sekolah tatap muka rewel ayoo sekolah,hidup ikut aturan instruksi tutup sekolah tatap muka rewel ayo sekolah
686,omicron mengkhawatirkan sekolah tatap muka dievaluasi,omicron menghajatkan sekolah tatap muka dievaluasi
687,bertambah an sehari satupersatu anakanak temantemanku bersekolah tatap muka tertular menularkan keluarganya rumah maksa sekolah tatap muka sekolah online semester jelek,bertambah ana sehari bersatu anakan pemantapan bersekolah tatap muka tertular menugaskan keluarga rumah maksa sekolah tatap muka sekolah life semester jelek
688,sekolah pjj sekolah ku tatap muka,sekolah pjj sekolah kuy tatap muka
689,berharap banget sekolah tatap muka tinjau ulang protokol kayak namanya anak bahayain,berharap banget sekolah tatap muka tingau utang protokol kayak namanya anak bahaya
690,tolol sekolah tatap muka dianggap ironi ironi mempercayai halusinasi who,tolol sekolah tatap muka dangkap kroni kroni membencanai iluminasi why
691,takut bnget sekolah ak muridnya udah positif word belajar ptm trus gurunya kaya nutupin positif,takut inget sekolah fk muridnya usah positif word belajar ptm terus gunanya kaya butuhin positif
692,ku ngajar msh ptm jdi takut,kuy ngajak ish ptm adi takut
693,giliran kelas fadly ptm bapaknya ijin fadly ptm alhamdulillah fadly menerima vaksin dosis tenang deh udah vaksin,giliran kelas fadil ptm apanya ijin fadil ptm alhamdulillah fadil menerima vaksin dosis tenang deh usah vaksin
694,jujur takut bnget ptm besok,jujur takut inget ptm besok
695,ptm jatim provinsi kali indonesia uji coba ptm,ptm daim provokasi tali indonesia uji coba ptm
696,anjay ptm kalo meninggal,anjay ptm kado meninggal
697,ijin ptm sekolahku dicabut ak pjj,ijin ptm sekolah cabut fk pjj
698,gamau pjj gamau ptm maunya ptm aja,gamau pjj gamau ptm maunya ptm aja
699,kesel ptm besok,kesel ptm besok
700,mending pjj gasih kalo kaya gini kalo ptm masi was was,mending pjj asih kado kaya gini kado ptm nasi pas pas
701,dom serang ptm untungnya omongan pjj kl,dum serang ptm untung omongan pjj kzl
702,pjj ptm perasaan aja dah wkwkwkwk kaga ngurangin covidwajah netral stres,pjj ptm perasaan aja dah wkwkwk kada ngomongin covid netral stres
703,milih pjj disekitar sekolah bener kena juga anaknya gada tu namanya jaga jarak trus kmrn bru aja skolah kena jdi takut,milih pjj disakiti sekolah bener kena juga apanya gaada tua namanya jaga jarak terus keren baru aja sekolah kena adi takut
704,sekolah otomatis pintar dikhawatirkan anak tertular karna ptm menularkan keluarganya vaksin karna komorbid takut karna keluargamu vaksin hidup egois banget,sekolah otomatis pintar kekhawatiran anak tertular karena ptm menugaskan keluarga vaksin karena komisi takut karena keluarga vaksin hidup egois banget
705,takut bnget anjing ptm udh skolah pjj,takut inget anjing ptm ugh sekolah pjj
706,takuttt ptm kelas sakittttt wajah murungwajah murungwajah murungbesok takut sekolah,takut ptm kelas sakit wabah musyawarah musyawarah murung takut sekolah
707,murid sekolah kena omikron sekolah tetep berjalan ptm jujur takut banget,murid sekolah kena omicron sekolah tetap berjalan ptm jujur takut banget
708,bnget ptm takut,inget ptm takut
709,anak korban gurunya bicara kalau km vaksin brti tua ijin ptm km sekolah wajah terkejut sy sy ijin ptm vaksin sy ijin ptm wajib belajar sesuai uud negara lets see ja,anak korban gunanya bicara kalau kam vaksin erti tua ijin ptm kam sekolah wabah terkejar shy shy ijin ptm vaksin shy ijin ptm wajib belajar sesuai gue negara leta se ua
710,sekolah terpaksa membatalkan pembelajaran tatap muka ptm covid merebak biarkan urusan ptmpjj urusan pemdapemprov bkn urusan pemerintah pusat,sekolah terpaksa pembatalan berpelajaran tatap muka ptm covid merebak biarkan putusan ptmt putusan mendamprat buku putusan pemerintah pusat
711,tatap muka pjj kalo pjj daerah sekolah covid kakak adek adek pjj temennya kena sekolah ptm stay safe,tatap muka pjj kado pjj darah sekolah covid kakas adek adek pjj temennya kena sekolah ptm say kafe
712,anak sekolah sekolah tatap muka biar covid rumah asyik main game aja nga cerdas tunas bangsa,anak sekolah sekolah tatap muka biar covid rumah asik main game aja inga cerdas tunas bangga
713,seneng bangettt karna sekolah udah tatap muka berguna akuu gurunya ngejelasin materi langsung kayak belajar online nyomot vidio materi youtube,seneng bangett karena sekolah usah tatap muka berguna aku gunanya ngeselin materi langsung kayak belajar life comot bidik materi tutup
714,angka sekolah belajar tatap muka sungguh bijak pengambilan keputasan mempertimbangkan situasi terkini hrs tunggu meningkat parah ambil kptusan tpat,sangka sekolah belajar tatap muka nunggu bijak pengamitan keputusan mempertimbangkan ilusi terkini ira tunggu menongkat parah ambil putusan tepat
715,ptm menurutku efisien sekelas sma aja ngelanggar prokes kaya jaga jarak anak smp sd so pjj here we go again,ptm menurut efisien sekolah sma aja melanggar prokes kaya jaga jarak anak smp sd lo pjj pere se ego angan
716,moots nakutnakutin omicron emang cuepet nyebarnya salah teman fb anaknya sdsmp full ptm sekolah anaknya sakit sekolah kelas anak keisi sakit tenggorokan,modus ketakutan omicron memang cepet penyebabnya salah teman fk apanya smp full ptm sekolah apanya sakit sekolah kelas anak kesi sakit menggelikan
717,bocah sd kasih ijin ptm wlo bbrp tmn menyayangkan sekolah cm bentar kasian dr msk sd ptm alasan bocah vaksin msh suka lengah prokesnya,boleh sd kasih ijin ptm lo baru tun menayangkan sekolah rem bentar kasian dr asik sd ptm alasan boleh vaksin ish suka lengah pokonya
718,prof emang aman pembukaan ptm menunggu indonesia vaksinasi penduduk dikecilkan pulau jawa penduduknya vaksinasi sekolah bahaya ptm ditunda,prosa memang awan pemudaan ptm menunggu indonesia vaksin pendidik dikiran pulas jawa pendukung vaksin sekolah bahaya ptm itunya
719,semangat ptmnmun ptm karna kebijakan ppkm,semangat pumpun ptm karena kebijakan poko
720,mengadakan ptm ijin terkait bentuk perlawanan pandemi hoax pengelola sekolahan swasta didikte brengsek terkait pandemi hoax tolak bentuk tes pcr swab murid,meniadakan ptm ijin terkait bentuk perlawanan pandemi hoax mengekol sekolah swasta didik brengsek terkait pandemi hoax tolak bentuk tes pcr swab murid
721,hasil dr sekolah ptm alasan menjalankan instruksi walikota bukti peningkatan cluster sekolah ptm trus kalau uda gini ptm mosok kudu tag twiter sekolah,hasil dr sekolah ptm alasan menjahatkan instruksi warita bukti pengangkatan blaster sekolah ptm terus kalau upa gini ptm momok kuyu tak santer sekolah
722,sebenernya takut ptm gini jujur ngga pjj anjir gila kalo pjj mending aja,sebenernya takut ptm gini jujur nggak pjj anjir gila kado pjj mending aja
723,iya sihsy ngijinin anak vaksin mbak karna anak dr rawat rssy ambil resiko tau besok ptm,iya sisa giniin anak vaksin muak karena anak dr rawat shy ambil resiko tau besok ptm
724,please pjj please pengen ngehabisin tersisa sblm lulus kangen banget tolong pjj tolong bnget udah bagus ptm cepet paham sm materi semoga ngga pjj lagi aamiin,please pjj please pengen penghabisan tersiksa silu lulus kangen banget tolong pjj tolong inget usah bagus ptm cepet paham smp materi semoga nggak pjj lagi aamiin
725,aman ptmt buanyak ngga maskeran ventilasi buruk dll lha maksa,awan ptmt banyak nggak maherat sentilan buruk dol ira maksa
726,menunda ptm terbatas pny efek buruk siswa lha tetanggaku pny anak maeeeen mulu kerjaannya ortunya juga sibuk krj ngga bs nyalahin ptm terbatas hrs prokes jalan pokoknya,meminda ptm terbatas ana efek buruk siswa ira tenggak ana anak mereken mulu kerjaan ortunya juga sibuk krg nggak es nyalahin ptm terbatas ira prokes jalan pokoknya
727,tatap muka menanamkan sifat parno anak negthink sekolah rentan terkena penyakit silahkan aja betah anak sekolah daring efisien,tatap muka memanaskan sikat parno anak begini sekolah rentan terkenal penyakit silahkan aja beta anak sekolah daring efisien
728,sekolah gua udah kena covid sekolah tetap kekeuh ptmt kalo udah libur nunggu tumbal gimana sekolah bayar biaya perawatannya kah kalo kena ngegantiin nyawa kalo sampe,sekolah gua usah kena covid sekolah tetap kukuh ptmt kado usah libur nunggu timbal wimana sekolah bayar biaya persyaratannya dah kado kena ngertiin nyawa kado sampul
729,sekolah ptmt lagii jujur seru sekolah online jelass catatan enak liat guru mudah dinilai ulangan abama huhu,sekolah ptmt lagi jujur seru sekolah life jelas cacatan enak liat guru mudah nilai ulangan agama hulu
730,ptmt berat sihh,ptmt berat sihh
731,anakanak excited ptmt anak males tugas semalam tugas malam gurunya menyebar isyu cluster insya allah prokes ketat melindungi,anakan excited ptmt anak males tugas semayam tugas malam gunanya menyelar isu blaster inayat allah prokes ketat melintangi
732,mengijinkan anak mengikuti ptmt daring dilaksanakan vaksinasi dosis siswa tenaga pengajar dilaksanakan ptmt vaksinasi siswa guru,mengizinkan anak mengikuti ptmt daring melaksanakan vaksin dosis siswa tenaga pengajar melaksanakan ptmt vaksin siswa guru
733,menurunkanmelepas masker pelajaran siswa guru jujur terbuka keluarganya sakit mending rumah oh sekolah anak melaksanakan blended learning anak ptmt pilih pjj,menurunkan master pelajaran siswa guru jujur terbuka keluarga sakit mending rumah ok sekolah anak melaksanakan bendel daring anak ptmt pilih pjj
734,anak tk ptmt momen berkesan karna berinteraksi langsung teman guru,anak tk ptmt losmen berkenan karena interaksi langsung teman guru
735,kemaren ptmt seminggu seminggu anak tetap milih online jemput relatif landai anak th vaksin lebay abai,kemarin ptmt seminggu seminggu anak tetap milih life jeput kelati pandai anak ta vaksin lebay abai
736,pd rapat ortupihak sekolah terkait ptmt website sekolah sptinya kl via daring anak lbih susah brkonsentrasi bu bgmn carany dpt belajar trmenung dpt djawab tua kenal anak tuhyasudahla,kpd rapat pihak sekolah terkait ptmt lesit sekolah hatinya kzl dia daring anak lebih susah berkonspirasi ibu pgen larang api belajar tertenung api jawab tua kenal anak tunasusila
737,anak kemarin udah masuk izin ptmt ngeri gurunya udah vaksin muridnya vaksin,anak kemarin usah masuk izin ptmt ngeri gunanya usah vaksin muridnya vaksin
738,mendukung ptmt sekolah anak pjj tukaran haha,mendukung ptmt sekolah anak pjj takaran hawa
739,jujur ptmt,jujur ptmt
740,udah sekolah hati mungielku bertemu matematika ipa ptmt,usah sekolah hati mungil bertemu matematika ira ptmt
